Date,Invoice ID,Product Name,Category,Quantity,Unit Price,Total Sales,Payment Method,Branch,Customer Type
2024-10-29 22:00:00,INV1000,Notebook,Books,1,-88,-88,UPI,City Center,New
2024-02-05 20:00:00,INV1001,Headphones,Electronics,1,1646,1646,Cash,Riverside,New
2024-08-12 14:00:00,INV1002,Laptop,Electronics,1,59911,59911,Card,City Center,New
2024-08-04 07:00:00,INV1003,Pen Set,Books,5,64,320,Card,Riverside,Returning
2024-08-26 22:00:00,INV1004,Laptop,Electronics,2,60157,120314,Online Gateway,Riverside,Returning
2024-09-18 01:00:00,INV1005,Headphones,Electronics,2,1690,3380,UPI,City Center,New
2024-01-20 10:00:00,INV1006,Washing Machine,Home Appliances,1,14983,14983,UPI,Riverside,New
2024-07-03 10:00:00,INV1007,Pen Set,Books,4,124,496,Cash,Riverside,New
2024-08-20 10:00:00,INV1008,Mixer Grinder,Home Appliances,3,3621,10863,UPI,City Center,New
2024-12-12 18:00:00,INV1009,Laptop,Electronics,2,60195,120390,UPI,City Center,New
2024-03-11 05:00:00,INV1010,Smartphone,Electronics,4,19942,79768,Online Gateway,Riverside,New
2024-02-02 01:00:00,INV1011,Jeans,Fashion,3,1707,5121,UPI,City Center,New
2024-10-16 13:00:00,INV1012,Mixer Grinder,Home Appliances,2,3383,6766,Online Gateway,Riverside,Returning
2024-04-11 09:00:00,INV1013,Notebook,Books,5,12,60,UPI,City Center,New
2024-08-09 07:00:00,INV1014,Laptop,Electronics,3,60005,180015,UPI,City Center,New
2024-07-29 11:00:00,INV1015,Novel,Books,3,408,1224,Online Gateway,Riverside,Returning
2024-09-24 12:00:00,INV1016,Headphones,Electronics,3,1371,4113,Card,Riverside,Returning
2024-02-19 08:00:00,INV1017,Novel,Books,4,485,1940,Card,City Center,Returning
2024-07-08 19:00:00,INV1018,Smartphone,Electronics,1,19856,19856,Card,City Center,Returning
2024-05-21 01:00:00,INV1019,Novel,Books,1,497,497,Online Gateway,Riverside,Returning
2024-09-23 12:00:00,INV1020,Mixer Grinder,Home Appliances,1,3648,3648,Cash,Riverside,Returning
2024-12-27 02:00:00,INV1021,Smartphone,Electronics,3,20022,60066,Card,Riverside,New
2024-04-16 14:00:00,INV1022,Pen Set,Books,3,106,318,Card,City Center,Returning
2024-11-23 01:00:00,INV1023,Notebook,Books,5,211,1055,Card,City Center,Returning
2024-03-26 07:00:00,INV1024,Headphones,Electronics,5,1698,8490,Cash,Riverside,Returning
2024-04-24 11:00:00,INV1025,Laptop,Electronics,1,59985,59985,UPI,City Center,New
2024-01-08 21:00:00,INV1026,Shoes,Fashion,5,2340,11700,Cash,Riverside,New
2024-04-23 22:00:00,INV1027,Mixer Grinder,Home Appliances,2,3365,6730,Online Gateway,City Center,Returning
2024-05-05 05:00:00,INV1028,Mixer Grinder,Home Appliances,5,3516,17580,Card,City Center,Returning
2024-07-13 02:00:00,INV1029,Washing Machine,Home Appliances,3,15024,45072,Online Gateway,City Center,New
2024-03-20 03:00:00,INV1030,Shoes,Fashion,1,2473,2473,Cash,City Center,New
2024-11-18 06:00:00,INV1031,Laptop,Electronics,1,60162,60162,Cash,City Center,New
2024-02-22 19:00:00,INV1032,Laptop,Electronics,3,59836,179508,Card,Riverside,Returning
2024-03-04 16:00:00,INV1033,Shoes,Fashion,5,2367,11835,Online Gateway,City Center,Returning
2024-05-28 04:00:00,INV1034,Washing Machine,Home Appliances,2,14848,29696,Cash,Riverside,Returning
2024-06-11 02:00:00,INV1035,Washing Machine,Home Appliances,4,15039,60156,Cash,City Center,New
2024-08-12 17:00:00,INV1036,Washing Machine,Home Appliances,3,14855,44565,Card,City Center,New
2024-12-17 09:00:00,INV1037,Mixer Grinder,Home Appliances,4,3371,13484,Online Gateway,City Center,Returning
2024-11-09 01:00:00,INV1038,Microwave,Home Appliances,2,6838,13676,Online Gateway,City Center,New
2024-04-18 20:00:00,INV1039,Notebook,Books,5,-93,-465,Cash,City Center,New
2024-10-20 09:00:00,INV1040,Washing Machine,Home Appliances,4,15046,60184,Card,Riverside,New
2024-09-16 19:00:00,INV1041,Headphones,Electronics,4,1301,5204,Online Gateway,Riverside,Returning
2024-08-16 14:00:00,INV1042,T-shirt,Fashion,4,956,3824,Online Gateway,City Center,New
2024-10-22 19:00:00,INV1043,T-shirt,Fashion,2,629,1258,Cash,Riverside,New
2024-02-02 07:00:00,INV1044,Laptop,Electronics,5,60044,300220,Card,City Center,New
2024-12-08 18:00:00,INV1045,Headphones,Electronics,1,1604,1604,Cash,City Center,Returning
2024-05-11 08:00:00,INV1046,Smartphone,Electronics,5,19926,99630,Cash,City Center,Returning
2024-03-07 01:00:00,INV1047,Notebook,Books,5,189,945,UPI,Riverside,New
2024-06-13 07:00:00,INV1048,Notebook,Books,3,22,66,UPI,Riverside,New
2024-11-10 19:00:00,INV1049,Notebook,Books,3,134,402,UPI,City Center,New
2024-05-08 01:00:00,INV1050,Microwave,Home Appliances,5,7088,35440,Cash,City Center,New
2024-02-12 13:00:00,INV1051,Mixer Grinder,Home Appliances,3,3367,10101,UPI,City Center,New
2024-06-09 03:00:00,INV1052,Jeans,Fashion,3,1680,5040,Online Gateway,Riverside,New
2024-11-28 21:00:00,INV1053,Notebook,Books,5,53,265,Cash,City Center,Returning
2024-10-13 09:00:00,INV1054,Smartphone,Electronics,1,20180,20180,Card,Riverside,Returning
2024-08-24 11:00:00,INV1055,Novel,Books,2,667,1334,UPI,City Center,Returning
2024-01-07 17:00:00,INV1056,Mixer Grinder,Home Appliances,4,3428,13712,Cash,City Center,Returning
2024-06-28 01:00:00,INV1057,T-shirt,Fashion,1,601,601,UPI,City Center,Returning
2024-02-11 11:00:00,INV1058,Headphones,Electronics,4,1582,6328,Online Gateway,City Center,New
2024-11-13 21:00:00,INV1059,Smartphone,Electronics,2,20079,40158,Cash,Riverside,New
2024-02-12 08:00:00,INV1060,Washing Machine,Home Appliances,2,14821,29642,UPI,Riverside,New
2024-11-23 21:00:00,INV1061,Jeans,Fashion,2,1949,3898,Card,City Center,Returning
2024-09-25 07:00:00,INV1062,Mixer Grinder,Home Appliances,4,3617,14468,Card,City Center,New
2024-11-24 20:00:00,INV1063,Headphones,Electronics,4,1312,5248,Card,Riverside,Returning
2024-10-12 23:00:00,INV1064,Notebook,Books,2,36,72,Card,City Center,Returning
2024-11-25 20:00:00,INV1065,Laptop,Electronics,4,59913,239652,Card,Riverside,Returning
2024-12-21 09:00:00,INV1066,T-shirt,Fashion,2,714,1428,Cash,City Center,Returning
2024-02-06 14:00:00,INV1067,Jeans,Fashion,3,1635,4905,UPI,Riverside,Returning
2024-07-22 15:00:00,INV1068,Notebook,Books,5,69,345,Cash,City Center,Returning
2024-07-21 11:00:00,INV1069,Headphones,Electronics,5,1435,7175,Cash,City Center,Returning
2024-09-20 19:00:00,INV1070,Jeans,Fashion,3,1823,5469,Cash,Riverside,New
2024-12-23 03:00:00,INV1071,T-shirt,Fashion,1,962,962,Online Gateway,City Center,New
2024-12-27 20:00:00,INV1072,Jeans,Fashion,4,1635,6540,UPI,Riverside,New
2024-10-27 08:00:00,INV1073,Pen Set,Books,3,109,327,UPI,Riverside,Returning
2024-08-07 20:00:00,INV1074,Washing Machine,Home Appliances,3,15083,45249,Card,City Center,Returning
2024-03-26 22:00:00,INV1075,Notebook,Books,4,246,984,Card,Riverside,Returning
2024-01-03 16:00:00,INV1076,Mixer Grinder,Home Appliances,1,3455,3455,UPI,City Center,Returning
2024-11-29 14:00:00,INV1077,Novel,Books,5,635,3175,UPI,Riverside,Returning
2024-04-17 00:00:00,INV1078,Microwave,Home Appliances,2,7061,14122,Online Gateway,City Center,New
2024-08-15 15:00:00,INV1079,T-shirt,Fashion,5,939,4695,UPI,City Center,New
2024-03-25 11:00:00,INV1080,Notebook,Books,3,15,45,Card,City Center,New
2024-04-22 07:00:00,INV1081,Laptop,Electronics,2,60043,120086,Cash,Riverside,Returning
2024-08-07 02:00:00,INV1082,Notebook,Books,5,-1,-5,Online Gateway,Riverside,Returning
2024-08-22 02:00:00,INV1083,Shoes,Fashion,2,2635,5270,Cash,City Center,Returning
2024-10-07 16:00:00,INV1084,Shoes,Fashion,2,2656,5312,Online Gateway,City Center,New
2024-01-17 07:00:00,INV1085,Smartphone,Electronics,4,19868,79472,Online Gateway,Riverside,Returning
2024-09-02 12:00:00,INV1086,Novel,Books,5,518,2590,Online Gateway,City Center,Returning
2024-05-28 09:00:00,INV1087,Microwave,Home Appliances,3,7184,21552,Card,Riverside,Returning
2024-09-14 16:00:00,INV1088,Notebook,Books,2,40,80,Online Gateway,City Center,Returning
2024-05-09 03:00:00,INV1089,Shoes,Fashion,3,2471,7413,UPI,City Center,New
2024-09-18 14:00:00,INV1090,Headphones,Electronics,2,1496,2992,Card,City Center,New
2024-12-15 16:00:00,INV1091,Washing Machine,Home Appliances,4,14969,59876,Online Gateway,Riverside,New
2024-05-09 08:00:00,INV1092,Shoes,Fashion,4,2499,9996,Cash,Riverside,Returning
2024-10-27 15:00:00,INV1093,Laptop,Electronics,3,59952,179856,Online Gateway,Riverside,New
2024-04-12 06:00:00,INV1094,Microwave,Home Appliances,2,6939,13878,Online Gateway,Riverside,New
2024-04-23 19:00:00,INV1095,Washing Machine,Home Appliances,3,15142,45426,Online Gateway,City Center,Returning
2024-12-05 18:00:00,INV1096,Headphones,Electronics,5,1573,7865,Cash,Riverside,New
2024-07-29 16:00:00,INV1097,Smartphone,Electronics,4,19869,79476,Online Gateway,City Center,New
2024-12-03 22:00:00,INV1098,T-shirt,Fashion,4,767,3068,Card,Riverside,Returning
2024-06-09 00:00:00,INV1099,Jeans,Fashion,4,1742,6968,Online Gateway,Riverside,New
2024-02-12 20:00:00,INV1100,Microwave,Home Appliances,1,7183,7183,Cash,Riverside,New
2024-11-03 17:00:00,INV1101,Notebook,Books,1,299,299,Cash,City Center,New
2024-01-21 22:00:00,INV1102,Shoes,Fashion,1,2618,2618,Card,City Center,New
2024-10-14 22:00:00,INV1103,Microwave,Home Appliances,1,7088,7088,Card,Riverside,Returning
2024-10-16 02:00:00,INV1104,Jeans,Fashion,2,1910,3820,Cash,City Center,Returning
2024-07-06 00:00:00,INV1105,Smartphone,Electronics,5,19813,99065,UPI,Riverside,Returning
2024-01-09 14:00:00,INV1106,Pen Set,Books,2,-112,-224,Card,City Center,Returning
2024-08-01 22:00:00,INV1107,Notebook,Books,5,-39,-195,Cash,Riverside,Returning
2024-09-06 01:00:00,INV1108,Notebook,Books,3,-65,-195,UPI,City Center,Returning
2024-11-17 17:00:00,INV1109,Microwave,Home Appliances,1,7021,7021,UPI,Riverside,New
2024-10-20 03:00:00,INV1110,Washing Machine,Home Appliances,2,15175,30350,UPI,Riverside,Returning
2024-03-02 20:00:00,INV1111,Washing Machine,Home Appliances,5,14937,74685,UPI,City Center,New
2024-11-23 10:00:00,INV1112,T-shirt,Fashion,4,724,2896,Online Gateway,Riverside,Returning
2024-02-05 23:00:00,INV1113,Laptop,Electronics,4,59966,239864,Card,Riverside,New
2024-04-26 06:00:00,INV1114,Jeans,Fashion,3,1774,5322,UPI,Riverside,New
2024-11-04 16:00:00,INV1115,Mixer Grinder,Home Appliances,2,3343,6686,Card,Riverside,Returning
2024-12-30 19:00:00,INV1116,Mixer Grinder,Home Appliances,2,3653,7306,Online Gateway,Riverside,Returning
2024-08-01 04:00:00,INV1117,Laptop,Electronics,1,59950,59950,Card,Riverside,New
2024-09-07 19:00:00,INV1118,T-shirt,Fashion,5,788,3940,Online Gateway,Riverside,Returning
2024-03-14 05:00:00,INV1119,Pen Set,Books,5,19,95,UPI,Riverside,Returning
2024-11-11 14:00:00,INV1120,T-shirt,Fashion,3,718,2154,Cash,City Center,Returning
2024-09-22 14:00:00,INV1121,Smartphone,Electronics,5,20190,100950,Card,City Center,New
2024-10-14 04:00:00,INV1122,Pen Set,Books,4,-9,-36,UPI,City Center,New
2024-03-10 22:00:00,INV1123,T-shirt,Fashion,2,784,1568,Card,Riverside,New
2024-05-15 02:00:00,INV1124,Pen Set,Books,5,-86,-430,UPI,City Center,New
2024-07-12 04:00:00,INV1125,Mixer Grinder,Home Appliances,3,3657,10971,Card,Riverside,New
2024-02-14 03:00:00,INV1126,Laptop,Electronics,5,59945,299725,Online Gateway,Riverside,Returning
2024-10-04 20:00:00,INV1127,Jeans,Fashion,2,1626,3252,UPI,Riverside,New
2024-05-11 13:00:00,INV1128,Smartphone,Electronics,4,20051,80204,Cash,City Center,New
2024-09-03 11:00:00,INV1129,Headphones,Electronics,5,1455,7275,Cash,City Center,New
2024-04-22 05:00:00,INV1130,Mixer Grinder,Home Appliances,4,3610,14440,Card,Riverside,Returning
2024-05-31 03:00:00,INV1131,Microwave,Home Appliances,3,7101,21303,Online Gateway,Riverside,New
2024-08-15 02:00:00,INV1132,Novel,Books,1,690,690,Card,City Center,Returning
2024-03-10 07:00:00,INV1133,Notebook,Books,1,-20,-20,Card,City Center,New
2024-08-21 00:00:00,INV1134,Headphones,Electronics,1,1509,1509,Online Gateway,Riverside,Returning
2024-11-04 00:00:00,INV1135,Laptop,Electronics,2,59947,119894,UPI,Riverside,New
2024-02-24 10:00:00,INV1136,Notebook,Books,2,35,70,Card,Riverside,New
2024-10-09 08:00:00,INV1137,Mixer Grinder,Home Appliances,2,3631,7262,Card,Riverside,New
2024-09-01 08:00:00,INV1138,Smartphone,Electronics,1,19884,19884,UPI,Riverside,Returning
2024-11-09 14:00:00,INV1139,Smartphone,Electronics,4,20152,80608,UPI,Riverside,Returning
2024-08-20 07:00:00,INV1140,Mixer Grinder,Home Appliances,5,3552,17760,Online Gateway,City Center,New
2024-08-18 10:00:00,INV1141,Washing Machine,Home Appliances,3,15109,45327,UPI,City Center,New
2024-07-02 21:00:00,INV1142,Shoes,Fashion,5,2600,13000,Cash,Riverside,New
2024-06-05 04:00:00,INV1143,Headphones,Electronics,4,1565,6260,Online Gateway,Riverside,New
2024-01-28 15:00:00,INV1144,Novel,Books,4,625,2500,Online Gateway,City Center,Returning
2024-03-24 06:00:00,INV1145,Jeans,Fashion,4,1770,7080,UPI,City Center,New
2024-11-29 02:00:00,INV1146,Jeans,Fashion,4,1955,7820,Online Gateway,Riverside,Returning
2024-03-03 07:00:00,INV1147,Mixer Grinder,Home Appliances,1,3532,3532,Cash,Riverside,Returning
2024-05-17 16:00:00,INV1148,Jeans,Fashion,1,1995,1995,Online Gateway,City Center,Returning
2024-06-05 19:00:00,INV1149,Washing Machine,Home Appliances,1,14896,14896,UPI,Riverside,Returning
2024-08-06 00:00:00,INV1150,Laptop,Electronics,2,59936,119872,Card,Riverside,Returning
2024-03-18 05:00:00,INV1151,Pen Set,Books,4,-88,-352,Cash,City Center,New
2024-10-01 09:00:00,INV1152,T-shirt,Fashion,5,607,3035,Online Gateway,City Center,New
2024-02-23 19:00:00,INV1153,Smartphone,Electronics,4,19860,79440,Card,Riverside,Returning
2024-05-29 05:00:00,INV1154,Mixer Grinder,Home Appliances,3,3512,10536,Online Gateway,Riverside,New
2024-11-10 18:00:00,INV1155,Microwave,Home Appliances,5,6874,34370,Online Gateway,City Center,New
2024-10-30 08:00:00,INV1156,Smartphone,Electronics,3,20195,60585,Online Gateway,Riverside,Returning
2024-03-09 04:00:00,INV1157,Laptop,Electronics,3,60171,180513,UPI,Riverside,New
2024-06-03 00:00:00,INV1158,Microwave,Home Appliances,5,7047,35235,UPI,Riverside,Returning
2024-01-30 02:00:00,INV1159,Microwave,Home Appliances,3,6896,20688,Card,Riverside,New
2024-07-16 09:00:00,INV1160,Washing Machine,Home Appliances,1,14962,14962,Online Gateway,Riverside,Returning
2024-02-05 14:00:00,INV1161,Notebook,Books,2,153,306,Cash,City Center,Returning
2024-12-06 04:00:00,INV1162,Smartphone,Electronics,4,19851,79404,Online Gateway,City Center,New
2024-08-31 23:00:00,INV1163,Washing Machine,Home Appliances,2,14838,29676,Online Gateway,Riverside,Returning
2024-11-04 00:00:00,INV1164,Novel,Books,4,632,2528,Cash,Riverside,Returning
2024-09-29 00:00:00,INV1165,Jeans,Fashion,4,1877,7508,Cash,City Center,New
2024-08-06 17:00:00,INV1166,Notebook,Books,3,16,48,Cash,Riverside,New
2024-08-03 12:00:00,INV1167,Notebook,Books,1,127,127,Card,Riverside,New
2024-03-12 03:00:00,INV1168,Laptop,Electronics,3,59828,179484,UPI,Riverside,Returning
2024-08-29 07:00:00,INV1169,Washing Machine,Home Appliances,2,14925,29850,Online Gateway,City Center,New
2024-08-18 15:00:00,INV1170,Headphones,Electronics,1,1612,1612,Online Gateway,City Center,Returning
2024-07-24 11:00:00,INV1171,Novel,Books,2,418,836,Online Gateway,Riverside,Returning
2024-05-26 06:00:00,INV1172,T-shirt,Fashion,1,838,838,UPI,City Center,New
2024-01-09 10:00:00,INV1173,Microwave,Home Appliances,3,7100,21300,UPI,Riverside,Returning
2024-06-24 18:00:00,INV1174,Microwave,Home Appliances,3,6901,20703,Online Gateway,Riverside,New
2024-07-01 21:00:00,INV1175,Shoes,Fashion,4,2592,10368,UPI,Riverside,Returning
2024-04-06 23:00:00,INV1176,Laptop,Electronics,4,59940,239760,Cash,City Center,Returning
2024-11-29 12:00:00,INV1177,T-shirt,Fashion,2,910,1820,UPI,City Center,New
2024-05-02 03:00:00,INV1178,Novel,Books,3,647,1941,Card,City Center,New
2024-11-20 01:00:00,INV1179,T-shirt,Fashion,4,617,2468,UPI,City Center,New
2024-01-09 05:00:00,INV1180,T-shirt,Fashion,3,982,2946,Online Gateway,City Center,New
2024-10-23 21:00:00,INV1181,Headphones,Electronics,5,1487,7435,UPI,City Center,Returning
2024-03-21 10:00:00,INV1182,Microwave,Home Appliances,3,7182,21546,UPI,City Center,Returning
2024-09-18 23:00:00,INV1183,Smartphone,Electronics,2,20186,40372,Card,Riverside,Returning
2024-06-27 10:00:00,INV1184,Smartphone,Electronics,4,19807,79228,UPI,City Center,Returning
2024-04-14 15:00:00,INV1185,Jeans,Fashion,3,1899,5697,Online Gateway,Riverside,New
2024-01-28 11:00:00,INV1186,Notebook,Books,2,141,282,Cash,Riverside,New
2024-04-27 03:00:00,INV1187,Notebook,Books,1,225,225,Online Gateway,Riverside,Returning
2024-10-22 18:00:00,INV1188,Smartphone,Electronics,2,19823,39646,Cash,Riverside,Returning
2024-09-29 18:00:00,INV1189,Smartphone,Electronics,1,19920,19920,Card,Riverside,Returning
2024-03-23 18:00:00,INV1190,Jeans,Fashion,5,1814,9070,Card,Riverside,New
2024-12-13 10:00:00,INV1191,Microwave,Home Appliances,5,7008,35040,UPI,City Center,Returning
2024-05-01 07:00:00,INV1192,Shoes,Fashion,4,2527,10108,Card,Riverside,New
2024-03-13 06:00:00,INV1193,Notebook,Books,3,178,534,UPI,City Center,Returning
2024-03-17 19:00:00,INV1194,T-shirt,Fashion,2,662,1324,Online Gateway,City Center,New
2024-12-27 16:00:00,INV1195,Notebook,Books,5,-90,-450,Cash,Riverside,New
2024-05-04 00:00:00,INV1196,Headphones,Electronics,5,1405,7025,Cash,City Center,New
2024-03-22 15:00:00,INV1197,Shoes,Fashion,3,2696,8088,Card,City Center,Returning
2024-08-27 23:00:00,INV1198,Headphones,Electronics,2,1576,3152,UPI,City Center,New
2024-10-05 22:00:00,INV1199,Notebook,Books,1,-33,-33,Cash,Riverside,New
2024-04-09 09:00:00,INV1200,Novel,Books,3,308,924,Card,Riverside,New
2024-07-16 08:00:00,INV1201,Headphones,Electronics,4,1569,6276,Cash,City Center,Returning
2024-03-16 02:00:00,INV1202,Microwave,Home Appliances,3,7062,21186,Cash,Riverside,New
2024-12-05 19:00:00,INV1203,Novel,Books,1,672,672,UPI,Riverside,New
2024-12-04 08:00:00,INV1204,Laptop,Electronics,4,60005,240020,Online Gateway,City Center,Returning
2024-10-02 16:00:00,INV1205,Pen Set,Books,4,-113,-452,Cash,Riverside,New
2024-08-18 14:00:00,INV1206,Smartphone,Electronics,2,19940,39880,UPI,Riverside,Returning
2024-06-18 05:00:00,INV1207,Microwave,Home Appliances,5,7109,35545,Online Gateway,City Center,New
2024-01-11 22:00:00,INV1208,Notebook,Books,5,269,1345,Card,Riverside,Returning
2024-09-18 23:00:00,INV1209,Shoes,Fashion,4,2473,9892,Online Gateway,Riverside,Returning
2024-03-26 09:00:00,INV1210,Pen Set,Books,1,10,10,Online Gateway,Riverside,Returning
2024-08-13 23:00:00,INV1211,Jeans,Fashion,2,1951,3902,Online Gateway,City Center,New
2024-07-08 12:00:00,INV1212,Smartphone,Electronics,1,20021,20021,Cash,Riverside,New
2024-05-09 12:00:00,INV1213,Mixer Grinder,Home Appliances,1,3600,3600,UPI,City Center,Returning
2024-10-25 06:00:00,INV1214,Jeans,Fashion,4,1969,7876,Cash,Riverside,Returning
2024-11-04 08:00:00,INV1215,Jeans,Fashion,1,1895,1895,Card,City Center,Returning
2024-05-12 02:00:00,INV1216,Shoes,Fashion,1,2479,2479,UPI,City Center,Returning
2024-04-03 23:00:00,INV1217,Novel,Books,2,519,1038,Cash,Riverside,New
2024-02-18 02:00:00,INV1218,Headphones,Electronics,3,1659,4977,UPI,Riverside,Returning
2024-07-06 11:00:00,INV1219,Laptop,Electronics,2,59873,119746,Online Gateway,City Center,New
2024-09-19 07:00:00,INV1220,Pen Set,Books,1,-104,-104,Card,Riverside,Returning
2024-09-15 05:00:00,INV1221,Microwave,Home Appliances,3,6880,20640,UPI,Riverside,Returning
2024-03-09 16:00:00,INV1222,Novel,Books,5,343,1715,Cash,City Center,New
2024-08-18 19:00:00,INV1223,Novel,Books,1,645,645,Cash,Riverside,Returning
2024-06-23 23:00:00,INV1224,Notebook,Books,4,148,592,Online Gateway,Riverside,Returning
2024-12-17 21:00:00,INV1225,Shoes,Fashion,5,2358,11790,UPI,Riverside,New
2024-04-16 13:00:00,INV1226,T-shirt,Fashion,5,849,4245,UPI,City Center,New
2024-08-21 00:00:00,INV1227,Washing Machine,Home Appliances,5,14828,74140,Cash,City Center,Returning
2024-01-05 02:00:00,INV1228,Shoes,Fashion,2,2691,5382,UPI,Riverside,Returning
2024-04-01 16:00:00,INV1229,Smartphone,Electronics,1,20054,20054,Online Gateway,City Center,New
2024-05-03 09:00:00,INV1230,Washing Machine,Home Appliances,5,15160,75800,Card,Riverside,New
2024-07-26 05:00:00,INV1231,Washing Machine,Home Appliances,1,15023,15023,Cash,Riverside,New
2024-07-03 17:00:00,INV1232,Jeans,Fashion,5,1819,9095,Online Gateway,Riverside,Returning
2024-04-29 13:00:00,INV1233,Smartphone,Electronics,4,19810,79240,UPI,City Center,Returning
2024-02-09 20:00:00,INV1234,Pen Set,Books,3,-105,-315,Online Gateway,City Center,New
2024-12-14 00:00:00,INV1235,Washing Machine,Home Appliances,5,15005,75025,Cash,Riverside,Returning
2024-08-25 11:00:00,INV1236,Pen Set,Books,3,-37,-111,UPI,City Center,New
2024-10-16 08:00:00,INV1237,Mixer Grinder,Home Appliances,1,3571,3571,Card,Riverside,Returning
2024-07-06 05:00:00,INV1238,Pen Set,Books,2,-30,-60,Cash,City Center,Returning
2024-07-23 15:00:00,INV1239,Shoes,Fashion,2,2608,5216,Card,City Center,New
2024-06-15 03:00:00,INV1240,Notebook,Books,4,137,548,Online Gateway,Riverside,Returning
2024-09-07 15:00:00,INV1241,Headphones,Electronics,4,1334,5336,Online Gateway,Riverside,Returning
2024-02-20 18:00:00,INV1242,T-shirt,Fashion,5,628,3140,UPI,City Center,Returning
2024-07-06 08:00:00,INV1243,Microwave,Home Appliances,4,6819,27276,Cash,Riverside,Returning
2024-07-16 07:00:00,INV1244,Smartphone,Electronics,1,20114,20114,Online Gateway,Riverside,New
2024-07-08 19:00:00,INV1245,Microwave,Home Appliances,5,7133,35665,Card,Riverside,Returning
2024-12-01 10:00:00,INV1246,Mixer Grinder,Home Appliances,2,3331,6662,Online Gateway,City Center,Returning
2024-05-23 14:00:00,INV1247,Pen Set,Books,1,108,108,Card,City Center,New
2024-02-13 13:00:00,INV1248,Pen Set,Books,4,74,296,Card,Riverside,Returning
2024-10-14 05:00:00,INV1249,T-shirt,Fashion,4,809,3236,UPI,City Center,Returning
2024-03-11 13:00:00,INV1250,Smartphone,Electronics,3,19848,59544,Online Gateway,Riverside,Returning
2024-05-23 04:00:00,INV1251,Pen Set,Books,5,-74,-370,UPI,City Center,New
2024-12-30 18:00:00,INV1252,Jeans,Fashion,3,1935,5805,Online Gateway,City Center,New
2024-09-02 15:00:00,INV1253,T-shirt,Fashion,5,792,3960,UPI,City Center,New
2024-05-19 18:00:00,INV1254,Notebook,Books,4,160,640,UPI,City Center,Returning
2024-01-10 09:00:00,INV1255,T-shirt,Fashion,2,709,1418,UPI,Riverside,New
2024-07-22 21:00:00,INV1256,Shoes,Fashion,2,2379,4758,Cash,Riverside,New
2024-10-19 14:00:00,INV1257,Mixer Grinder,Home Appliances,5,3678,18390,Cash,Riverside,New
2024-08-21 08:00:00,INV1258,Novel,Books,4,378,1512,Card,City Center,New
2024-11-29 04:00:00,INV1259,Pen Set,Books,4,-128,-512,Online Gateway,Riverside,New
2024-11-16 03:00:00,INV1260,Microwave,Home Appliances,5,6945,34725,Online Gateway,City Center,New
2024-07-12 10:00:00,INV1261,T-shirt,Fashion,4,699,2796,UPI,Riverside,Returning
2024-11-15 23:00:00,INV1262,T-shirt,Fashion,4,857,3428,Online Gateway,City Center,New
2024-12-08 00:00:00,INV1263,Novel,Books,2,428,856,Cash,Riverside,Returning
2024-11-01 19:00:00,INV1264,Mixer Grinder,Home Appliances,1,3664,3664,Cash,Riverside,New
2024-04-01 21:00:00,INV1265,Headphones,Electronics,3,1530,4590,Card,Riverside,New
2024-02-14 13:00:00,INV1266,Shoes,Fashion,4,2478,9912,Cash,Riverside,New
2024-05-23 12:00:00,INV1267,Washing Machine,Home Appliances,5,14991,74955,Card,Riverside,New
2024-02-14 04:00:00,INV1268,Jeans,Fashion,2,1614,3228,UPI,City Center,Returning
2024-04-06 23:00:00,INV1269,Headphones,Electronics,2,1319,2638,UPI,Riverside,New
2024-05-22 12:00:00,INV1270,Pen Set,Books,4,79,316,Cash,City Center,New
2024-01-13 13:00:00,INV1271,T-shirt,Fashion,2,676,1352,Online Gateway,City Center,Returning
2024-01-26 06:00:00,INV1272,Shoes,Fashion,3,2362,7086,Cash,City Center,Returning
2024-05-12 02:00:00,INV1273,Notebook,Books,5,134,670,Cash,City Center,Returning
2024-01-30 03:00:00,INV1274,Novel,Books,5,308,1540,Card,City Center,Returning
2024-07-31 00:00:00,INV1275,Washing Machine,Home Appliances,1,15114,15114,UPI,City Center,Returning
2024-01-08 22:00:00,INV1276,Headphones,Electronics,1,1568,1568,UPI,City Center,New
2024-02-10 20:00:00,INV1277,Washing Machine,Home Appliances,4,14822,59288,Online Gateway,Riverside,Returning
2024-05-03 23:00:00,INV1278,Pen Set,Books,1,32,32,Cash,Riverside,New
2024-09-11 06:00:00,INV1279,Pen Set,Books,1,245,245,UPI,City Center,New
2024-02-19 08:00:00,INV1280,Jeans,Fashion,5,1773,8865,Card,Riverside,Returning
2024-05-18 15:00:00,INV1281,Notebook,Books,2,-31,-62,Cash,Riverside,New
2024-05-21 10:00:00,INV1282,T-shirt,Fashion,2,622,1244,Card,City Center,Returning
2024-12-12 15:00:00,INV1283,T-shirt,Fashion,5,803,4015,Online Gateway,Riverside,New
2024-03-16 16:00:00,INV1284,Notebook,Books,2,46,92,UPI,City Center,Returning
2024-08-31 22:00:00,INV1285,T-shirt,Fashion,1,788,788,Online Gateway,Riverside,Returning
2024-10-06 13:00:00,INV1286,Washing Machine,Home Appliances,3,14895,44685,Online Gateway,Riverside,Returning
2024-01-24 17:00:00,INV1287,Mixer Grinder,Home Appliances,3,3342,10026,Online Gateway,City Center,Returning
2024-08-14 18:00:00,INV1288,Novel,Books,2,579,1158,UPI,Riverside,New
2024-03-19 23:00:00,INV1289,Smartphone,Electronics,3,20138,60414,UPI,Riverside,Returning
2024-04-23 21:00:00,INV1290,Novel,Books,4,385,1540,Online Gateway,Riverside,Returning
2024-06-09 23:00:00,INV1291,Laptop,Electronics,3,60114,180342,Online Gateway,Riverside,New
2024-11-06 15:00:00,INV1292,Smartphone,Electronics,4,19986,79944,Card,City Center,New
2024-06-16 06:00:00,INV1293,Novel,Books,4,317,1268,Card,City Center,New
2024-03-11 06:00:00,INV1294,Notebook,Books,3,85,255,Online Gateway,City Center,New
2024-05-05 09:00:00,INV1295,Notebook,Books,4,89,356,UPI,Riverside,New
2024-11-21 06:00:00,INV1296,Novel,Books,2,571,1142,UPI,Riverside,Returning
2024-01-07 10:00:00,INV1297,Notebook,Books,3,27,81,Cash,City Center,New
2024-02-28 17:00:00,INV1298,Microwave,Home Appliances,5,6998,34990,Cash,Riverside,Returning
2024-02-02 16:00:00,INV1299,Pen Set,Books,4,-41,-164,UPI,Riverside,New
2024-12-03 08:00:00,INV1300,Smartphone,Electronics,2,19837,39674,Online Gateway,City Center,Returning
2024-11-11 00:00:00,INV1301,Smartphone,Electronics,3,20141,60423,UPI,City Center,Returning
2024-11-01 23:00:00,INV1302,T-shirt,Fashion,2,964,1928,Card,Riverside,New
2024-10-27 06:00:00,INV1303,Smartphone,Electronics,2,19871,39742,Card,Riverside,New
2024-08-21 04:00:00,INV1304,Jeans,Fashion,5,1893,9465,UPI,Riverside,New
2024-08-29 17:00:00,INV1305,Novel,Books,1,333,333,UPI,Riverside,Returning
2024-04-26 22:00:00,INV1306,Mixer Grinder,Home Appliances,4,3693,14772,Online Gateway,City Center,New
2024-01-23 09:00:00,INV1307,Jeans,Fashion,1,1830,1830,Online Gateway,Riverside,New
2024-09-06 10:00:00,INV1308,Mixer Grinder,Home Appliances,5,3393,16965,Card,Riverside,New
2024-03-17 17:00:00,INV1309,Smartphone,Electronics,5,19878,99390,UPI,City Center,New
2024-12-29 04:00:00,INV1310,Jeans,Fashion,2,1777,3554,UPI,City Center,Returning
2024-10-17 11:00:00,INV1311,Shoes,Fashion,5,2440,12200,Card,Riverside,New
2024-08-22 09:00:00,INV1312,Mixer Grinder,Home Appliances,2,3603,7206,Card,City Center,Returning
2024-05-02 22:00:00,INV1313,Novel,Books,1,314,314,Cash,City Center,Returning
2024-11-29 00:00:00,INV1314,Notebook,Books,2,292,584,Online Gateway,City Center,Returning
2024-07-18 04:00:00,INV1315,Notebook,Books,5,48,240,UPI,Riverside,New
2024-04-08 16:00:00,INV1316,Notebook,Books,4,52,208,Online Gateway,City Center,New
2024-10-04 07:00:00,INV1317,Headphones,Electronics,4,1512,6048,Online Gateway,Riverside,New
2024-12-06 13:00:00,INV1318,Jeans,Fashion,5,1673,8365,UPI,Riverside,Returning
2024-07-06 07:00:00,INV1319,Washing Machine,Home Appliances,2,15189,30378,UPI,City Center,Returning
2024-09-07 02:00:00,INV1320,Shoes,Fashion,4,2362,9448,UPI,Riverside,New
2024-10-02 14:00:00,INV1321,Headphones,Electronics,1,1325,1325,UPI,Riverside,Returning
2024-09-03 15:00:00,INV1322,Shoes,Fashion,2,2467,4934,UPI,City Center,New
2024-02-05 13:00:00,INV1323,Microwave,Home Appliances,5,7039,35195,Online Gateway,Riverside,Returning
2024-06-21 18:00:00,INV1324,Laptop,Electronics,1,60001,60001,Online Gateway,City Center,New
2024-06-06 01:00:00,INV1325,Novel,Books,3,324,972,Cash,Riverside,Returning
2024-01-24 22:00:00,INV1326,Novel,Books,4,446,1784,Cash,City Center,Returning
2024-02-17 20:00:00,INV1327,Headphones,Electronics,3,1672,5016,UPI,Riverside,Returning
2024-09-19 05:00:00,INV1328,Laptop,Electronics,4,59826,239304,Card,Riverside,Returning
2024-09-26 01:00:00,INV1329,Smartphone,Electronics,4,20058,80232,Online Gateway,Riverside,New
2024-11-08 21:00:00,INV1330,Headphones,Electronics,1,1501,1501,UPI,Riverside,Returning
2024-07-18 01:00:00,INV1331,Headphones,Electronics,2,1608,3216,Online Gateway,City Center,New
2024-06-09 14:00:00,INV1332,Laptop,Electronics,2,60165,120330,UPI,Riverside,Returning
2024-04-13 19:00:00,INV1333,Headphones,Electronics,5,1563,7815,Card,Riverside,Returning
2024-05-10 04:00:00,INV1334,Headphones,Electronics,4,1615,6460,UPI,Riverside,Returning
2024-08-25 03:00:00,INV1335,Pen Set,Books,5,3,15,Online Gateway,City Center,Returning
2024-05-07 03:00:00,INV1336,Jeans,Fashion,1,1813,1813,UPI,City Center,Returning
2024-01-01 04:00:00,INV1337,T-shirt,Fashion,5,895,4475,Card,City Center,Returning
2024-08-05 14:00:00,INV1338,Headphones,Electronics,5,1622,8110,Online Gateway,City Center,New
2024-08-09 11:00:00,INV1339,Laptop,Electronics,5,60158,300790,Cash,City Center,New
2024-07-21 21:00:00,INV1340,Microwave,Home Appliances,3,7014,21042,Card,Riverside,New
2024-02-06 12:00:00,INV1341,Washing Machine,Home Appliances,5,15196,75980,Online Gateway,City Center,New
2024-10-19 19:00:00,INV1342,Mixer Grinder,Home Appliances,2,3587,7174,UPI,Riverside,Returning
2024-06-21 14:00:00,INV1343,Jeans,Fashion,2,1835,3670,UPI,Riverside,Returning
2024-10-17 06:00:00,INV1344,Novel,Books,4,398,1592,Card,Riverside,Returning
2024-10-21 23:00:00,INV1345,Shoes,Fashion,3,2694,8082,UPI,City Center,Returning
2024-11-28 19:00:00,INV1346,Jeans,Fashion,4,1778,7112,UPI,Riverside,New
2024-10-10 07:00:00,INV1347,Novel,Books,5,494,2470,Online Gateway,Riverside,New
2024-07-05 01:00:00,INV1348,T-shirt,Fashion,1,747,747,Cash,Riverside,Returning
2024-01-27 11:00:00,INV1349,Notebook,Books,3,282,846,Online Gateway,City Center,New
2024-03-11 13:00:00,INV1350,Mixer Grinder,Home Appliances,3,3587,10761,UPI,City Center,New
2024-07-17 00:00:00,INV1351,Novel,Books,5,422,2110,Card,City Center,New
2024-12-12 07:00:00,INV1352,Notebook,Books,2,-74,-148,Cash,Riverside,Returning
2024-02-04 14:00:00,INV1353,Pen Set,Books,4,-99,-396,Card,City Center,New
2024-08-03 17:00:00,INV1354,Washing Machine,Home Appliances,4,15044,60176,Card,Riverside,Returning
2024-12-12 04:00:00,INV1355,T-shirt,Fashion,1,993,993,Cash,City Center,New
2024-09-04 21:00:00,INV1356,Headphones,Electronics,4,1390,5560,Cash,Riverside,Returning
2024-04-28 06:00:00,INV1357,Headphones,Electronics,3,1319,3957,Cash,Riverside,New
2024-02-17 22:00:00,INV1358,Jeans,Fashion,3,1832,5496,Online Gateway,City Center,Returning
2024-11-11 00:00:00,INV1359,T-shirt,Fashion,2,657,1314,UPI,City Center,Returning
2024-03-21 11:00:00,INV1360,Notebook,Books,3,267,801,Card,City Center,Returning
2024-03-10 08:00:00,INV1361,T-shirt,Fashion,5,945,4725,Card,City Center,Returning
2024-02-15 01:00:00,INV1362,Washing Machine,Home Appliances,5,14967,74835,Cash,Riverside,New
2024-01-22 08:00:00,INV1363,Headphones,Electronics,2,1544,3088,UPI,City Center,New
2024-11-21 05:00:00,INV1364,T-shirt,Fashion,4,720,2880,Online Gateway,Riverside,Returning
2024-08-06 05:00:00,INV1365,T-shirt,Fashion,5,970,4850,Cash,Riverside,Returning
2024-01-24 07:00:00,INV1366,Pen Set,Books,2,-119,-238,Cash,Riverside,Returning
2024-06-02 00:00:00,INV1367,Headphones,Electronics,4,1651,6604,UPI,City Center,Returning
2024-11-04 12:00:00,INV1368,Jeans,Fashion,5,1713,8565,Card,City Center,Returning
2024-05-19 07:00:00,INV1369,Headphones,Electronics,4,1682,6728,UPI,Riverside,Returning
2024-06-18 14:00:00,INV1370,Mixer Grinder,Home Appliances,2,3690,7380,Card,City Center,Returning
2024-01-25 04:00:00,INV1371,Mixer Grinder,Home Appliances,3,3339,10017,Cash,City Center,New
2024-10-18 20:00:00,INV1372,Novel,Books,5,376,1880,Card,Riverside,Returning
2024-12-04 18:00:00,INV1373,Smartphone,Electronics,2,20167,40334,Online Gateway,City Center,Returning
2024-05-11 03:00:00,INV1374,Laptop,Electronics,4,59867,239468,Online Gateway,Riverside,New
2024-06-26 01:00:00,INV1375,Mixer Grinder,Home Appliances,4,3644,14576,UPI,City Center,Returning
2024-03-10 23:00:00,INV1376,T-shirt,Fashion,1,981,981,Card,City Center,New
2024-05-26 02:00:00,INV1377,Washing Machine,Home Appliances,3,15158,45474,Cash,City Center,New
2024-10-29 05:00:00,INV1378,Microwave,Home Appliances,1,6946,6946,Online Gateway,City Center,New
2024-04-24 08:00:00,INV1379,Notebook,Books,4,91,364,Online Gateway,Riverside,Returning
2024-08-04 04:00:00,INV1380,Washing Machine,Home Appliances,1,15149,15149,Card,Riverside,New
2024-03-30 05:00:00,INV1381,Headphones,Electronics,5,1501,7505,Card,City Center,New
2024-10-02 17:00:00,INV1382,Laptop,Electronics,3,60037,180111,Online Gateway,Riverside,New
2024-04-13 07:00:00,INV1383,Shoes,Fashion,4,2477,9908,Card,Riverside,New
2024-09-27 04:00:00,INV1384,Pen Set,Books,1,-134,-134,Online Gateway,City Center,New
2024-11-05 05:00:00,INV1385,Shoes,Fashion,1,2351,2351,Cash,Riverside,New
2024-07-04 12:00:00,INV1386,Shoes,Fashion,1,2505,2505,Online Gateway,City Center,New
2024-09-02 01:00:00,INV1387,Laptop,Electronics,2,60057,120114,UPI,City Center,Returning
2024-10-04 17:00:00,INV1388,Novel,Books,5,695,3475,UPI,City Center,Returning
2024-04-28 17:00:00,INV1389,Headphones,Electronics,5,1413,7065,Online Gateway,Riverside,Returning
2024-11-03 22:00:00,INV1390,Laptop,Electronics,5,60102,300510,Card,Riverside,Returning
2024-10-14 17:00:00,INV1391,Laptop,Electronics,3,60129,180387,Online Gateway,Riverside,Returning
2024-04-13 17:00:00,INV1392,Washing Machine,Home Appliances,2,14953,29906,Online Gateway,City Center,Returning
2024-07-11 03:00:00,INV1393,Shoes,Fashion,2,2453,4906,Card,Riverside,New
2024-04-28 07:00:00,INV1394,Mixer Grinder,Home Appliances,4,3513,14052,Card,Riverside,New
2024-12-21 07:00:00,INV1395,T-shirt,Fashion,2,769,1538,Cash,Riverside,Returning
2024-09-01 22:00:00,INV1396,Smartphone,Electronics,5,20170,100850,Card,City Center,Returning
2024-09-19 15:00:00,INV1397,Washing Machine,Home Appliances,5,15108,75540,Cash,City Center,New
2024-02-05 11:00:00,INV1398,Novel,Books,5,411,2055,Online Gateway,City Center,Returning
2024-03-11 07:00:00,INV1399,T-shirt,Fashion,1,708,708,Card,City Center,Returning
2024-10-11 17:00:00,INV1400,Shoes,Fashion,5,2660,13300,Card,Riverside,New
2024-04-11 03:00:00,INV1401,Mixer Grinder,Home Appliances,3,3697,11091,UPI,Riverside,Returning
2024-06-15 16:00:00,INV1402,Mixer Grinder,Home Appliances,3,3457,10371,UPI,Riverside,Returning
2024-07-29 12:00:00,INV1403,Microwave,Home Appliances,1,7169,7169,Online Gateway,Riverside,New
2024-04-24 02:00:00,INV1404,Jeans,Fashion,3,1811,5433,Cash,City Center,New
2024-08-26 20:00:00,INV1405,Laptop,Electronics,3,60083,180249,Online Gateway,Riverside,New
2024-08-12 11:00:00,INV1406,Shoes,Fashion,3,2417,7251,Online Gateway,City Center,Returning
2024-11-29 10:00:00,INV1407,Mixer Grinder,Home Appliances,3,3431,10293,Online Gateway,Riverside,Returning
2024-08-18 16:00:00,INV1408,Headphones,Electronics,3,1386,4158,Card,Riverside,New
2024-06-12 01:00:00,INV1409,Mixer Grinder,Home Appliances,1,3568,3568,Cash,City Center,New
2024-02-14 10:00:00,INV1410,Laptop,Electronics,4,59870,239480,Card,City Center,New
2024-11-17 19:00:00,INV1411,Laptop,Electronics,2,60058,120116,Online Gateway,Riverside,New
2024-07-01 12:00:00,INV1412,Novel,Books,5,547,2735,Online Gateway,City Center,New
2024-06-20 03:00:00,INV1413,Mixer Grinder,Home Appliances,5,3510,17550,Cash,City Center,Returning
2024-08-26 14:00:00,INV1414,Mixer Grinder,Home Appliances,3,3308,9924,Online Gateway,City Center,New
2024-05-20 13:00:00,INV1415,Smartphone,Electronics,5,19876,99380,Card,City Center,Returning
2024-03-27 18:00:00,INV1416,Jeans,Fashion,3,1803,5409,Cash,Riverside,Returning
2024-10-08 04:00:00,INV1417,Microwave,Home Appliances,5,6924,34620,Card,Riverside,New
2024-01-18 09:00:00,INV1418,Notebook,Books,1,-53,-53,Online Gateway,Riverside,Returning
2024-12-12 02:00:00,INV1419,Mixer Grinder,Home Appliances,4,3328,13312,Cash,City Center,New
2024-06-14 14:00:00,INV1420,Microwave,Home Appliances,4,7130,28520,UPI,City Center,New
2024-05-16 03:00:00,INV1421,Shoes,Fashion,2,2654,5308,Online Gateway,Riverside,New
2024-02-04 09:00:00,INV1422,Smartphone,Electronics,3,20078,60234,Cash,City Center,Returning
2024-11-15 12:00:00,INV1423,Laptop,Electronics,2,60100,120200,Card,Riverside,New
2024-08-27 09:00:00,INV1424,T-shirt,Fashion,2,888,1776,Card,Riverside,Returning
2024-01-18 04:00:00,INV1425,Washing Machine,Home Appliances,2,15152,30304,Cash,Riverside,New
2024-11-10 07:00:00,INV1426,Smartphone,Electronics,4,19918,79672,Cash,Riverside,Returning
2024-11-12 03:00:00,INV1427,Jeans,Fashion,1,1924,1924,UPI,Riverside,Returning
2024-01-31 08:00:00,INV1428,Shoes,Fashion,3,2583,7749,Online Gateway,Riverside,New
2024-10-25 12:00:00,INV1429,Notebook,Books,5,238,1190,Online Gateway,City Center,Returning
2024-09-06 12:00:00,INV1430,Shoes,Fashion,1,2342,2342,UPI,City Center,Returning
2024-04-14 08:00:00,INV1431,Pen Set,Books,2,228,456,Online Gateway,Riverside,Returning
2024-05-03 15:00:00,INV1432,Smartphone,Electronics,1,19802,19802,UPI,Riverside,Returning
2024-04-26 02:00:00,INV1433,T-shirt,Fashion,1,667,667,Cash,City Center,Returning
2024-02-16 18:00:00,INV1434,Microwave,Home Appliances,5,7084,35420,Online Gateway,City Center,New
2024-06-18 23:00:00,INV1435,Smartphone,Electronics,3,20083,60249,Cash,Riverside,Returning
2024-03-06 11:00:00,INV1436,Laptop,Electronics,3,60011,180033,Online Gateway,City Center,New
2024-07-30 09:00:00,INV1437,Novel,Books,5,386,1930,Online Gateway,City Center,New
2024-07-31 16:00:00,INV1438,T-shirt,Fashion,3,737,2211,Online Gateway,City Center,New
2024-03-30 07:00:00,INV1439,Headphones,Electronics,4,1441,5764,Online Gateway,Riverside,Returning
2024-10-10 14:00:00,INV1440,Smartphone,Electronics,3,19928,59784,Card,Riverside,New
2024-11-02 13:00:00,INV1441,Microwave,Home Appliances,1,6869,6869,UPI,City Center,Returning
2024-05-23 08:00:00,INV1442,Jeans,Fashion,5,1794,8970,UPI,Riverside,Returning
2024-06-05 22:00:00,INV1443,Washing Machine,Home Appliances,5,14869,74345,UPI,Riverside,New
2024-08-23 04:00:00,INV1444,Microwave,Home Appliances,3,6890,20670,Online Gateway,Riverside,Returning
2024-05-01 10:00:00,INV1445,Pen Set,Books,4,144,576,Card,Riverside,Returning
2024-07-26 00:00:00,INV1446,T-shirt,Fashion,4,786,3144,Cash,City Center,New
2024-09-03 13:00:00,INV1447,Notebook,Books,5,-87,-435,Online Gateway,City Center,Returning
2024-01-31 08:00:00,INV1448,T-shirt,Fashion,1,809,809,Online Gateway,City Center,Returning
2024-02-26 21:00:00,INV1449,Shoes,Fashion,3,2637,7911,Card,Riverside,Returning
2024-07-06 04:00:00,INV1450,Smartphone,Electronics,4,20106,80424,Online Gateway,Riverside,Returning
2024-01-30 02:00:00,INV1451,Mixer Grinder,Home Appliances,1,3484,3484,Cash,City Center,New
2024-10-26 10:00:00,INV1452,Notebook,Books,3,-15,-45,Cash,Riverside,Returning
2024-01-17 11:00:00,INV1453,Washing Machine,Home Appliances,1,14805,14805,Cash,Riverside,New
2024-11-04 08:00:00,INV1454,Mixer Grinder,Home Appliances,5,3585,17925,Card,Riverside,Returning
2024-12-02 18:00:00,INV1455,Washing Machine,Home Appliances,4,15195,60780,Card,Riverside,New
2024-06-22 19:00:00,INV1456,Microwave,Home Appliances,1,6951,6951,Online Gateway,City Center,New
2024-06-30 16:00:00,INV1457,Pen Set,Books,2,28,56,UPI,Riverside,Returning
2024-04-14 06:00:00,INV1458,Shoes,Fashion,5,2547,12735,UPI,Riverside,New
2024-01-30 21:00:00,INV1459,Microwave,Home Appliances,4,6963,27852,Cash,Riverside,New
2024-04-25 22:00:00,INV1460,Pen Set,Books,1,-139,-139,UPI,City Center,New
2024-07-25 02:00:00,INV1461,Pen Set,Books,2,114,228,Card,City Center,Returning
2024-08-16 14:00:00,INV1462,Mixer Grinder,Home Appliances,4,3536,14144,Card,Riverside,New
2024-12-13 07:00:00,INV1463,Headphones,Electronics,4,1502,6008,Cash,City Center,Returning
2024-07-26 12:00:00,INV1464,Novel,Books,4,499,1996,Cash,City Center,New
2024-10-29 18:00:00,INV1465,T-shirt,Fashion,1,895,895,Cash,City Center,Returning
2024-07-06 03:00:00,INV1466,Jeans,Fashion,2,1834,3668,Cash,Riverside,Returning
2024-10-26 16:00:00,INV1467,Mixer Grinder,Home Appliances,3,3605,10815,Online Gateway,Riverside,New
2024-08-20 20:00:00,INV1468,Jeans,Fashion,3,1834,5502,Card,Riverside,New
2024-11-14 19:00:00,INV1469,Notebook,Books,2,60,120,Cash,City Center,Returning
2024-05-31 12:00:00,INV1470,Smartphone,Electronics,2,19991,39982,Card,Riverside,Returning
2024-02-18 15:00:00,INV1471,Novel,Books,2,594,1188,Online Gateway,Riverside,New
2024-02-14 06:00:00,INV1472,Microwave,Home Appliances,5,7155,35775,Card,City Center,Returning
2024-03-30 20:00:00,INV1473,T-shirt,Fashion,2,695,1390,UPI,Riverside,New
2024-11-23 12:00:00,INV1474,Jeans,Fashion,1,1848,1848,Card,City Center,Returning
2024-08-03 01:00:00,INV1475,Mixer Grinder,Home Appliances,5,3634,18170,Online Gateway,Riverside,Returning
2024-08-09 01:00:00,INV1476,Washing Machine,Home Appliances,4,15050,60200,Card,City Center,New
2024-09-29 13:00:00,INV1477,Shoes,Fashion,3,2316,6948,UPI,City Center,Returning
2024-07-16 01:00:00,INV1478,Headphones,Electronics,4,1589,6356,Online Gateway,City Center,New
2024-11-01 10:00:00,INV1479,T-shirt,Fashion,5,787,3935,Cash,Riverside,New
2024-08-10 06:00:00,INV1480,Washing Machine,Home Appliances,1,15176,15176,Card,Riverside,New
2024-06-29 10:00:00,INV1481,Microwave,Home Appliances,3,6978,20934,Cash,Riverside,New
2024-11-29 18:00:00,INV1482,Shoes,Fashion,2,2677,5354,UPI,Riverside,New
2024-10-10 09:00:00,INV1483,Novel,Books,2,405,810,Card,City Center,Returning
2024-07-20 22:00:00,INV1484,Mixer Grinder,Home Appliances,3,3605,10815,Card,Riverside,Returning
2024-10-07 11:00:00,INV1485,T-shirt,Fashion,5,736,3680,Cash,City Center,Returning
2024-10-28 17:00:00,INV1486,Laptop,Electronics,3,60135,180405,Card,City Center,New
2024-02-09 17:00:00,INV1487,Headphones,Electronics,3,1426,4278,Online Gateway,Riverside,New
2024-04-15 19:00:00,INV1488,Novel,Books,3,621,1863,Online Gateway,Riverside,Returning
2024-10-21 00:00:00,INV1489,Smartphone,Electronics,1,20006,20006,UPI,Riverside,Returning
2024-03-05 06:00:00,INV1490,Microwave,Home Appliances,3,7097,21291,Cash,City Center,Returning
2024-08-08 13:00:00,INV1491,Notebook,Books,3,-68,-204,Online Gateway,City Center,Returning
2024-02-19 15:00:00,INV1492,Shoes,Fashion,4,2437,9748,UPI,Riverside,Returning
2024-09-20 01:00:00,INV1493,Mixer Grinder,Home Appliances,5,3366,16830,Online Gateway,Riverside,New
2024-10-16 02:00:00,INV1494,Laptop,Electronics,1,60120,60120,Online Gateway,City Center,New
2024-04-21 17:00:00,INV1495,Headphones,Electronics,4,1533,6132,Cash,Riverside,New
2024-03-05 04:00:00,INV1496,Pen Set,Books,2,182,364,UPI,City Center,Returning
2024-09-14 04:00:00,INV1497,Smartphone,Electronics,3,19928,59784,Cash,Riverside,New
2024-08-18 21:00:00,INV1498,Laptop,Electronics,4,60120,240480,UPI,City Center,Returning
2024-02-26 21:00:00,INV1499,Notebook,Books,1,260,260,Cash,City Center,New
2024-12-28 03:00:00,INV1500,Microwave,Home Appliances,1,6867,6867,Card,Riverside,New
2024-12-28 14:00:00,INV1501,Laptop,Electronics,3,59861,179583,Online Gateway,City Center,Returning
2024-11-08 06:00:00,INV1502,Smartphone,Electronics,2,19996,39992,Cash,City Center,New
2024-06-28 16:00:00,INV1503,Jeans,Fashion,3,1753,5259,Card,Riverside,New
2024-02-25 04:00:00,INV1504,Notebook,Books,2,-65,-130,Cash,City Center,Returning
2024-05-10 21:00:00,INV1505,Jeans,Fashion,2,1921,3842,Card,Riverside,Returning
2024-11-05 03:00:00,INV1506,Shoes,Fashion,1,2351,2351,Card,City Center,Returning
2024-05-25 06:00:00,INV1507,Jeans,Fashion,4,1761,7044,Card,City Center,Returning
2024-03-16 10:00:00,INV1508,Notebook,Books,1,27,27,UPI,City Center,Returning
2024-10-01 12:00:00,INV1509,Shoes,Fashion,5,2610,13050,Card,Riverside,Returning
2024-05-01 19:00:00,INV1510,Notebook,Books,1,22,22,Online Gateway,Riverside,New
2024-08-08 21:00:00,INV1511,Shoes,Fashion,4,2626,10504,Cash,City Center,Returning
2024-06-23 10:00:00,INV1512,Jeans,Fashion,2,1798,3596,Online Gateway,Riverside,New
2024-09-06 01:00:00,INV1513,Microwave,Home Appliances,1,6808,6808,Cash,City Center,Returning
2024-06-26 20:00:00,INV1514,Shoes,Fashion,1,2330,2330,Online Gateway,Riverside,Returning
2024-07-16 20:00:00,INV1515,Washing Machine,Home Appliances,4,14842,59368,Card,Riverside,New
2024-07-21 01:00:00,INV1516,T-shirt,Fashion,1,861,861,Card,City Center,Returning
2024-06-03 13:00:00,INV1517,Washing Machine,Home Appliances,5,15124,75620,Cash,Riverside,Returning
2024-10-02 19:00:00,INV1518,Pen Set,Books,2,-121,-242,Card,City Center,Returning
2024-12-26 07:00:00,INV1519,Smartphone,Electronics,4,20113,80452,Cash,Riverside,New
2024-05-08 00:00:00,INV1520,Smartphone,Electronics,1,20162,20162,Card,City Center,New
2024-09-29 02:00:00,INV1521,Microwave,Home Appliances,3,7067,21201,UPI,City Center,Returning
2024-01-22 00:00:00,INV1522,Headphones,Electronics,3,1675,5025,Cash,City Center,Returning
2024-02-20 14:00:00,INV1523,Washing Machine,Home Appliances,3,15068,45204,Cash,Riverside,New
2024-03-04 19:00:00,INV1524,Microwave,Home Appliances,4,7061,28244,UPI,City Center,Returning
2024-11-11 16:00:00,INV1525,Novel,Books,2,488,976,Card,Riverside,New
2024-02-04 07:00:00,INV1526,Novel,Books,1,416,416,Cash,City Center,New
2024-02-08 16:00:00,INV1527,Shoes,Fashion,1,2541,2541,UPI,Riverside,New
2024-07-28 13:00:00,INV1528,Headphones,Electronics,1,1583,1583,Online Gateway,City Center,Returning
2024-01-06 13:00:00,INV1529,Shoes,Fashion,4,2668,10672,UPI,Riverside,New
2024-03-28 17:00:00,INV1530,Novel,Books,3,361,1083,Cash,City Center,New
2024-05-31 03:00:00,INV1531,Mixer Grinder,Home Appliances,1,3505,3505,Cash,Riverside,Returning
2024-09-20 04:00:00,INV1532,T-shirt,Fashion,3,644,1932,Online Gateway,City Center,Returning
2024-03-18 04:00:00,INV1533,Shoes,Fashion,3,2588,7764,UPI,City Center,Returning
2024-07-23 14:00:00,INV1534,Jeans,Fashion,5,1852,9260,Card,City Center,New
2024-06-22 23:00:00,INV1535,Laptop,Electronics,4,59812,239248,Card,Riverside,New
2024-08-10 20:00:00,INV1536,Jeans,Fashion,1,1988,1988,Online Gateway,Riverside,New
2024-09-14 22:00:00,INV1537,Shoes,Fashion,5,2421,12105,Online Gateway,Riverside,New
2024-02-22 08:00:00,INV1538,Headphones,Electronics,3,1347,4041,Cash,City Center,Returning
2024-05-20 16:00:00,INV1539,Pen Set,Books,3,84,252,Cash,City Center,New
2024-08-23 05:00:00,INV1540,Notebook,Books,4,-62,-248,Cash,Riverside,New
2024-05-25 06:00:00,INV1541,Shoes,Fashion,3,2433,7299,UPI,Riverside,Returning
2024-05-29 08:00:00,INV1542,Jeans,Fashion,4,1739,6956,Card,City Center,New
2024-12-01 13:00:00,INV1543,Headphones,Electronics,5,1355,6775,Card,City Center,New
2024-05-18 18:00:00,INV1544,Microwave,Home Appliances,4,6960,27840,Online Gateway,City Center,Returning
2024-04-22 15:00:00,INV1545,Shoes,Fashion,4,2457,9828,Online Gateway,Riverside,New
2024-12-26 22:00:00,INV1546,Smartphone,Electronics,2,20151,40302,UPI,City Center,New
2024-12-04 08:00:00,INV1547,Jeans,Fashion,2,1646,3292,Card,Riverside,Returning
2024-10-23 10:00:00,INV1548,Mixer Grinder,Home Appliances,1,3646,3646,UPI,Riverside,New
2024-02-26 09:00:00,INV1549,Laptop,Electronics,4,60031,240124,Card,City Center,Returning
2024-07-29 23:00:00,INV1550,Smartphone,Electronics,2,19862,39724,Cash,City Center,New
2024-12-22 05:00:00,INV1551,Headphones,Electronics,2,1505,3010,UPI,City Center,Returning
2024-11-11 15:00:00,INV1552,Smartphone,Electronics,1,19833,19833,Card,Riverside,New
2024-01-28 19:00:00,INV1553,Smartphone,Electronics,3,19862,59586,Cash,Riverside,New
2024-07-05 04:00:00,INV1554,Headphones,Electronics,5,1521,7605,Online Gateway,Riverside,New
2024-10-11 03:00:00,INV1555,Washing Machine,Home Appliances,4,14888,59552,UPI,City Center,New
2024-06-03 23:00:00,INV1556,T-shirt,Fashion,3,828,2484,Card,City Center,New
2024-04-24 09:00:00,INV1557,Notebook,Books,3,155,465,Online Gateway,Riverside,New
2024-11-07 19:00:00,INV1558,Smartphone,Electronics,3,19996,59988,Card,Riverside,New
2024-01-23 11:00:00,INV1559,Notebook,Books,5,27,135,Cash,Riverside,Returning
2024-07-25 20:00:00,INV1560,Microwave,Home Appliances,5,7200,36000,Online Gateway,Riverside,Returning
2024-07-20 11:00:00,INV1561,Washing Machine,Home Appliances,3,14892,44676,Cash,Riverside,New
2024-06-06 07:00:00,INV1562,Laptop,Electronics,3,59829,179487,Online Gateway,Riverside,New
2024-09-08 18:00:00,INV1563,Headphones,Electronics,1,1426,1426,Card,Riverside,New
2024-10-22 22:00:00,INV1564,Shoes,Fashion,5,2498,12490,UPI,City Center,New
2024-10-31 16:00:00,INV1565,Shoes,Fashion,5,2462,12310,UPI,City Center,Returning
2024-08-09 16:00:00,INV1566,Novel,Books,5,372,1860,Card,Riverside,Returning
2024-09-12 12:00:00,INV1567,Headphones,Electronics,4,1319,5276,Cash,City Center,New
2024-11-24 19:00:00,INV1568,Novel,Books,2,310,620,Online Gateway,City Center,Returning
2024-04-25 19:00:00,INV1569,Novel,Books,2,366,732,UPI,City Center,Returning
2024-02-08 12:00:00,INV1570,Laptop,Electronics,1,59875,59875,Card,City Center,Returning
2024-03-06 21:00:00,INV1571,Smartphone,Electronics,3,20160,60480,Online Gateway,City Center,Returning
2024-11-17 10:00:00,INV1572,T-shirt,Fashion,3,669,2007,Card,Riverside,Returning
2024-05-18 12:00:00,INV1573,Notebook,Books,3,-11,-33,UPI,City Center,New
2024-08-26 01:00:00,INV1574,Washing Machine,Home Appliances,3,15175,45525,UPI,City Center,New
2024-10-19 18:00:00,INV1575,Pen Set,Books,1,209,209,Online Gateway,City Center,New
2024-01-11 15:00:00,INV1576,Novel,Books,3,613,1839,Card,City Center,Returning
2024-07-19 04:00:00,INV1577,Headphones,Electronics,3,1681,5043,Cash,City Center,Returning
2024-03-17 14:00:00,INV1578,Jeans,Fashion,2,1925,3850,Cash,Riverside,Returning
2024-01-01 09:00:00,INV1579,Laptop,Electronics,3,59907,179721,Card,City Center,Returning
2024-04-29 15:00:00,INV1580,T-shirt,Fashion,1,968,968,Cash,City Center,Returning
2024-11-04 17:00:00,INV1581,Microwave,Home Appliances,4,6885,27540,Online Gateway,Riverside,Returning
2024-11-05 02:00:00,INV1582,Jeans,Fashion,5,1792,8960,Cash,Riverside,New
2024-08-01 12:00:00,INV1583,Headphones,Electronics,4,1337,5348,Cash,Riverside,New
2024-02-12 07:00:00,INV1584,Jeans,Fashion,3,1653,4959,Cash,Riverside,New
2024-04-01 09:00:00,INV1585,Washing Machine,Home Appliances,2,15174,30348,Cash,City Center,Returning
2024-12-16 15:00:00,INV1586,Novel,Books,5,547,2735,Cash,Riverside,New
2024-11-06 09:00:00,INV1587,Novel,Books,4,380,1520,Cash,City Center,Returning
2024-06-22 06:00:00,INV1588,Shoes,Fashion,2,2509,5018,UPI,Riverside,Returning
2024-06-12 13:00:00,INV1589,Shoes,Fashion,1,2325,2325,Online Gateway,Riverside,New
2024-10-17 10:00:00,INV1590,Laptop,Electronics,3,59801,179403,Online Gateway,City Center,Returning
2024-10-16 02:00:00,INV1591,Notebook,Books,5,145,725,Card,City Center,New
2024-07-18 08:00:00,INV1592,Shoes,Fashion,2,2626,5252,UPI,City Center,Returning
2024-06-15 16:00:00,INV1593,Smartphone,Electronics,3,20003,60009,Online Gateway,Riverside,Returning
2024-03-09 01:00:00,INV1594,Smartphone,Electronics,5,19998,99990,Card,Riverside,Returning
2024-10-29 18:00:00,INV1595,Jeans,Fashion,2,1828,3656,Cash,Riverside,Returning
2024-12-28 14:00:00,INV1596,Microwave,Home Appliances,3,6915,20745,UPI,City Center,New
2024-01-17 00:00:00,INV1597,Pen Set,Books,1,-107,-107,UPI,Riverside,New
2024-01-17 20:00:00,INV1598,Mixer Grinder,Home Appliances,1,3498,3498,Online Gateway,Riverside,New
2024-12-06 15:00:00,INV1599,Microwave,Home Appliances,3,6840,20520,Online Gateway,City Center,New
2024-03-24 08:00:00,INV1600,Smartphone,Electronics,4,19888,79552,Card,City Center,New
2024-09-06 13:00:00,INV1601,Headphones,Electronics,1,1516,1516,Cash,Riverside,New
2024-03-01 20:00:00,INV1602,Notebook,Books,2,204,408,UPI,Riverside,New
2024-10-26 14:00:00,INV1603,Smartphone,Electronics,4,20084,80336,Online Gateway,Riverside,Returning
2024-10-24 12:00:00,INV1604,Mixer Grinder,Home Appliances,4,3306,13224,Online Gateway,City Center,Returning
2024-05-31 12:00:00,INV1605,Headphones,Electronics,2,1590,3180,Cash,City Center,New
2024-07-19 09:00:00,INV1606,T-shirt,Fashion,5,776,3880,Online Gateway,Riverside,Returning
2024-06-23 02:00:00,INV1607,Notebook,Books,4,192,768,Online Gateway,City Center,New
2024-10-28 21:00:00,INV1608,T-shirt,Fashion,4,673,2692,Online Gateway,City Center,Returning
2024-10-02 00:00:00,INV1609,Jeans,Fashion,2,1625,3250,Online Gateway,Riverside,Returning
2024-09-06 21:00:00,INV1610,Laptop,Electronics,3,59955,179865,UPI,Riverside,Returning
2024-03-26 08:00:00,INV1611,Pen Set,Books,1,-34,-34,Card,Riverside,Returning
2024-07-18 04:00:00,INV1612,Jeans,Fashion,3,1973,5919,Online Gateway,City Center,New
2024-01-30 20:00:00,INV1613,Microwave,Home Appliances,2,7008,14016,Online Gateway,Riverside,New
2024-11-26 19:00:00,INV1614,Mixer Grinder,Home Appliances,2,3333,6666,UPI,Riverside,New
2024-08-19 21:00:00,INV1615,Mixer Grinder,Home Appliances,5,3314,16570,Card,City Center,New
2024-07-08 08:00:00,INV1616,Laptop,Electronics,2,59816,119632,Online Gateway,City Center,Returning
2024-07-26 08:00:00,INV1617,Pen Set,Books,2,-10,-20,UPI,Riverside,Returning
2024-05-22 11:00:00,INV1618,Notebook,Books,1,248,248,Cash,City Center,Returning
2024-10-28 15:00:00,INV1619,Microwave,Home Appliances,5,7028,35140,Card,Riverside,Returning
2024-01-11 09:00:00,INV1620,Jeans,Fashion,2,1732,3464,Cash,Riverside,New
2024-02-02 02:00:00,INV1621,Washing Machine,Home Appliances,1,14883,14883,Card,City Center,New
2024-06-30 19:00:00,INV1622,Notebook,Books,2,37,74,Online Gateway,City Center,New
2024-02-14 21:00:00,INV1623,Microwave,Home Appliances,2,7131,14262,Card,City Center,New
2024-12-17 03:00:00,INV1624,T-shirt,Fashion,5,756,3780,UPI,Riverside,Returning
2024-12-23 12:00:00,INV1625,Jeans,Fashion,4,1729,6916,Card,Riverside,Returning
2024-11-25 05:00:00,INV1626,Notebook,Books,5,219,1095,Online Gateway,City Center,New
2024-07-21 10:00:00,INV1627,Mixer Grinder,Home Appliances,3,3587,10761,UPI,Riverside,New
2024-09-29 16:00:00,INV1628,Microwave,Home Appliances,1,6972,6972,UPI,Riverside,Returning
2024-07-15 15:00:00,INV1629,T-shirt,Fashion,3,696,2088,Card,City Center,New
2024-04-27 06:00:00,INV1630,Novel,Books,4,638,2552,UPI,City Center,New
2024-05-20 14:00:00,INV1631,Notebook,Books,4,51,204,UPI,Riverside,Returning
2024-02-22 04:00:00,INV1632,Washing Machine,Home Appliances,1,15098,15098,Card,Riverside,New
2024-10-18 12:00:00,INV1633,Notebook,Books,5,226,1130,Online Gateway,Riverside,Returning
2024-07-13 17:00:00,INV1634,Headphones,Electronics,5,1392,6960,UPI,City Center,Returning
2024-07-07 18:00:00,INV1635,Headphones,Electronics,3,1671,5013,Card,Riverside,New
2024-10-13 17:00:00,INV1636,Shoes,Fashion,3,2414,7242,UPI,Riverside,Returning
2024-10-16 13:00:00,INV1637,Jeans,Fashion,3,1899,5697,UPI,Riverside,New
2024-09-17 01:00:00,INV1638,Microwave,Home Appliances,1,7124,7124,Cash,Riverside,New
2024-11-30 01:00:00,INV1639,Mixer Grinder,Home Appliances,1,3648,3648,Online Gateway,Riverside,Returning
2024-10-16 05:00:00,INV1640,Laptop,Electronics,2,59870,119740,Card,Riverside,Returning
2024-10-18 18:00:00,INV1641,Novel,Books,4,373,1492,UPI,City Center,New
2024-02-25 11:00:00,INV1642,Microwave,Home Appliances,3,7123,21369,Card,Riverside,New
2024-06-26 13:00:00,INV1643,Laptop,Electronics,4,59940,239760,Card,City Center,New
2024-11-14 16:00:00,INV1644,Microwave,Home Appliances,1,6866,6866,Online Gateway,Riverside,Returning
2024-08-01 03:00:00,INV1645,Washing Machine,Home Appliances,4,14996,59984,Cash,City Center,New
2024-07-12 05:00:00,INV1646,Pen Set,Books,3,-143,-429,UPI,City Center,New
2024-07-21 06:00:00,INV1647,Notebook,Books,1,220,220,Card,City Center,Returning
2024-05-12 09:00:00,INV1648,T-shirt,Fashion,2,652,1304,Online Gateway,Riverside,New
2024-11-18 02:00:00,INV1649,Smartphone,Electronics,1,19952,19952,UPI,Riverside,Returning
2024-03-31 20:00:00,INV1650,Washing Machine,Home Appliances,2,14975,29950,Online Gateway,Riverside,New
2024-07-22 20:00:00,INV1651,Headphones,Electronics,4,1309,5236,Card,City Center,New
2024-10-20 11:00:00,INV1652,Shoes,Fashion,1,2601,2601,Card,City Center,Returning
2024-01-06 17:00:00,INV1653,Pen Set,Books,1,42,42,UPI,City Center,New
2024-09-20 15:00:00,INV1654,Notebook,Books,1,234,234,Cash,City Center,New
2024-05-24 16:00:00,INV1655,Washing Machine,Home Appliances,4,14994,59976,Cash,Riverside,Returning
2024-08-15 01:00:00,INV1656,Pen Set,Books,2,-45,-90,Cash,Riverside,Returning
2024-04-28 00:00:00,INV1657,Notebook,Books,1,239,239,UPI,City Center,Returning
2024-05-29 03:00:00,INV1658,Smartphone,Electronics,5,20168,100840,Cash,Riverside,New
2024-09-05 19:00:00,INV1659,Smartphone,Electronics,4,19901,79604,Card,Riverside,New
2024-06-22 12:00:00,INV1660,Jeans,Fashion,4,1751,7004,Card,City Center,Returning
2024-11-26 21:00:00,INV1661,Shoes,Fashion,4,2469,9876,Card,City Center,New
2024-08-20 01:00:00,INV1662,Notebook,Books,1,-44,-44,Online Gateway,City Center,New
2024-06-28 04:00:00,INV1663,Mixer Grinder,Home Appliances,1,3670,3670,Cash,Riverside,New
2024-09-18 05:00:00,INV1664,Microwave,Home Appliances,3,6935,20805,Online Gateway,City Center,New
2024-06-08 02:00:00,INV1665,Headphones,Electronics,1,1448,1448,UPI,Riverside,Returning
2024-03-20 10:00:00,INV1666,Pen Set,Books,1,-102,-102,Cash,City Center,New
2024-09-17 14:00:00,INV1667,Notebook,Books,2,68,136,UPI,Riverside,Returning
2024-02-01 16:00:00,INV1668,Pen Set,Books,1,40,40,UPI,City Center,New
2024-11-22 06:00:00,INV1669,Washing Machine,Home Appliances,4,15033,60132,UPI,Riverside,Returning
2024-11-02 06:00:00,INV1670,Washing Machine,Home Appliances,2,14857,29714,Card,City Center,New
2024-09-16 22:00:00,INV1671,Smartphone,Electronics,4,20102,80408,Online Gateway,Riverside,New
2024-09-10 18:00:00,INV1672,Novel,Books,4,698,2792,UPI,City Center,New
2024-09-08 07:00:00,INV1673,Microwave,Home Appliances,4,6857,27428,Online Gateway,Riverside,New
2024-11-16 07:00:00,INV1674,Smartphone,Electronics,3,20135,60405,UPI,City Center,New
2024-12-19 00:00:00,INV1675,Notebook,Books,3,165,495,Cash,Riverside,New
2024-03-19 15:00:00,INV1676,Microwave,Home Appliances,3,7139,21417,Online Gateway,City Center,New
2024-05-16 02:00:00,INV1677,Laptop,Electronics,2,60058,120116,Online Gateway,Riverside,New
2024-01-28 18:00:00,INV1678,Smartphone,Electronics,4,19964,79856,Card,Riverside,Returning
2024-06-23 12:00:00,INV1679,Laptop,Electronics,5,59914,299570,Online Gateway,Riverside,New
2024-01-28 23:00:00,INV1680,Smartphone,Electronics,4,20027,80108,Online Gateway,City Center,Returning
2024-10-09 09:00:00,INV1681,Microwave,Home Appliances,3,6860,20580,Online Gateway,City Center,New
2024-11-11 10:00:00,INV1682,Washing Machine,Home Appliances,4,14818,59272,Cash,City Center,Returning
2024-11-27 12:00:00,INV1683,Mixer Grinder,Home Appliances,5,3405,17025,Online Gateway,Riverside,Returning
2024-08-01 12:00:00,INV1684,Laptop,Electronics,2,60032,120064,UPI,Riverside,Returning
2024-08-20 17:00:00,INV1685,Pen Set,Books,4,-92,-368,Cash,City Center,New
2024-07-18 01:00:00,INV1686,Jeans,Fashion,3,1924,5772,UPI,Riverside,New
2024-06-11 12:00:00,INV1687,Laptop,Electronics,2,60052,120104,Card,Riverside,New
2024-10-05 05:00:00,INV1688,T-shirt,Fashion,5,700,3500,Card,City Center,Returning
2024-10-17 21:00:00,INV1689,Shoes,Fashion,4,2700,10800,Card,Riverside,New
2024-09-22 16:00:00,INV1690,Washing Machine,Home Appliances,1,15124,15124,Cash,Riverside,Returning
2024-01-22 19:00:00,INV1691,Notebook,Books,5,158,790,Card,Riverside,New
2024-04-09 17:00:00,INV1692,Mixer Grinder,Home Appliances,1,3583,3583,Online Gateway,Riverside,New
2024-04-18 01:00:00,INV1693,Pen Set,Books,5,-62,-310,Card,City Center,Returning
2024-10-28 16:00:00,INV1694,Notebook,Books,5,210,1050,UPI,Riverside,Returning
2024-10-16 01:00:00,INV1695,Novel,Books,2,440,880,Online Gateway,Riverside,Returning
2024-09-14 22:00:00,INV1696,Microwave,Home Appliances,2,6870,13740,Online Gateway,Riverside,Returning
2024-08-06 08:00:00,INV1697,Pen Set,Books,5,173,865,Card,City Center,New
2024-09-27 13:00:00,INV1698,Novel,Books,3,651,1953,UPI,City Center,New
2024-04-29 22:00:00,INV1699,Mixer Grinder,Home Appliances,5,3655,18275,UPI,City Center,Returning
2024-06-21 15:00:00,INV1700,Mixer Grinder,Home Appliances,4,3598,14392,Online Gateway,Riverside,Returning
2024-05-31 20:00:00,INV1701,Laptop,Electronics,5,59854,299270,Cash,Riverside,New
2024-07-03 16:00:00,INV1702,Laptop,Electronics,1,59902,59902,UPI,City Center,Returning
2024-02-23 04:00:00,INV1703,Notebook,Books,3,-26,-78,Cash,Riverside,New
2024-08-30 03:00:00,INV1704,Mixer Grinder,Home Appliances,1,3483,3483,Online Gateway,City Center,New
2024-01-13 14:00:00,INV1705,Pen Set,Books,5,49,245,Card,Riverside,New
2024-01-27 14:00:00,INV1706,Washing Machine,Home Appliances,4,15013,60052,UPI,City Center,New
2024-01-03 07:00:00,INV1707,Pen Set,Books,3,-47,-141,Online Gateway,City Center,Returning
2024-12-29 05:00:00,INV1708,Novel,Books,5,678,3390,Card,City Center,Returning
2024-12-05 14:00:00,INV1709,Microwave,Home Appliances,2,7149,14298,Cash,City Center,New
2024-03-29 13:00:00,INV1710,Pen Set,Books,5,-89,-445,Online Gateway,City Center,Returning
2024-01-16 04:00:00,INV1711,T-shirt,Fashion,5,735,3675,Card,City Center,Returning
2024-10-10 17:00:00,INV1712,Laptop,Electronics,3,60038,180114,Card,City Center,New
2024-07-11 13:00:00,INV1713,Jeans,Fashion,5,1626,8130,UPI,Riverside,Returning
2024-08-01 14:00:00,INV1714,Smartphone,Electronics,3,20069,60207,Card,City Center,New
2024-08-01 10:00:00,INV1715,Mixer Grinder,Home Appliances,2,3512,7024,Online Gateway,City Center,Returning
2024-03-09 14:00:00,INV1716,Shoes,Fashion,2,2639,5278,UPI,Riverside,Returning
2024-02-08 06:00:00,INV1717,T-shirt,Fashion,2,985,1970,Online Gateway,City Center,New
2024-04-26 13:00:00,INV1718,Notebook,Books,3,128,384,Card,City Center,New
2024-09-28 02:00:00,INV1719,Notebook,Books,3,95,285,Cash,Riverside,Returning
2024-09-01 14:00:00,INV1720,Mixer Grinder,Home Appliances,3,3312,9936,UPI,Riverside,Returning
2024-03-04 19:00:00,INV1721,Laptop,Electronics,3,60133,180399,Card,Riverside,New
2024-12-06 12:00:00,INV1722,Smartphone,Electronics,2,20195,40390,Cash,City Center,New
2024-05-19 09:00:00,INV1723,Notebook,Books,2,250,500,Online Gateway,City Center,New
2024-11-15 17:00:00,INV1724,Mixer Grinder,Home Appliances,4,3631,14524,Cash,City Center,New
2024-10-16 13:00:00,INV1725,Microwave,Home Appliances,3,6819,20457,Cash,City Center,New
2024-10-13 18:00:00,INV1726,Headphones,Electronics,3,1585,4755,Cash,City Center,Returning
2024-03-20 10:00:00,INV1727,Washing Machine,Home Appliances,4,15030,60120,Online Gateway,Riverside,Returning
2024-05-08 14:00:00,INV1728,Laptop,Electronics,4,60144,240576,Cash,City Center,New
2024-12-05 16:00:00,INV1729,Pen Set,Books,5,-127,-635,Cash,Riverside,New
2024-08-27 14:00:00,INV1730,T-shirt,Fashion,3,910,2730,Cash,Riverside,Returning
2024-02-14 06:00:00,INV1731,Washing Machine,Home Appliances,4,15138,60552,Cash,Riverside,New
2024-03-23 08:00:00,INV1732,Mixer Grinder,Home Appliances,2,3369,6738,Online Gateway,Riverside,New
2024-02-24 00:00:00,INV1733,T-shirt,Fashion,3,605,1815,Card,City Center,New
2024-09-16 13:00:00,INV1734,Laptop,Electronics,5,60105,300525,Online Gateway,City Center,Returning
2024-11-14 09:00:00,INV1735,Shoes,Fashion,3,2408,7224,Online Gateway,City Center,New
2024-01-06 05:00:00,INV1736,Headphones,Electronics,2,1615,3230,UPI,City Center,New
2024-07-12 00:00:00,INV1737,Headphones,Electronics,5,1327,6635,Online Gateway,City Center,Returning
2024-09-19 00:00:00,INV1738,Notebook,Books,1,28,28,Cash,City Center,Returning
2024-05-29 20:00:00,INV1739,Jeans,Fashion,3,1665,4995,Card,City Center,Returning
2024-09-14 00:00:00,INV1740,Novel,Books,1,399,399,UPI,Riverside,Returning
2024-11-11 01:00:00,INV1741,Jeans,Fashion,5,1937,9685,UPI,City Center,Returning
2024-12-10 02:00:00,INV1742,Jeans,Fashion,4,1686,6744,Cash,Riverside,New
2024-01-10 16:00:00,INV1743,Shoes,Fashion,4,2441,9764,UPI,City Center,Returning
2024-09-22 11:00:00,INV1744,Microwave,Home Appliances,4,7028,28112,UPI,Riverside,Returning
2024-06-24 06:00:00,INV1745,Mixer Grinder,Home Appliances,1,3389,3389,Cash,Riverside,New
2024-11-26 23:00:00,INV1746,Mixer Grinder,Home Appliances,2,3434,6868,Cash,City Center,New
2024-10-14 03:00:00,INV1747,Mixer Grinder,Home Appliances,1,3597,3597,Online Gateway,City Center,New
2024-10-07 18:00:00,INV1748,Mixer Grinder,Home Appliances,3,3578,10734,Online Gateway,City Center,Returning
2024-04-13 00:00:00,INV1749,Washing Machine,Home Appliances,2,15195,30390,UPI,City Center,Returning
2024-04-24 03:00:00,INV1750,Mixer Grinder,Home Appliances,5,3346,16730,Online Gateway,Riverside,New
2024-08-13 01:00:00,INV1751,Notebook,Books,2,214,428,Card,City Center,Returning
2024-03-14 09:00:00,INV1752,Headphones,Electronics,2,1589,3178,Card,Riverside,Returning
2024-02-06 12:00:00,INV1753,Laptop,Electronics,2,60189,120378,Online Gateway,City Center,New
2024-06-07 20:00:00,INV1754,T-shirt,Fashion,3,719,2157,Cash,City Center,Returning
2024-03-01 20:00:00,INV1755,Washing Machine,Home Appliances,4,15032,60128,Cash,City Center,Returning
2024-03-13 05:00:00,INV1756,Smartphone,Electronics,5,20124,100620,UPI,Riverside,New
2024-03-07 21:00:00,INV1757,Washing Machine,Home Appliances,4,14987,59948,Cash,Riverside,Returning
2024-08-22 06:00:00,INV1758,Shoes,Fashion,5,2507,12535,UPI,Riverside,Returning
2024-10-08 23:00:00,INV1759,Microwave,Home Appliances,5,6803,34015,Card,Riverside,New
2024-10-18 02:00:00,INV1760,Shoes,Fashion,1,2563,2563,UPI,City Center,New
2024-05-26 13:00:00,INV1761,Headphones,Electronics,2,1485,2970,Cash,City Center,Returning
2024-06-04 15:00:00,INV1762,Jeans,Fashion,1,1846,1846,Online Gateway,Riverside,New
2024-12-17 10:00:00,INV1763,Novel,Books,2,631,1262,Online Gateway,City Center,New
2024-04-17 22:00:00,INV1764,Laptop,Electronics,2,60093,120186,Card,City Center,New
2024-02-14 07:00:00,INV1765,Novel,Books,2,328,656,Card,Riverside,New
2024-06-29 04:00:00,INV1766,Mixer Grinder,Home Appliances,4,3606,14424,Cash,Riverside,New
2024-08-10 14:00:00,INV1767,Shoes,Fashion,4,2610,10440,Online Gateway,Riverside,New
2024-01-01 05:00:00,INV1768,Shoes,Fashion,4,2607,10428,Card,City Center,Returning
2024-11-08 01:00:00,INV1769,Headphones,Electronics,3,1532,4596,Cash,City Center,Returning
2024-12-26 19:00:00,INV1770,Washing Machine,Home Appliances,2,14855,29710,Cash,City Center,Returning
2024-12-07 11:00:00,INV1771,Headphones,Electronics,5,1349,6745,Card,Riverside,New
2024-09-05 14:00:00,INV1772,Mixer Grinder,Home Appliances,5,3685,18425,Cash,City Center,Returning
2024-01-05 21:00:00,INV1773,Notebook,Books,2,208,416,Cash,Riverside,Returning
2024-04-16 07:00:00,INV1774,Jeans,Fashion,1,1957,1957,Online Gateway,City Center,Returning
2024-08-19 16:00:00,INV1775,Washing Machine,Home Appliances,3,15101,45303,Cash,Riverside,New
2024-06-27 17:00:00,INV1776,T-shirt,Fashion,4,992,3968,Card,City Center,Returning
2024-02-05 06:00:00,INV1777,Novel,Books,5,509,2545,UPI,City Center,New
2024-09-20 04:00:00,INV1778,Pen Set,Books,1,145,145,Cash,City Center,Returning
2024-09-26 13:00:00,INV1779,Notebook,Books,2,252,504,UPI,Riverside,Returning
2024-01-10 08:00:00,INV1780,Smartphone,Electronics,2,20018,40036,UPI,Riverside,Returning
2024-06-24 08:00:00,INV1781,Novel,Books,3,613,1839,UPI,Riverside,New
2024-09-18 19:00:00,INV1782,Washing Machine,Home Appliances,5,15085,75425,Online Gateway,City Center,Returning
2024-03-26 08:00:00,INV1783,Mixer Grinder,Home Appliances,5,3547,17735,UPI,Riverside,Returning
2024-09-16 17:00:00,INV1784,Pen Set,Books,4,226,904,Card,City Center,New
2024-03-17 04:00:00,INV1785,Microwave,Home Appliances,2,6851,13702,Card,Riverside,Returning
2024-03-20 21:00:00,INV1786,Mixer Grinder,Home Appliances,5,3656,18280,Cash,City Center,Returning
2024-06-25 10:00:00,INV1787,Notebook,Books,1,-54,-54,Card,Riverside,Returning
2024-10-18 04:00:00,INV1788,Smartphone,Electronics,1,19934,19934,Card,Riverside,New
2024-03-25 10:00:00,INV1789,Novel,Books,1,670,670,Online Gateway,Riverside,Returning
2024-06-05 00:00:00,INV1790,Pen Set,Books,5,-121,-605,Card,Riverside,Returning
2024-01-01 09:00:00,INV1791,Laptop,Electronics,2,60136,120272,UPI,City Center,New
2024-01-11 20:00:00,INV1792,Novel,Books,5,564,2820,Card,City Center,New
2024-09-08 14:00:00,INV1793,Jeans,Fashion,2,1935,3870,Cash,City Center,New
2024-04-02 11:00:00,INV1794,T-shirt,Fashion,4,780,3120,Online Gateway,Riverside,New
2024-10-20 09:00:00,INV1795,Mixer Grinder,Home Appliances,1,3677,3677,Cash,City Center,Returning
2024-03-26 20:00:00,INV1796,Pen Set,Books,5,148,740,UPI,Riverside,Returning
2024-08-08 07:00:00,INV1797,Shoes,Fashion,5,2399,11995,Online Gateway,Riverside,New
2024-03-08 11:00:00,INV1798,T-shirt,Fashion,2,808,1616,Cash,City Center,Returning
2024-12-20 16:00:00,INV1799,Jeans,Fashion,1,1862,1862,UPI,Riverside,Returning
2024-02-25 22:00:00,INV1800,Washing Machine,Home Appliances,5,15047,75235,Card,Riverside,Returning
2024-04-28 00:00:00,INV1801,Notebook,Books,4,200,800,Cash,Riverside,New
2024-04-27 16:00:00,INV1802,T-shirt,Fashion,1,795,795,Card,City Center,Returning
2024-03-24 02:00:00,INV1803,Washing Machine,Home Appliances,3,15064,45192,Cash,Riverside,New
2024-05-25 10:00:00,INV1804,T-shirt,Fashion,1,804,804,UPI,City Center,New
2024-11-28 16:00:00,INV1805,Microwave,Home Appliances,3,6981,20943,Card,Riverside,New
2024-03-07 20:00:00,INV1806,Pen Set,Books,2,105,210,Card,City Center,New
2024-01-10 19:00:00,INV1807,T-shirt,Fashion,2,717,1434,Card,City Center,Returning
2024-03-20 12:00:00,INV1808,Headphones,Electronics,1,1361,1361,Cash,Riverside,New
2024-12-22 23:00:00,INV1809,Mixer Grinder,Home Appliances,1,3546,3546,UPI,Riverside,Returning
2024-05-27 02:00:00,INV1810,Novel,Books,3,551,1653,Card,Riverside,Returning
2024-08-07 00:00:00,INV1811,Shoes,Fashion,5,2365,11825,Cash,Riverside,Returning
2024-04-19 19:00:00,INV1812,Mixer Grinder,Home Appliances,1,3557,3557,UPI,Riverside,New
2024-12-06 02:00:00,INV1813,Microwave,Home Appliances,1,7157,7157,Online Gateway,Riverside,New
2024-04-16 16:00:00,INV1814,Laptop,Electronics,2,59994,119988,Cash,Riverside,Returning
2024-08-13 15:00:00,INV1815,Novel,Books,3,395,1185,UPI,City Center,Returning
2024-05-21 07:00:00,INV1816,Microwave,Home Appliances,5,6975,34875,UPI,City Center,Returning
2024-09-04 23:00:00,INV1817,Washing Machine,Home Appliances,2,15014,30028,UPI,Riverside,Returning
2024-08-15 20:00:00,INV1818,T-shirt,Fashion,4,692,2768,Card,City Center,New
2024-11-29 15:00:00,INV1819,Pen Set,Books,3,-30,-90,Online Gateway,Riverside,New
2024-09-24 05:00:00,INV1820,Headphones,Electronics,2,1542,3084,Cash,City Center,Returning
2024-10-16 05:00:00,INV1821,Microwave,Home Appliances,2,7122,14244,UPI,Riverside,Returning
2024-07-19 20:00:00,INV1822,T-shirt,Fashion,5,890,4450,Cash,Riverside,New
2024-04-30 18:00:00,INV1823,Pen Set,Books,2,-120,-240,Card,Riverside,Returning
2024-11-10 10:00:00,INV1824,Notebook,Books,1,130,130,UPI,Riverside,Returning
2024-01-04 05:00:00,INV1825,Jeans,Fashion,5,1885,9425,UPI,Riverside,New
2024-11-11 17:00:00,INV1826,Washing Machine,Home Appliances,1,14979,14979,Card,City Center,Returning
2024-06-25 03:00:00,INV1827,Jeans,Fashion,3,1944,5832,Online Gateway,Riverside,New
2024-01-26 00:00:00,INV1828,Washing Machine,Home Appliances,5,14946,74730,Online Gateway,City Center,New
2024-02-14 09:00:00,INV1829,Notebook,Books,3,115,345,Online Gateway,City Center,New
2024-03-30 00:00:00,INV1830,Headphones,Electronics,3,1416,4248,UPI,Riverside,Returning
2024-10-16 07:00:00,INV1831,Pen Set,Books,3,159,477,Online Gateway,Riverside,Returning
2024-11-21 04:00:00,INV1832,Jeans,Fashion,5,1866,9330,Online Gateway,Riverside,New
2024-09-30 13:00:00,INV1833,Headphones,Electronics,1,1364,1364,Card,Riverside,New
2024-09-06 08:00:00,INV1834,Shoes,Fashion,2,2503,5006,Cash,City Center,New
2024-08-02 06:00:00,INV1835,Microwave,Home Appliances,5,6827,34135,Cash,Riverside,New
2024-07-13 14:00:00,INV1836,Smartphone,Electronics,3,20116,60348,Card,City Center,Returning
2024-04-01 06:00:00,INV1837,T-shirt,Fashion,2,726,1452,UPI,Riverside,New
2024-04-23 00:00:00,INV1838,Headphones,Electronics,5,1387,6935,Cash,City Center,Returning
2024-04-01 08:00:00,INV1839,Jeans,Fashion,4,1839,7356,UPI,Riverside,New
2024-02-22 00:00:00,INV1840,Pen Set,Books,5,-60,-300,Online Gateway,Riverside,Returning
2024-06-17 01:00:00,INV1841,Jeans,Fashion,4,1876,7504,Card,City Center,Returning
2024-03-24 05:00:00,INV1842,T-shirt,Fashion,3,811,2433,UPI,City Center,Returning
2024-06-02 15:00:00,INV1843,Laptop,Electronics,1,60067,60067,Card,Riverside,Returning
2024-06-16 10:00:00,INV1844,Microwave,Home Appliances,5,6804,34020,Online Gateway,Riverside,Returning
2024-03-23 02:00:00,INV1845,Laptop,Electronics,4,59949,239796,Card,City Center,Returning
2024-12-15 13:00:00,INV1846,Shoes,Fashion,4,2587,10348,Online Gateway,Riverside,New
2024-08-28 05:00:00,INV1847,Headphones,Electronics,4,1493,5972,Card,Riverside,New
2024-02-20 02:00:00,INV1848,Washing Machine,Home Appliances,2,15064,30128,UPI,Riverside,Returning
2024-12-04 23:00:00,INV1849,Washing Machine,Home Appliances,2,14835,29670,Card,City Center,Returning
2024-08-19 23:00:00,INV1850,Smartphone,Electronics,4,20116,80464,Online Gateway,Riverside,Returning
2024-11-15 11:00:00,INV1851,Shoes,Fashion,3,2309,6927,Card,City Center,New
2024-08-27 06:00:00,INV1852,Headphones,Electronics,1,1444,1444,UPI,City Center,Returning
2024-08-29 04:00:00,INV1853,Pen Set,Books,1,-31,-31,Cash,City Center,New
2024-08-13 08:00:00,INV1854,Microwave,Home Appliances,2,6975,13950,Online Gateway,Riverside,Returning
2024-12-27 05:00:00,INV1855,Jeans,Fashion,4,1956,7824,Cash,Riverside,New
2024-02-08 10:00:00,INV1856,Headphones,Electronics,1,1436,1436,Online Gateway,City Center,Returning
2024-01-18 11:00:00,INV1857,Headphones,Electronics,2,1428,2856,Online Gateway,City Center,New
2024-04-01 20:00:00,INV1858,Pen Set,Books,2,47,94,Online Gateway,City Center,New
2024-02-16 16:00:00,INV1859,Shoes,Fashion,4,2676,10704,Cash,City Center,Returning
2024-02-09 14:00:00,INV1860,Washing Machine,Home Appliances,3,14965,44895,Card,City Center,New
2024-04-07 08:00:00,INV1861,T-shirt,Fashion,4,926,3704,UPI,City Center,Returning
2024-08-11 21:00:00,INV1862,Laptop,Electronics,2,59857,119714,Card,Riverside,Returning
2024-04-03 11:00:00,INV1863,Laptop,Electronics,2,59941,119882,Cash,Riverside,New
2024-04-20 05:00:00,INV1864,Laptop,Electronics,1,60097,60097,Online Gateway,City Center,Returning
2024-07-11 04:00:00,INV1865,Smartphone,Electronics,2,19880,39760,Online Gateway,City Center,Returning
2024-03-18 17:00:00,INV1866,Notebook,Books,1,-70,-70,UPI,City Center,New
2024-09-08 04:00:00,INV1867,Headphones,Electronics,4,1419,5676,UPI,Riverside,Returning
2024-11-01 06:00:00,INV1868,Pen Set,Books,2,-140,-280,Online Gateway,Riverside,New
2024-09-22 11:00:00,INV1869,T-shirt,Fashion,1,848,848,Online Gateway,Riverside,Returning
2024-09-21 23:00:00,INV1870,Shoes,Fashion,5,2395,11975,UPI,Riverside,Returning
2024-11-23 15:00:00,INV1871,T-shirt,Fashion,5,883,4415,Card,City Center,New
2024-05-14 12:00:00,INV1872,Microwave,Home Appliances,3,6934,20802,UPI,Riverside,New
2024-06-03 23:00:00,INV1873,Notebook,Books,5,94,470,Card,City Center,Returning
2024-04-08 19:00:00,INV1874,Novel,Books,2,464,928,Cash,Riverside,New
2024-04-30 11:00:00,INV1875,Mixer Grinder,Home Appliances,4,3692,14768,Card,Riverside,Returning
2024-06-05 12:00:00,INV1876,Washing Machine,Home Appliances,3,14856,44568,Cash,City Center,New
2024-06-25 01:00:00,INV1877,Headphones,Electronics,2,1316,2632,Card,City Center,Returning
2024-01-04 22:00:00,INV1878,Shoes,Fashion,1,2316,2316,Online Gateway,Riverside,Returning
2024-04-21 10:00:00,INV1879,Laptop,Electronics,3,59913,179739,Cash,City Center,New
2024-10-14 10:00:00,INV1880,Notebook,Books,4,-60,-240,Online Gateway,City Center,Returning
2024-02-03 01:00:00,INV1881,Mixer Grinder,Home Appliances,4,3488,13952,Cash,Riverside,New
2024-03-29 04:00:00,INV1882,Pen Set,Books,1,5,5,Cash,City Center,New
2024-08-28 19:00:00,INV1883,Smartphone,Electronics,2,20072,40144,Online Gateway,City Center,New
2024-09-13 22:00:00,INV1884,Mixer Grinder,Home Appliances,2,3591,7182,Card,Riverside,New
2024-02-03 22:00:00,INV1885,Notebook,Books,5,83,415,Online Gateway,Riverside,New
2024-01-15 09:00:00,INV1886,Headphones,Electronics,2,1581,3162,Online Gateway,Riverside,New
2024-12-22 10:00:00,INV1887,Mixer Grinder,Home Appliances,5,3526,17630,UPI,Riverside,Returning
2024-04-11 19:00:00,INV1888,Jeans,Fashion,4,1991,7964,Online Gateway,Riverside,New
2024-11-20 07:00:00,INV1889,Novel,Books,5,409,2045,Online Gateway,Riverside,Returning
2024-02-11 00:00:00,INV1890,Microwave,Home Appliances,4,7003,28012,Cash,City Center,Returning
2024-11-20 14:00:00,INV1891,Novel,Books,1,565,565,Card,Riverside,New
2024-02-04 11:00:00,INV1892,T-shirt,Fashion,2,709,1418,UPI,City Center,Returning
2024-05-27 03:00:00,INV1893,Mixer Grinder,Home Appliances,5,3584,17920,Card,City Center,New
2024-10-24 19:00:00,INV1894,Microwave,Home Appliances,3,6879,20637,Card,Riverside,Returning
2024-07-04 11:00:00,INV1895,Novel,Books,2,419,838,UPI,Riverside,New
2024-06-10 12:00:00,INV1896,Novel,Books,4,591,2364,Card,City Center,Returning
2024-09-05 07:00:00,INV1897,Microwave,Home Appliances,2,7049,14098,Cash,Riverside,New
2024-01-06 06:00:00,INV1898,Pen Set,Books,5,45,225,Cash,City Center,Returning
2024-05-12 09:00:00,INV1899,Jeans,Fashion,4,1813,7252,Cash,City Center,New
2024-09-08 00:00:00,INV1900,Notebook,Books,4,-73,-292,UPI,City Center,Returning
2024-07-31 21:00:00,INV1901,Mixer Grinder,Home Appliances,5,3376,16880,UPI,City Center,New
2024-06-21 18:00:00,INV1902,Laptop,Electronics,4,60028,240112,Cash,City Center,Returning
2024-10-26 20:00:00,INV1903,T-shirt,Fashion,4,675,2700,Card,Riverside,New
2024-05-20 08:00:00,INV1904,Microwave,Home Appliances,5,7181,35905,Cash,Riverside,Returning
2024-06-07 05:00:00,INV1905,Smartphone,Electronics,4,20056,80224,Online Gateway,City Center,New
2024-03-15 16:00:00,INV1906,Microwave,Home Appliances,5,6901,34505,Online Gateway,Riverside,New
2024-08-26 20:00:00,INV1907,Mixer Grinder,Home Appliances,5,3676,18380,Card,City Center,New
2024-05-24 20:00:00,INV1908,T-shirt,Fashion,4,765,3060,Cash,City Center,Returning
2024-05-22 09:00:00,INV1909,Washing Machine,Home Appliances,3,14978,44934,Card,Riverside,Returning
2024-03-09 13:00:00,INV1910,Novel,Books,1,694,694,UPI,City Center,Returning
2024-05-06 06:00:00,INV1911,Novel,Books,4,619,2476,Card,Riverside,New
2024-04-29 16:00:00,INV1912,Shoes,Fashion,2,2650,5300,UPI,City Center,New
2024-05-08 00:00:00,INV1913,Smartphone,Electronics,1,19924,19924,Card,Riverside,New
2024-03-18 06:00:00,INV1914,Jeans,Fashion,1,1756,1756,Online Gateway,Riverside,New
2024-06-16 13:00:00,INV1915,Jeans,Fashion,2,1978,3956,Card,City Center,Returning
2024-07-13 06:00:00,INV1916,Mixer Grinder,Home Appliances,4,3618,14472,Card,City Center,Returning
2024-09-28 10:00:00,INV1917,Novel,Books,5,322,1610,UPI,City Center,New
2024-07-28 15:00:00,INV1918,T-shirt,Fashion,2,956,1912,UPI,City Center,Returning
2024-04-22 20:00:00,INV1919,Notebook,Books,1,-66,-66,Online Gateway,Riverside,Returning
2024-10-23 08:00:00,INV1920,Smartphone,Electronics,1,19949,19949,Online Gateway,City Center,Returning
2024-12-15 17:00:00,INV1921,Mixer Grinder,Home Appliances,1,3461,3461,Online Gateway,City Center,New
2024-05-26 03:00:00,INV1922,Shoes,Fashion,5,2534,12670,Cash,City Center,New
2024-09-26 00:00:00,INV1923,Mixer Grinder,Home Appliances,3,3470,10410,Online Gateway,Riverside,New
2024-06-24 12:00:00,INV1924,Laptop,Electronics,3,60150,180450,UPI,Riverside,Returning
2024-11-28 02:00:00,INV1925,Shoes,Fashion,5,2441,12205,Cash,Riverside,Returning
2024-01-23 08:00:00,INV1926,Laptop,Electronics,5,59943,299715,Card,City Center,Returning
2024-03-08 17:00:00,INV1927,Washing Machine,Home Appliances,2,14844,29688,Online Gateway,City Center,Returning
2024-11-28 05:00:00,INV1928,Shoes,Fashion,5,2378,11890,Online Gateway,Riverside,Returning
2024-12-23 09:00:00,INV1929,Microwave,Home Appliances,5,6867,34335,Card,City Center,New
2024-12-02 06:00:00,INV1930,Headphones,Electronics,3,1652,4956,Card,Riverside,New
2024-12-27 02:00:00,INV1931,Notebook,Books,5,-20,-100,UPI,City Center,New
2024-12-24 17:00:00,INV1932,Headphones,Electronics,3,1374,4122,Cash,Riverside,Returning
2024-09-27 10:00:00,INV1933,Washing Machine,Home Appliances,3,15026,45078,UPI,City Center,New
2024-05-30 00:00:00,INV1934,Smartphone,Electronics,2,19894,39788,Cash,Riverside,New
2024-10-09 15:00:00,INV1935,Novel,Books,2,418,836,Cash,Riverside,New
2024-07-26 03:00:00,INV1936,Pen Set,Books,4,-82,-328,Online Gateway,Riverside,New
2024-02-20 05:00:00,INV1937,Washing Machine,Home Appliances,4,15042,60168,Card,City Center,New
2024-03-23 22:00:00,INV1938,Shoes,Fashion,1,2509,2509,Cash,Riverside,Returning
2024-08-08 19:00:00,INV1939,Shoes,Fashion,2,2687,5374,Card,City Center,New
2024-05-28 20:00:00,INV1940,Microwave,Home Appliances,5,7050,35250,UPI,Riverside,New
2024-09-05 23:00:00,INV1941,Washing Machine,Home Appliances,4,15197,60788,Cash,Riverside,Returning
2024-09-20 08:00:00,INV1942,Washing Machine,Home Appliances,5,15180,75900,Cash,City Center,Returning
2024-07-01 12:00:00,INV1943,Microwave,Home Appliances,1,6925,6925,Online Gateway,City Center,Returning
2024-07-17 05:00:00,INV1944,Mixer Grinder,Home Appliances,1,3397,3397,UPI,Riverside,Returning
2024-04-23 01:00:00,INV1945,T-shirt,Fashion,3,836,2508,Card,Riverside,Returning
2024-08-20 20:00:00,INV1946,Novel,Books,1,653,653,Card,Riverside,Returning
2024-02-10 06:00:00,INV1947,Smartphone,Electronics,5,19857,99285,Card,City Center,Returning
2024-07-25 00:00:00,INV1948,Washing Machine,Home Appliances,3,15030,45090,Cash,City Center,Returning
2024-05-23 00:00:00,INV1949,Novel,Books,2,532,1064,Cash,Riverside,Returning
2024-01-29 16:00:00,INV1950,Pen Set,Books,2,217,434,Cash,City Center,New
2024-06-25 19:00:00,INV1951,Pen Set,Books,4,174,696,UPI,City Center,Returning
2024-06-03 05:00:00,INV1952,Pen Set,Books,5,163,815,Card,Riverside,Returning
2024-12-21 13:00:00,INV1953,Laptop,Electronics,2,59971,119942,Card,City Center,New
2024-08-03 22:00:00,INV1954,Headphones,Electronics,1,1514,1514,UPI,Riverside,Returning
2024-10-06 08:00:00,INV1955,T-shirt,Fashion,2,660,1320,Card,City Center,New
2024-07-03 06:00:00,INV1956,Novel,Books,3,306,918,Online Gateway,Riverside,Returning
2024-03-14 07:00:00,INV1957,Mixer Grinder,Home Appliances,1,3611,3611,Online Gateway,City Center,New
2024-04-13 10:00:00,INV1958,Novel,Books,4,532,2128,Online Gateway,Riverside,New
2024-12-01 18:00:00,INV1959,Novel,Books,5,303,1515,Card,Riverside,New
2024-02-09 15:00:00,INV1960,Laptop,Electronics,2,59875,119750,Cash,Riverside,New
2024-03-27 15:00:00,INV1961,Headphones,Electronics,1,1641,1641,UPI,Riverside,New
2024-04-23 05:00:00,INV1962,Laptop,Electronics,1,60013,60013,Card,City Center,Returning
2024-07-07 12:00:00,INV1963,Novel,Books,5,593,2965,Card,Riverside,Returning
2024-12-19 05:00:00,INV1964,Laptop,Electronics,1,60193,60193,UPI,Riverside,Returning
2024-10-31 15:00:00,INV1965,Washing Machine,Home Appliances,1,15188,15188,Online Gateway,City Center,Returning
2024-10-26 10:00:00,INV1966,Microwave,Home Appliances,2,6862,13724,UPI,Riverside,Returning
2024-03-27 01:00:00,INV1967,Mixer Grinder,Home Appliances,2,3656,7312,Card,City Center,New
2024-02-02 00:00:00,INV1968,Novel,Books,5,344,1720,Online Gateway,Riverside,Returning
2024-08-16 18:00:00,INV1969,Novel,Books,3,432,1296,UPI,City Center,Returning
2024-10-03 21:00:00,INV1970,Mixer Grinder,Home Appliances,4,3552,14208,Card,City Center,Returning
2024-07-30 19:00:00,INV1971,Shoes,Fashion,1,2360,2360,Cash,Riverside,New
2024-08-06 00:00:00,INV1972,Pen Set,Books,2,165,330,Online Gateway,Riverside,New
2024-08-29 13:00:00,INV1973,Jeans,Fashion,3,1886,5658,Card,City Center,New
2024-07-24 06:00:00,INV1974,Pen Set,Books,3,-20,-60,Cash,Riverside,Returning
2024-09-07 16:00:00,INV1975,Mixer Grinder,Home Appliances,5,3465,17325,Cash,City Center,Returning
2024-05-18 23:00:00,INV1976,Jeans,Fashion,4,1970,7880,Cash,City Center,New
2024-11-30 22:00:00,INV1977,Jeans,Fashion,3,1944,5832,Online Gateway,Riverside,New
2024-07-22 01:00:00,INV1978,Notebook,Books,2,146,292,Card,Riverside,Returning
2024-03-02 17:00:00,INV1979,Microwave,Home Appliances,4,7180,28720,Cash,Riverside,Returning
2024-09-19 17:00:00,INV1980,Mixer Grinder,Home Appliances,5,3309,16545,Card,Riverside,Returning
2024-05-23 19:00:00,INV1981,Smartphone,Electronics,2,19943,39886,Cash,Riverside,Returning
2024-01-03 06:00:00,INV1982,Notebook,Books,5,-16,-80,Online Gateway,City Center,New
2024-11-14 11:00:00,INV1983,T-shirt,Fashion,3,963,2889,Cash,Riverside,Returning
2024-05-24 06:00:00,INV1984,Smartphone,Electronics,4,19921,79684,UPI,Riverside,Returning
2024-02-04 16:00:00,INV1985,Shoes,Fashion,5,2454,12270,Card,City Center,Returning
2024-09-05 02:00:00,INV1986,Laptop,Electronics,2,59847,119694,Online Gateway,City Center,Returning
2024-12-20 23:00:00,INV1987,Mixer Grinder,Home Appliances,2,3397,6794,UPI,Riverside,Returning
2024-10-27 21:00:00,INV1988,Jeans,Fashion,2,1993,3986,Cash,City Center,New
2024-05-17 22:00:00,INV1989,Pen Set,Books,1,85,85,Online Gateway,City Center,New
2024-05-17 12:00:00,INV1990,T-shirt,Fashion,1,951,951,Cash,Riverside,Returning
2024-10-07 02:00:00,INV1991,Laptop,Electronics,1,60066,60066,UPI,City Center,Returning
2024-10-27 18:00:00,INV1992,Notebook,Books,2,64,128,Card,City Center,Returning
2024-11-20 00:00:00,INV1993,T-shirt,Fashion,5,763,3815,Online Gateway,City Center,Returning
2024-06-02 03:00:00,INV1994,Headphones,Electronics,2,1440,2880,Cash,City Center,New
2024-05-07 06:00:00,INV1995,Shoes,Fashion,5,2479,12395,UPI,Riverside,New
2024-11-28 02:00:00,INV1996,Pen Set,Books,3,143,429,Card,City Center,New
2024-03-30 07:00:00,INV1997,T-shirt,Fashion,5,773,3865,Online Gateway,City Center,New
2024-08-04 23:00:00,INV1998,Laptop,Electronics,4,60145,240580,Cash,City Center,Returning
2024-04-15 18:00:00,INV1999,Laptop,Electronics,1,60018,60018,Online Gateway,City Center,Returning
2024-07-08 11:00:00,INV2000,Novel,Books,3,459,1377,UPI,City Center,New
2024-08-22 03:00:00,INV2001,Microwave,Home Appliances,5,6867,34335,Cash,Riverside,New
2024-12-14 04:00:00,INV2002,Microwave,Home Appliances,3,7150,21450,Online Gateway,Riverside,New
2024-10-02 12:00:00,INV2003,Shoes,Fashion,2,2615,5230,UPI,Riverside,Returning
2024-07-27 13:00:00,INV2004,Headphones,Electronics,3,1466,4398,Online Gateway,Riverside,New
2024-02-04 06:00:00,INV2005,Smartphone,Electronics,4,19857,79428,UPI,Riverside,Returning
2024-02-09 07:00:00,INV2006,Headphones,Electronics,3,1693,5079,UPI,City Center,New
2024-09-13 06:00:00,INV2007,Washing Machine,Home Appliances,1,14966,14966,Cash,Riverside,Returning
2024-07-03 09:00:00,INV2008,Washing Machine,Home Appliances,5,15011,75055,Card,City Center,New
2024-04-01 14:00:00,INV2009,Microwave,Home Appliances,4,6833,27332,UPI,City Center,Returning
2024-06-25 18:00:00,INV2010,Washing Machine,Home Appliances,5,14975,74875,Card,City Center,New
2024-06-02 23:00:00,INV2011,Pen Set,Books,5,99,495,Cash,Riverside,Returning
2024-05-23 20:00:00,INV2012,Mixer Grinder,Home Appliances,1,3527,3527,Card,Riverside,Returning
2024-02-24 12:00:00,INV2013,Smartphone,Electronics,5,19855,99275,Online Gateway,Riverside,Returning
2024-06-23 01:00:00,INV2014,Notebook,Books,1,-54,-54,Card,City Center,New
2024-12-28 17:00:00,INV2015,Headphones,Electronics,2,1531,3062,UPI,Riverside,Returning
2024-10-12 12:00:00,INV2016,Shoes,Fashion,2,2648,5296,UPI,Riverside,Returning
2024-09-08 11:00:00,INV2017,Washing Machine,Home Appliances,3,14845,44535,Cash,Riverside,New
2024-05-29 18:00:00,INV2018,T-shirt,Fashion,1,789,789,Cash,City Center,Returning
2024-07-20 17:00:00,INV2019,Smartphone,Electronics,3,19815,59445,Card,Riverside,Returning
2024-02-28 17:00:00,INV2020,Notebook,Books,3,264,792,Online Gateway,Riverside,Returning
2024-07-09 06:00:00,INV2021,Washing Machine,Home Appliances,5,14908,74540,Card,Riverside,New
2024-07-06 03:00:00,INV2022,Shoes,Fashion,5,2496,12480,UPI,Riverside,New
2024-03-05 19:00:00,INV2023,T-shirt,Fashion,2,668,1336,Cash,City Center,New
2024-02-03 12:00:00,INV2024,Headphones,Electronics,4,1636,6544,Online Gateway,City Center,New
2024-02-23 07:00:00,INV2025,Headphones,Electronics,4,1533,6132,Online Gateway,City Center,Returning
2024-10-22 03:00:00,INV2026,Mixer Grinder,Home Appliances,4,3582,14328,Online Gateway,Riverside,Returning
2024-09-06 10:00:00,INV2027,Shoes,Fashion,2,2517,5034,Cash,Riverside,New
2024-08-22 03:00:00,INV2028,Pen Set,Books,5,-13,-65,Online Gateway,Riverside,New
2024-02-27 19:00:00,INV2029,Laptop,Electronics,5,60047,300235,UPI,City Center,Returning
2024-04-21 15:00:00,INV2030,Pen Set,Books,1,-78,-78,UPI,Riverside,New
2024-03-28 18:00:00,INV2031,Mixer Grinder,Home Appliances,5,3345,16725,Card,Riverside,New
2024-12-06 13:00:00,INV2032,Notebook,Books,5,196,980,UPI,City Center,Returning
2024-06-24 23:00:00,INV2033,Mixer Grinder,Home Appliances,1,3540,3540,Online Gateway,Riverside,Returning
2024-07-20 07:00:00,INV2034,Washing Machine,Home Appliances,3,14950,44850,UPI,City Center,New
2024-04-25 08:00:00,INV2035,Pen Set,Books,5,233,1165,UPI,Riverside,New
2024-05-12 18:00:00,INV2036,Notebook,Books,4,196,784,Card,City Center,Returning
2024-04-17 05:00:00,INV2037,Pen Set,Books,5,-137,-685,UPI,Riverside,New
2024-04-18 07:00:00,INV2038,Headphones,Electronics,5,1339,6695,UPI,Riverside,New
2024-06-17 01:00:00,INV2039,Novel,Books,3,440,1320,UPI,City Center,New
2024-12-17 04:00:00,INV2040,Novel,Books,2,602,1204,Card,Riverside,Returning
2024-02-24 08:00:00,INV2041,Headphones,Electronics,3,1700,5100,Card,Riverside,New
2024-11-03 00:00:00,INV2042,Mixer Grinder,Home Appliances,1,3475,3475,Cash,City Center,New
2024-09-01 21:00:00,INV2043,Microwave,Home Appliances,4,7194,28776,Online Gateway,City Center,Returning
2024-02-24 05:00:00,INV2044,Pen Set,Books,2,-43,-86,UPI,City Center,Returning
2024-04-15 21:00:00,INV2045,Smartphone,Electronics,1,19885,19885,Online Gateway,Riverside,Returning
2024-03-26 11:00:00,INV2046,T-shirt,Fashion,4,982,3928,Card,Riverside,Returning
2024-10-10 17:00:00,INV2047,Microwave,Home Appliances,3,6874,20622,Online Gateway,City Center,Returning
2024-12-25 17:00:00,INV2048,Microwave,Home Appliances,4,7147,28588,UPI,City Center,New
2024-01-04 02:00:00,INV2049,Mixer Grinder,Home Appliances,3,3521,10563,UPI,Riverside,Returning
2024-10-17 21:00:00,INV2050,T-shirt,Fashion,1,730,730,Online Gateway,Riverside,New
2024-08-16 03:00:00,INV2051,Pen Set,Books,5,244,1220,Card,Riverside,New
2024-12-09 00:00:00,INV2052,Jeans,Fashion,5,1605,8025,Cash,City Center,New
2024-10-26 08:00:00,INV2053,Washing Machine,Home Appliances,1,15068,15068,Cash,Riverside,Returning
2024-08-29 12:00:00,INV2054,Shoes,Fashion,3,2428,7284,Card,City Center,New
2024-10-24 13:00:00,INV2055,Novel,Books,1,329,329,Card,City Center,New
2024-03-08 14:00:00,INV2056,Smartphone,Electronics,5,19866,99330,Online Gateway,City Center,New
2024-12-01 01:00:00,INV2057,Pen Set,Books,2,-21,-42,UPI,Riverside,New
2024-01-15 05:00:00,INV2058,Notebook,Books,4,41,164,Online Gateway,Riverside,Returning
2024-03-27 10:00:00,INV2059,Headphones,Electronics,1,1441,1441,Cash,Riverside,Returning
2024-11-29 00:00:00,INV2060,Jeans,Fashion,1,1732,1732,UPI,City Center,Returning
2024-01-27 21:00:00,INV2061,Smartphone,Electronics,4,19902,79608,Online Gateway,City Center,Returning
2024-06-26 15:00:00,INV2062,Smartphone,Electronics,2,20076,40152,Online Gateway,City Center,New
2024-09-12 16:00:00,INV2063,Microwave,Home Appliances,3,6852,20556,Cash,City Center,New
2024-12-26 06:00:00,INV2064,Novel,Books,3,697,2091,Online Gateway,City Center,Returning
2024-05-03 17:00:00,INV2065,Headphones,Electronics,1,1319,1319,Online Gateway,Riverside,New
2024-05-06 04:00:00,INV2066,Pen Set,Books,3,50,150,Cash,Riverside,Returning
2024-11-14 11:00:00,INV2067,Washing Machine,Home Appliances,4,15172,60688,Cash,City Center,New
2024-04-21 17:00:00,INV2068,Washing Machine,Home Appliances,4,14862,59448,UPI,Riverside,Returning
2024-05-31 05:00:00,INV2069,Washing Machine,Home Appliances,1,15123,15123,Cash,Riverside,Returning
2024-06-25 01:00:00,INV2070,Smartphone,Electronics,4,20189,80756,UPI,City Center,New
2024-05-07 19:00:00,INV2071,Mixer Grinder,Home Appliances,1,3496,3496,Card,Riverside,Returning
2024-09-04 13:00:00,INV2072,Smartphone,Electronics,3,20049,60147,Cash,Riverside,New
2024-02-27 18:00:00,INV2073,Headphones,Electronics,1,1398,1398,Cash,City Center,Returning
2024-04-29 10:00:00,INV2074,Washing Machine,Home Appliances,1,15076,15076,UPI,Riverside,Returning
2024-07-18 12:00:00,INV2075,Laptop,Electronics,1,59973,59973,Cash,Riverside,New
2024-08-16 18:00:00,INV2076,Washing Machine,Home Appliances,1,14908,14908,Online Gateway,City Center,New
2024-06-20 20:00:00,INV2077,Smartphone,Electronics,1,20176,20176,Card,Riverside,New
2024-12-13 12:00:00,INV2078,Microwave,Home Appliances,5,6823,34115,Card,City Center,New
2024-06-09 10:00:00,INV2079,Headphones,Electronics,1,1457,1457,Cash,Riverside,New
2024-08-13 15:00:00,INV2080,Novel,Books,1,354,354,Cash,Riverside,New
2024-11-15 23:00:00,INV2081,Smartphone,Electronics,2,20018,40036,UPI,Riverside,Returning
2024-10-11 03:00:00,INV2082,Smartphone,Electronics,5,20079,100395,Card,Riverside,New
2024-12-15 02:00:00,INV2083,Laptop,Electronics,5,59888,299440,UPI,City Center,New
2024-02-25 13:00:00,INV2084,T-shirt,Fashion,2,987,1974,Online Gateway,City Center,Returning
2024-06-21 22:00:00,INV2085,Mixer Grinder,Home Appliances,2,3524,7048,Card,City Center,New
2024-10-08 22:00:00,INV2086,Smartphone,Electronics,5,19992,99960,Card,City Center,Returning
2024-04-22 23:00:00,INV2087,Smartphone,Electronics,1,19803,19803,Card,City Center,Returning
2024-07-21 05:00:00,INV2088,Washing Machine,Home Appliances,4,15154,60616,Card,City Center,New
2024-09-15 20:00:00,INV2089,Notebook,Books,3,167,501,Online Gateway,Riverside,New
2024-11-07 15:00:00,INV2090,Headphones,Electronics,5,1654,8270,Cash,City Center,Returning
2024-08-13 08:00:00,INV2091,Novel,Books,1,621,621,UPI,Riverside,Returning
2024-11-17 11:00:00,INV2092,Laptop,Electronics,5,59920,299600,Card,City Center,New
2024-03-14 10:00:00,INV2093,Novel,Books,3,689,2067,Card,Riverside,New
2024-10-22 21:00:00,INV2094,T-shirt,Fashion,1,699,699,Cash,City Center,Returning
2024-11-15 18:00:00,INV2095,Microwave,Home Appliances,2,6881,13762,Cash,City Center,Returning
2024-09-12 02:00:00,INV2096,T-shirt,Fashion,2,822,1644,UPI,Riverside,Returning
2024-01-21 01:00:00,INV2097,Laptop,Electronics,1,60179,60179,Cash,City Center,New
2024-01-07 09:00:00,INV2098,Laptop,Electronics,4,60063,240252,Cash,City Center,New
2024-11-13 09:00:00,INV2099,Pen Set,Books,4,153,612,UPI,Riverside,New
2024-03-04 12:00:00,INV2100,Pen Set,Books,3,-33,-99,Cash,Riverside,New
2024-03-29 08:00:00,INV2101,Smartphone,Electronics,2,20177,40354,Online Gateway,City Center,Returning
2024-04-07 15:00:00,INV2102,Shoes,Fashion,1,2541,2541,Online Gateway,City Center,Returning
2024-08-02 00:00:00,INV2103,Headphones,Electronics,2,1612,3224,Online Gateway,City Center,Returning
2024-08-28 00:00:00,INV2104,Jeans,Fashion,2,1834,3668,Card,Riverside,Returning
2024-02-21 16:00:00,INV2105,Shoes,Fashion,3,2365,7095,Cash,City Center,Returning
2024-01-03 12:00:00,INV2106,Headphones,Electronics,1,1538,1538,Online Gateway,Riverside,New
2024-03-09 07:00:00,INV2107,Jeans,Fashion,2,1751,3502,Card,City Center,New
2024-09-14 17:00:00,INV2108,Smartphone,Electronics,4,20067,80268,Online Gateway,City Center,Returning
2024-11-28 02:00:00,INV2109,Microwave,Home Appliances,3,6807,20421,Online Gateway,City Center,New
2024-02-22 04:00:00,INV2110,Jeans,Fashion,4,1896,7584,Card,City Center,New
2024-06-24 03:00:00,INV2111,Washing Machine,Home Appliances,1,14820,14820,Online Gateway,City Center,Returning
2024-12-14 11:00:00,INV2112,Mixer Grinder,Home Appliances,4,3545,14180,Cash,Riverside,Returning
2024-05-27 21:00:00,INV2113,Shoes,Fashion,1,2585,2585,Cash,Riverside,New
2024-06-23 21:00:00,INV2114,Headphones,Electronics,3,1451,4353,Card,City Center,New
2024-10-19 01:00:00,INV2115,Microwave,Home Appliances,3,6882,20646,Online Gateway,City Center,Returning
2024-10-04 19:00:00,INV2116,Microwave,Home Appliances,2,7160,14320,Online Gateway,City Center,Returning
2024-04-06 18:00:00,INV2117,Notebook,Books,4,260,1040,Cash,City Center,Returning
2024-06-19 10:00:00,INV2118,Pen Set,Books,3,121,363,Cash,Riverside,Returning
2024-10-17 00:00:00,INV2119,T-shirt,Fashion,5,877,4385,Card,City Center,Returning
2024-05-05 04:00:00,INV2120,Pen Set,Books,1,113,113,UPI,City Center,New
2024-08-02 00:00:00,INV2121,Washing Machine,Home Appliances,3,15038,45114,Cash,Riverside,Returning
2024-01-14 17:00:00,INV2122,Headphones,Electronics,5,1660,8300,Cash,City Center,New
2024-05-31 16:00:00,INV2123,Jeans,Fashion,2,1876,3752,Cash,Riverside,New
2024-11-28 14:00:00,INV2124,Pen Set,Books,2,14,28,UPI,Riverside,Returning
2024-06-20 03:00:00,INV2125,T-shirt,Fashion,1,632,632,UPI,Riverside,Returning
2024-02-25 21:00:00,INV2126,Microwave,Home Appliances,5,7069,35345,Cash,Riverside,Returning
2024-12-16 07:00:00,INV2127,Microwave,Home Appliances,5,6988,34940,Cash,City Center,Returning
2024-01-15 02:00:00,INV2128,Smartphone,Electronics,1,20000,20000,Card,Riverside,New
2024-09-02 15:00:00,INV2129,Smartphone,Electronics,2,19941,39882,Cash,City Center,Returning
2024-04-22 20:00:00,INV2130,Headphones,Electronics,2,1566,3132,Cash,Riverside,Returning
2024-03-13 22:00:00,INV2131,Notebook,Books,5,-33,-165,Online Gateway,Riverside,Returning
2024-08-21 12:00:00,INV2132,Microwave,Home Appliances,1,6949,6949,Card,City Center,New
2024-04-10 21:00:00,INV2133,Shoes,Fashion,5,2630,13150,UPI,Riverside,Returning
2024-10-23 15:00:00,INV2134,Notebook,Books,3,148,444,Online Gateway,Riverside,Returning
2024-08-09 15:00:00,INV2135,Novel,Books,2,456,912,Card,Riverside,New
2024-10-02 09:00:00,INV2136,Microwave,Home Appliances,3,6947,20841,Cash,City Center,Returning
2024-08-12 11:00:00,INV2137,T-shirt,Fashion,4,685,2740,Card,Riverside,New
2024-06-15 09:00:00,INV2138,Headphones,Electronics,2,1382,2764,Card,City Center,New
2024-12-27 16:00:00,INV2139,Jeans,Fashion,5,1664,8320,Online Gateway,Riverside,Returning
2024-12-01 04:00:00,INV2140,Headphones,Electronics,2,1587,3174,Cash,Riverside,Returning
2024-12-09 06:00:00,INV2141,Headphones,Electronics,3,1529,4587,Card,Riverside,New
2024-07-22 01:00:00,INV2142,Laptop,Electronics,4,60055,240220,Card,Riverside,Returning
2024-07-19 06:00:00,INV2143,Headphones,Electronics,1,1678,1678,UPI,Riverside,Returning
2024-12-24 00:00:00,INV2144,T-shirt,Fashion,5,941,4705,Card,Riverside,Returning
2024-09-03 09:00:00,INV2145,Pen Set,Books,1,224,224,Online Gateway,City Center,New
2024-10-23 20:00:00,INV2146,Notebook,Books,5,-41,-205,UPI,City Center,Returning
2024-05-11 13:00:00,INV2147,Novel,Books,2,528,1056,UPI,City Center,Returning
2024-01-17 06:00:00,INV2148,Laptop,Electronics,5,60128,300640,Card,City Center,Returning
2024-07-03 14:00:00,INV2149,Shoes,Fashion,1,2342,2342,Online Gateway,City Center,Returning
2024-11-16 06:00:00,INV2150,Shoes,Fashion,4,2462,9848,Cash,Riverside,Returning
2024-06-25 08:00:00,INV2151,Headphones,Electronics,4,1489,5956,Online Gateway,Riverside,New
2024-11-29 15:00:00,INV2152,T-shirt,Fashion,3,779,2337,UPI,Riverside,New
2024-03-04 09:00:00,INV2153,Shoes,Fashion,4,2679,10716,Online Gateway,Riverside,Returning
2024-03-03 12:00:00,INV2154,Headphones,Electronics,4,1673,6692,Online Gateway,City Center,New
2024-10-07 17:00:00,INV2155,Headphones,Electronics,2,1455,2910,Online Gateway,Riverside,New
2024-05-17 06:00:00,INV2156,Novel,Books,4,345,1380,Cash,Riverside,Returning
2024-07-30 21:00:00,INV2157,Washing Machine,Home Appliances,2,15084,30168,Online Gateway,City Center,New
2024-04-10 19:00:00,INV2158,Headphones,Electronics,4,1448,5792,Online Gateway,City Center,Returning
2024-05-06 18:00:00,INV2159,Novel,Books,3,552,1656,Online Gateway,City Center,New
2024-07-06 09:00:00,INV2160,Laptop,Electronics,2,59934,119868,UPI,Riverside,New
2024-03-02 02:00:00,INV2161,Notebook,Books,3,113,339,Card,Riverside,New
2024-05-28 09:00:00,INV2162,Laptop,Electronics,1,60191,60191,UPI,Riverside,New
2024-01-26 14:00:00,INV2163,Novel,Books,3,597,1791,Online Gateway,Riverside,Returning
2024-08-12 16:00:00,INV2164,Notebook,Books,4,255,1020,Cash,Riverside,New
2024-11-16 13:00:00,INV2165,T-shirt,Fashion,2,897,1794,Cash,City Center,Returning
2024-05-14 07:00:00,INV2166,Microwave,Home Appliances,2,6982,13964,Card,City Center,Returning
2024-10-24 10:00:00,INV2167,Jeans,Fashion,4,1925,7700,UPI,City Center,Returning
2024-04-21 03:00:00,INV2168,T-shirt,Fashion,5,927,4635,Cash,City Center,New
2024-11-28 12:00:00,INV2169,Smartphone,Electronics,5,20185,100925,Card,Riverside,Returning
2024-01-06 10:00:00,INV2170,Notebook,Books,3,38,114,UPI,City Center,Returning
2024-05-04 07:00:00,INV2171,Headphones,Electronics,1,1370,1370,UPI,Riverside,Returning
2024-06-27 06:00:00,INV2172,Washing Machine,Home Appliances,3,14883,44649,Cash,City Center,New
2024-10-23 22:00:00,INV2173,Mixer Grinder,Home Appliances,2,3396,6792,Cash,Riverside,Returning
2024-12-08 22:00:00,INV2174,Smartphone,Electronics,1,19867,19867,Cash,Riverside,Returning
2024-11-16 14:00:00,INV2175,T-shirt,Fashion,3,671,2013,Online Gateway,Riverside,New
2024-10-03 16:00:00,INV2176,Pen Set,Books,3,-136,-408,Cash,City Center,New
2024-08-15 20:00:00,INV2177,Pen Set,Books,2,202,404,Card,Riverside,New
2024-02-08 08:00:00,INV2178,Shoes,Fashion,2,2340,4680,Online Gateway,City Center,New
2024-11-11 04:00:00,INV2179,Laptop,Electronics,4,60187,240748,Online Gateway,City Center,New
2024-12-27 20:00:00,INV2180,Smartphone,Electronics,1,20137,20137,Cash,Riverside,New
2024-12-20 06:00:00,INV2181,T-shirt,Fashion,1,633,633,UPI,City Center,New
2024-05-15 01:00:00,INV2182,Smartphone,Electronics,5,19905,99525,Card,City Center,Returning
2024-01-23 17:00:00,INV2183,Laptop,Electronics,1,59874,59874,UPI,Riverside,Returning
2024-06-30 02:00:00,INV2184,Headphones,Electronics,5,1699,8495,Card,City Center,New
2024-06-07 18:00:00,INV2185,Novel,Books,1,570,570,Card,City Center,Returning
2024-10-27 06:00:00,INV2186,Headphones,Electronics,5,1302,6510,Cash,City Center,Returning
2024-03-25 16:00:00,INV2187,Jeans,Fashion,5,1694,8470,Online Gateway,City Center,New
2024-12-17 12:00:00,INV2188,Jeans,Fashion,4,1817,7268,Card,City Center,Returning
2024-01-12 07:00:00,INV2189,Smartphone,Electronics,3,19863,59589,Online Gateway,City Center,New
2024-05-26 07:00:00,INV2190,Microwave,Home Appliances,3,7160,21480,UPI,City Center,New
2024-03-14 19:00:00,INV2191,Jeans,Fashion,4,1659,6636,Online Gateway,Riverside,Returning
2024-06-30 17:00:00,INV2192,Novel,Books,3,651,1953,Online Gateway,City Center,Returning
2024-10-21 13:00:00,INV2193,T-shirt,Fashion,4,696,2784,Cash,Riverside,Returning
2024-02-08 08:00:00,INV2194,Headphones,Electronics,1,1645,1645,Online Gateway,City Center,Returning
2024-12-07 06:00:00,INV2195,Microwave,Home Appliances,5,7137,35685,Cash,City Center,New
2024-05-22 22:00:00,INV2196,Washing Machine,Home Appliances,4,15155,60620,Cash,City Center,New
2024-07-03 19:00:00,INV2197,Jeans,Fashion,2,1773,3546,Card,Riverside,New
2024-06-05 16:00:00,INV2198,Shoes,Fashion,4,2671,10684,Online Gateway,Riverside,Returning
2024-03-26 10:00:00,INV2199,Notebook,Books,4,82,328,Online Gateway,Riverside,Returning
2024-02-18 13:00:00,INV2200,Mixer Grinder,Home Appliances,3,3375,10125,Online Gateway,City Center,New
2024-12-22 23:00:00,INV2201,T-shirt,Fashion,4,854,3416,Card,City Center,New
2024-03-25 17:00:00,INV2202,Smartphone,Electronics,1,19834,19834,Online Gateway,City Center,New
2024-09-26 11:00:00,INV2203,Washing Machine,Home Appliances,5,15147,75735,UPI,City Center,Returning
2024-01-07 01:00:00,INV2204,Novel,Books,5,349,1745,Cash,Riverside,Returning
2024-07-01 20:00:00,INV2205,Shoes,Fashion,3,2638,7914,Online Gateway,Riverside,Returning
2024-11-22 08:00:00,INV2206,Mixer Grinder,Home Appliances,3,3576,10728,Cash,City Center,Returning
2024-12-25 07:00:00,INV2207,Smartphone,Electronics,4,20030,80120,UPI,Riverside,Returning
2024-12-06 13:00:00,INV2208,Microwave,Home Appliances,1,6816,6816,Card,Riverside,New
2024-04-19 16:00:00,INV2209,Microwave,Home Appliances,4,6868,27472,UPI,Riverside,Returning
2024-07-06 06:00:00,INV2210,Smartphone,Electronics,5,20145,100725,Online Gateway,Riverside,Returning
2024-12-01 16:00:00,INV2211,Mixer Grinder,Home Appliances,2,3559,7118,Cash,Riverside,Returning
2024-11-08 23:00:00,INV2212,Microwave,Home Appliances,5,6993,34965,UPI,Riverside,Returning
2024-03-17 04:00:00,INV2213,Laptop,Electronics,1,60102,60102,Cash,City Center,Returning
2024-07-19 05:00:00,INV2214,Jeans,Fashion,5,1613,8065,UPI,Riverside,New
2024-02-03 14:00:00,INV2215,Washing Machine,Home Appliances,3,14982,44946,Online Gateway,Riverside,New
2024-11-07 22:00:00,INV2216,Notebook,Books,2,26,52,Card,Riverside,New
2024-12-07 18:00:00,INV2217,Pen Set,Books,1,6,6,Cash,Riverside,New
2024-03-18 20:00:00,INV2218,Laptop,Electronics,5,59966,299830,Cash,Riverside,Returning
2024-11-24 06:00:00,INV2219,Novel,Books,5,515,2575,UPI,City Center,Returning
2024-08-25 02:00:00,INV2220,Novel,Books,1,462,462,Online Gateway,Riverside,Returning
2024-11-22 03:00:00,INV2221,Novel,Books,1,550,550,Cash,City Center,Returning
2024-08-14 05:00:00,INV2222,Microwave,Home Appliances,5,7191,35955,UPI,City Center,Returning
2024-05-28 12:00:00,INV2223,Jeans,Fashion,4,1703,6812,Online Gateway,City Center,New
2024-02-27 21:00:00,INV2224,T-shirt,Fashion,3,624,1872,UPI,Riverside,New
2024-10-30 02:00:00,INV2225,Novel,Books,1,667,667,Cash,Riverside,Returning
2024-02-04 08:00:00,INV2226,Smartphone,Electronics,5,20071,100355,Online Gateway,Riverside,New
2024-04-04 09:00:00,INV2227,Jeans,Fashion,1,1933,1933,UPI,Riverside,Returning
2024-02-09 00:00:00,INV2228,Notebook,Books,5,60,300,Card,Riverside,Returning
2024-09-23 18:00:00,INV2229,T-shirt,Fashion,5,863,4315,Online Gateway,City Center,New
2024-06-09 05:00:00,INV2230,Notebook,Books,5,-5,-25,Online Gateway,City Center,Returning
2024-03-15 20:00:00,INV2231,T-shirt,Fashion,5,914,4570,Online Gateway,City Center,New
2024-12-09 13:00:00,INV2232,Jeans,Fashion,4,1675,6700,Card,City Center,Returning
2024-10-27 14:00:00,INV2233,Washing Machine,Home Appliances,4,14963,59852,Cash,City Center,Returning
2024-01-31 06:00:00,INV2234,T-shirt,Fashion,3,930,2790,Card,Riverside,New
2024-04-24 00:00:00,INV2235,Washing Machine,Home Appliances,2,14858,29716,Card,City Center,New
2024-03-20 17:00:00,INV2236,Shoes,Fashion,3,2537,7611,Online Gateway,Riverside,Returning
2024-11-15 01:00:00,INV2237,Notebook,Books,1,3,3,Card,Riverside,New
2024-04-12 18:00:00,INV2238,Laptop,Electronics,3,59942,179826,Card,City Center,Returning
2024-10-31 16:00:00,INV2239,Laptop,Electronics,1,59842,59842,UPI,Riverside,New
2024-12-07 10:00:00,INV2240,Washing Machine,Home Appliances,3,15143,45429,Cash,Riverside,New
2024-11-25 10:00:00,INV2241,Shoes,Fashion,1,2592,2592,Cash,Riverside,Returning
2024-07-22 04:00:00,INV2242,Smartphone,Electronics,2,20107,40214,Cash,Riverside,Returning
2024-10-30 15:00:00,INV2243,Novel,Books,4,683,2732,Card,Riverside,New
2024-02-07 04:00:00,INV2244,Headphones,Electronics,1,1389,1389,Card,Riverside,Returning
2024-07-13 19:00:00,INV2245,Washing Machine,Home Appliances,3,15101,45303,Cash,Riverside,Returning
2024-03-21 13:00:00,INV2246,Pen Set,Books,1,12,12,Online Gateway,Riverside,New
2024-02-27 12:00:00,INV2247,T-shirt,Fashion,2,785,1570,Online Gateway,Riverside,Returning
2024-02-23 18:00:00,INV2248,Laptop,Electronics,5,59817,299085,Cash,City Center,Returning
2024-03-09 08:00:00,INV2249,Mixer Grinder,Home Appliances,4,3458,13832,UPI,City Center,New
2024-11-08 02:00:00,INV2250,Microwave,Home Appliances,4,6804,27216,Online Gateway,Riverside,Returning
2024-02-20 18:00:00,INV2251,Smartphone,Electronics,2,19952,39904,Card,City Center,Returning
2024-07-28 00:00:00,INV2252,Notebook,Books,3,292,876,Online Gateway,City Center,Returning
2024-10-13 17:00:00,INV2253,Smartphone,Electronics,4,20041,80164,Online Gateway,Riverside,Returning
2024-02-09 18:00:00,INV2254,Smartphone,Electronics,2,20157,40314,UPI,City Center,Returning
2024-10-30 19:00:00,INV2255,Washing Machine,Home Appliances,5,15173,75865,UPI,Riverside,New
2024-02-10 14:00:00,INV2256,Laptop,Electronics,2,60122,120244,Online Gateway,City Center,New
2024-06-21 05:00:00,INV2257,Washing Machine,Home Appliances,2,15121,30242,UPI,Riverside,New
2024-08-11 18:00:00,INV2258,Smartphone,Electronics,2,19927,39854,Card,Riverside,Returning
2024-06-14 12:00:00,INV2259,Microwave,Home Appliances,4,7176,28704,Card,Riverside,New
2024-08-08 15:00:00,INV2260,Notebook,Books,5,67,335,UPI,City Center,New
2024-12-08 20:00:00,INV2261,Washing Machine,Home Appliances,3,14893,44679,Online Gateway,Riverside,New
2024-05-05 20:00:00,INV2262,Laptop,Electronics,1,60085,60085,Card,City Center,Returning
2024-06-17 04:00:00,INV2263,Shoes,Fashion,3,2659,7977,Card,City Center,Returning
2024-07-30 04:00:00,INV2264,Novel,Books,4,607,2428,UPI,City Center,New
2024-08-06 01:00:00,INV2265,Jeans,Fashion,2,1890,3780,Cash,City Center,Returning
2024-01-14 05:00:00,INV2266,Microwave,Home Appliances,4,6860,27440,Card,City Center,New
2024-04-09 20:00:00,INV2267,T-shirt,Fashion,3,982,2946,Online Gateway,Riverside,New
2024-03-31 02:00:00,INV2268,Washing Machine,Home Appliances,2,15107,30214,Card,Riverside,New
2024-04-24 09:00:00,INV2269,Washing Machine,Home Appliances,2,15009,30018,Card,City Center,Returning
2024-03-07 07:00:00,INV2270,T-shirt,Fashion,2,916,1832,Online Gateway,City Center,Returning
2024-09-14 15:00:00,INV2271,Novel,Books,4,343,1372,Cash,Riverside,New
2024-06-12 18:00:00,INV2272,Jeans,Fashion,4,1951,7804,Card,Riverside,Returning
2024-02-24 16:00:00,INV2273,Pen Set,Books,5,-19,-95,Cash,City Center,New
2024-06-28 15:00:00,INV2274,Laptop,Electronics,3,59920,179760,Online Gateway,Riverside,New
2024-10-31 18:00:00,INV2275,Laptop,Electronics,3,60058,180174,Online Gateway,Riverside,Returning
2024-04-09 07:00:00,INV2276,Notebook,Books,3,-33,-99,Cash,City Center,Returning
2024-05-14 23:00:00,INV2277,Headphones,Electronics,5,1552,7760,UPI,Riverside,New
2024-03-30 03:00:00,INV2278,Smartphone,Electronics,3,20163,60489,Online Gateway,City Center,Returning
2024-03-12 00:00:00,INV2279,Smartphone,Electronics,3,19822,59466,Card,Riverside,Returning
2024-10-15 12:00:00,INV2280,Pen Set,Books,3,70,210,UPI,Riverside,Returning
2024-01-16 02:00:00,INV2281,Mixer Grinder,Home Appliances,3,3523,10569,Card,Riverside,Returning
2024-04-18 12:00:00,INV2282,Headphones,Electronics,5,1636,8180,Online Gateway,City Center,New
2024-06-27 14:00:00,INV2283,Headphones,Electronics,1,1417,1417,Card,City Center,Returning
2024-06-04 18:00:00,INV2284,T-shirt,Fashion,2,961,1922,Online Gateway,Riverside,New
2024-04-12 21:00:00,INV2285,Microwave,Home Appliances,1,7026,7026,UPI,Riverside,Returning
2024-07-18 19:00:00,INV2286,Microwave,Home Appliances,1,7168,7168,Card,City Center,Returning
2024-09-13 06:00:00,INV2287,Smartphone,Electronics,2,19945,39890,Card,City Center,Returning
2024-01-24 04:00:00,INV2288,Novel,Books,5,408,2040,Cash,City Center,Returning
2024-04-27 00:00:00,INV2289,Smartphone,Electronics,2,20193,40386,Online Gateway,City Center,Returning
2024-08-02 14:00:00,INV2290,Laptop,Electronics,3,60148,180444,Cash,Riverside,Returning
2024-11-11 01:00:00,INV2291,Novel,Books,1,465,465,Card,City Center,New
2024-04-23 07:00:00,INV2292,Microwave,Home Appliances,4,7032,28128,UPI,City Center,Returning
2024-09-28 02:00:00,INV2293,Laptop,Electronics,5,60031,300155,UPI,City Center,New
2024-06-04 21:00:00,INV2294,Laptop,Electronics,3,59965,179895,Cash,City Center,Returning
2024-06-15 14:00:00,INV2295,Smartphone,Electronics,4,19930,79720,Card,City Center,Returning
2024-04-10 03:00:00,INV2296,Smartphone,Electronics,1,19906,19906,Card,Riverside,Returning
2024-01-13 06:00:00,INV2297,T-shirt,Fashion,2,661,1322,UPI,Riverside,Returning
2024-08-10 15:00:00,INV2298,Pen Set,Books,3,200,600,Card,Riverside,New
2024-02-17 08:00:00,INV2299,Jeans,Fashion,5,1702,8510,Online Gateway,Riverside,Returning
2024-03-27 00:00:00,INV2300,Microwave,Home Appliances,3,7088,21264,Online Gateway,City Center,Returning
2024-10-19 01:00:00,INV2301,Jeans,Fashion,5,1695,8475,Online Gateway,Riverside,New
2024-07-08 07:00:00,INV2302,Laptop,Electronics,5,59974,299870,Online Gateway,City Center,New
2024-02-11 23:00:00,INV2303,Microwave,Home Appliances,5,7122,35610,Cash,Riverside,Returning
2024-08-14 21:00:00,INV2304,Washing Machine,Home Appliances,1,15044,15044,UPI,City Center,New
2024-08-11 00:00:00,INV2305,Notebook,Books,3,27,81,Online Gateway,Riverside,New
2024-02-29 19:00:00,INV2306,Mixer Grinder,Home Appliances,1,3323,3323,Cash,Riverside,Returning
2024-01-24 19:00:00,INV2307,Smartphone,Electronics,4,20138,80552,UPI,Riverside,Returning
2024-04-09 06:00:00,INV2308,Novel,Books,1,693,693,Cash,City Center,Returning
2024-07-30 20:00:00,INV2309,Headphones,Electronics,2,1501,3002,Cash,City Center,Returning
2024-01-12 13:00:00,INV2310,Pen Set,Books,3,10,30,Online Gateway,Riverside,Returning
2024-10-21 03:00:00,INV2311,Jeans,Fashion,2,1708,3416,Card,City Center,Returning
2024-03-19 15:00:00,INV2312,Notebook,Books,1,122,122,Cash,City Center,Returning
2024-02-22 17:00:00,INV2313,Smartphone,Electronics,1,19887,19887,Online Gateway,Riverside,Returning
2024-11-08 03:00:00,INV2314,Notebook,Books,5,271,1355,Online Gateway,Riverside,Returning
2024-02-13 08:00:00,INV2315,Pen Set,Books,4,4,16,Cash,City Center,New
2024-12-02 09:00:00,INV2316,Laptop,Electronics,2,59857,119714,Cash,City Center,New
2024-04-24 16:00:00,INV2317,Shoes,Fashion,4,2632,10528,Card,City Center,Returning
2024-12-08 05:00:00,INV2318,Notebook,Books,5,-3,-15,Cash,Riverside,Returning
2024-07-09 09:00:00,INV2319,Headphones,Electronics,4,1516,6064,Cash,City Center,New
2024-09-21 17:00:00,INV2320,Headphones,Electronics,4,1548,6192,Online Gateway,City Center,Returning
2024-04-08 01:00:00,INV2321,Novel,Books,2,403,806,UPI,Riverside,New
2024-11-05 21:00:00,INV2322,Jeans,Fashion,1,1652,1652,Online Gateway,Riverside,Returning
2024-07-18 23:00:00,INV2323,Pen Set,Books,5,155,775,UPI,City Center,Returning
2024-01-29 14:00:00,INV2324,Washing Machine,Home Appliances,4,15062,60248,Online Gateway,City Center,New
2024-12-19 04:00:00,INV2325,Mixer Grinder,Home Appliances,1,3516,3516,UPI,City Center,Returning
2024-07-19 11:00:00,INV2326,Notebook,Books,4,142,568,Cash,Riverside,Returning
2024-08-10 18:00:00,INV2327,Microwave,Home Appliances,4,6810,27240,Card,Riverside,New
2024-07-29 03:00:00,INV2328,Microwave,Home Appliances,3,7024,21072,Card,City Center,Returning
2024-04-11 04:00:00,INV2329,Novel,Books,4,367,1468,UPI,Riverside,Returning
2024-08-01 14:00:00,INV2330,Notebook,Books,3,141,423,Card,City Center,Returning
2024-12-08 12:00:00,INV2331,Pen Set,Books,1,191,191,Online Gateway,City Center,New
2024-11-21 13:00:00,INV2332,Shoes,Fashion,2,2610,5220,Online Gateway,City Center,Returning
2024-05-19 20:00:00,INV2333,Microwave,Home Appliances,3,6920,20760,Card,City Center,New
2024-12-28 19:00:00,INV2334,Jeans,Fashion,3,1782,5346,Card,City Center,New
2024-10-29 18:00:00,INV2335,Smartphone,Electronics,3,20020,60060,Cash,City Center,New
2024-09-29 12:00:00,INV2336,Mixer Grinder,Home Appliances,2,3549,7098,UPI,Riverside,Returning
2024-01-02 14:00:00,INV2337,Laptop,Electronics,5,59936,299680,Card,City Center,New
2024-05-19 06:00:00,INV2338,Microwave,Home Appliances,4,7186,28744,Cash,City Center,New
2024-04-28 12:00:00,INV2339,Mixer Grinder,Home Appliances,1,3559,3559,Cash,City Center,New
2024-02-15 18:00:00,INV2340,Shoes,Fashion,3,2380,7140,UPI,Riverside,Returning
2024-10-19 19:00:00,INV2341,Pen Set,Books,1,-72,-72,UPI,Riverside,New
2024-03-16 23:00:00,INV2342,Smartphone,Electronics,2,20024,40048,Online Gateway,City Center,New
2024-05-11 11:00:00,INV2343,Microwave,Home Appliances,3,6946,20838,Card,City Center,Returning
2024-05-08 21:00:00,INV2344,Jeans,Fashion,4,1784,7136,Card,City Center,Returning
2024-08-23 18:00:00,INV2345,Shoes,Fashion,2,2519,5038,Online Gateway,Riverside,Returning
2024-06-06 10:00:00,INV2346,Mixer Grinder,Home Appliances,3,3315,9945,Online Gateway,City Center,New
2024-04-30 16:00:00,INV2347,Pen Set,Books,5,-115,-575,Cash,Riverside,Returning
2024-02-11 04:00:00,INV2348,Washing Machine,Home Appliances,2,15022,30044,Cash,Riverside,New
2024-06-20 12:00:00,INV2349,Notebook,Books,2,194,388,Cash,Riverside,Returning
2024-09-25 14:00:00,INV2350,Washing Machine,Home Appliances,5,14955,74775,UPI,Riverside,New
2024-06-23 03:00:00,INV2351,T-shirt,Fashion,5,912,4560,Card,Riverside,Returning
2024-03-11 02:00:00,INV2352,Notebook,Books,2,178,356,Online Gateway,Riverside,Returning
2024-08-22 10:00:00,INV2353,Shoes,Fashion,3,2343,7029,Cash,Riverside,Returning
2024-11-05 08:00:00,INV2354,Pen Set,Books,2,116,232,UPI,City Center,New
2024-02-08 21:00:00,INV2355,Mixer Grinder,Home Appliances,5,3459,17295,UPI,City Center,New
2024-05-29 22:00:00,INV2356,Laptop,Electronics,5,60103,300515,UPI,City Center,Returning
2024-03-23 12:00:00,INV2357,Pen Set,Books,4,108,432,Cash,City Center,Returning
2024-05-07 08:00:00,INV2358,T-shirt,Fashion,5,781,3905,Cash,City Center,New
2024-02-02 23:00:00,INV2359,Microwave,Home Appliances,3,7093,21279,Cash,Riverside,Returning
2024-08-12 14:00:00,INV2360,Shoes,Fashion,5,2589,12945,Card,Riverside,Returning
2024-10-03 11:00:00,INV2361,T-shirt,Fashion,5,944,4720,Card,Riverside,New
2024-04-03 23:00:00,INV2362,Smartphone,Electronics,3,20064,60192,Card,Riverside,Returning
2024-05-30 10:00:00,INV2363,Smartphone,Electronics,2,20164,40328,Online Gateway,Riverside,New
2024-03-07 23:00:00,INV2364,Smartphone,Electronics,1,20017,20017,Card,Riverside,New
2024-08-03 19:00:00,INV2365,Microwave,Home Appliances,1,6989,6989,Online Gateway,Riverside,Returning
2024-09-30 21:00:00,INV2366,Novel,Books,4,625,2500,Online Gateway,Riverside,Returning
2024-02-11 00:00:00,INV2367,Pen Set,Books,4,-67,-268,Card,City Center,Returning
2024-08-28 16:00:00,INV2368,Pen Set,Books,4,-84,-336,Cash,City Center,Returning
2024-06-02 04:00:00,INV2369,Microwave,Home Appliances,1,7182,7182,Card,Riverside,New
2024-05-20 20:00:00,INV2370,Novel,Books,4,356,1424,Cash,Riverside,Returning
2024-12-28 23:00:00,INV2371,Laptop,Electronics,5,59878,299390,Cash,Riverside,Returning
2024-02-13 18:00:00,INV2372,Jeans,Fashion,3,1750,5250,Online Gateway,City Center,New
2024-05-31 09:00:00,INV2373,Headphones,Electronics,5,1515,7575,Cash,Riverside,Returning
2024-09-21 06:00:00,INV2374,Shoes,Fashion,2,2678,5356,Online Gateway,City Center,New
2024-02-09 23:00:00,INV2375,Mixer Grinder,Home Appliances,3,3334,10002,Cash,Riverside,Returning
2024-09-09 11:00:00,INV2376,Novel,Books,3,589,1767,Online Gateway,Riverside,Returning
2024-08-23 15:00:00,INV2377,Microwave,Home Appliances,5,6867,34335,Card,Riverside,Returning
2024-07-05 09:00:00,INV2378,Notebook,Books,4,-24,-96,UPI,City Center,Returning
2024-05-02 18:00:00,INV2379,Washing Machine,Home Appliances,2,15002,30004,UPI,City Center,Returning
2024-11-17 21:00:00,INV2380,Pen Set,Books,3,180,540,Cash,City Center,New
2024-01-22 22:00:00,INV2381,Novel,Books,3,587,1761,Cash,City Center,New
2024-05-14 08:00:00,INV2382,Novel,Books,5,595,2975,Cash,City Center,Returning
2024-03-19 03:00:00,INV2383,Mixer Grinder,Home Appliances,1,3361,3361,Card,City Center,Returning
2024-03-14 11:00:00,INV2384,Shoes,Fashion,2,2661,5322,Online Gateway,City Center,Returning
2024-12-29 00:00:00,INV2385,Washing Machine,Home Appliances,5,14823,74115,Online Gateway,City Center,Returning
2024-08-29 13:00:00,INV2386,Washing Machine,Home Appliances,2,15012,30024,Cash,Riverside,Returning
2024-10-22 19:00:00,INV2387,T-shirt,Fashion,1,658,658,Cash,City Center,Returning
2024-07-31 21:00:00,INV2388,Headphones,Electronics,2,1430,2860,Cash,City Center,Returning
2024-10-03 20:00:00,INV2389,Washing Machine,Home Appliances,2,14830,29660,UPI,City Center,New
2024-01-05 20:00:00,INV2390,Pen Set,Books,1,2,2,Online Gateway,City Center,Returning
2024-04-11 09:00:00,INV2391,Headphones,Electronics,4,1465,5860,UPI,Riverside,New
2024-08-15 15:00:00,INV2392,Laptop,Electronics,2,59922,119844,Card,Riverside,Returning
2024-01-25 07:00:00,INV2393,Smartphone,Electronics,3,19831,59493,UPI,Riverside,Returning
2024-12-23 18:00:00,INV2394,Smartphone,Electronics,4,19814,79256,Online Gateway,City Center,New
2024-06-06 20:00:00,INV2395,T-shirt,Fashion,5,900,4500,Cash,City Center,New
2024-06-22 15:00:00,INV2396,T-shirt,Fashion,5,808,4040,Online Gateway,City Center,New
2024-12-18 17:00:00,INV2397,Headphones,Electronics,3,1576,4728,Card,City Center,Returning
2024-02-27 21:00:00,INV2398,Mixer Grinder,Home Appliances,4,3321,13284,Cash,Riverside,Returning
2024-12-14 05:00:00,INV2399,Notebook,Books,2,-100,-200,Cash,Riverside,Returning
2024-09-13 10:00:00,INV2400,Novel,Books,3,648,1944,Online Gateway,Riverside,New
2024-08-13 20:00:00,INV2401,Novel,Books,5,444,2220,Cash,City Center,New
2024-03-26 03:00:00,INV2402,T-shirt,Fashion,1,802,802,Cash,City Center,Returning
2024-06-23 21:00:00,INV2403,Washing Machine,Home Appliances,2,15112,30224,UPI,Riverside,Returning
2024-05-25 16:00:00,INV2404,Pen Set,Books,4,-11,-44,Card,Riverside,Returning
2024-02-02 10:00:00,INV2405,Shoes,Fashion,4,2606,10424,UPI,City Center,New
2024-01-09 21:00:00,INV2406,Notebook,Books,1,211,211,Online Gateway,City Center,New
2024-06-05 18:00:00,INV2407,Notebook,Books,2,111,222,Online Gateway,Riverside,New
2024-10-07 11:00:00,INV2408,Notebook,Books,1,175,175,Cash,Riverside,New
2024-05-09 21:00:00,INV2409,Jeans,Fashion,4,1907,7628,UPI,Riverside,New
2024-08-29 07:00:00,INV2410,Pen Set,Books,1,-87,-87,Online Gateway,Riverside,New
2024-04-23 08:00:00,INV2411,Microwave,Home Appliances,1,6913,6913,Cash,Riverside,Returning
2024-09-08 23:00:00,INV2412,Shoes,Fashion,1,2614,2614,UPI,City Center,New
2024-11-30 16:00:00,INV2413,Microwave,Home Appliances,3,6818,20454,UPI,Riverside,New
2024-01-01 01:00:00,INV2414,Laptop,Electronics,2,60126,120252,Online Gateway,City Center,Returning
2024-09-22 08:00:00,INV2415,Novel,Books,5,552,2760,Card,City Center,New
2024-03-22 05:00:00,INV2416,Smartphone,Electronics,5,19865,99325,Cash,City Center,Returning
2024-10-07 12:00:00,INV2417,Novel,Books,2,567,1134,UPI,City Center,New
2024-11-22 09:00:00,INV2418,Pen Set,Books,5,164,820,UPI,Riverside,New
2024-02-08 05:00:00,INV2419,Washing Machine,Home Appliances,1,14965,14965,Online Gateway,Riverside,Returning
2024-05-12 06:00:00,INV2420,Smartphone,Electronics,5,20038,100190,Online Gateway,Riverside,New
2024-10-19 06:00:00,INV2421,Pen Set,Books,2,-126,-252,UPI,Riverside,Returning
2024-01-04 17:00:00,INV2422,Jeans,Fashion,1,1800,1800,Card,Riverside,New
2024-03-12 05:00:00,INV2423,Novel,Books,1,677,677,Card,Riverside,New
2024-05-06 17:00:00,INV2424,Shoes,Fashion,2,2384,4768,UPI,Riverside,New
2024-01-05 09:00:00,INV2425,Notebook,Books,1,-86,-86,Online Gateway,Riverside,New
2024-12-25 03:00:00,INV2426,Novel,Books,3,428,1284,Card,City Center,Returning
2024-03-19 23:00:00,INV2427,Shoes,Fashion,3,2327,6981,UPI,City Center,New
2024-09-10 18:00:00,INV2428,Novel,Books,5,524,2620,Cash,Riverside,New
2024-12-20 12:00:00,INV2429,Smartphone,Electronics,1,19817,19817,Online Gateway,Riverside,New
2024-09-10 10:00:00,INV2430,Headphones,Electronics,1,1526,1526,Cash,Riverside,Returning
2024-01-27 10:00:00,INV2431,Smartphone,Electronics,1,20146,20146,Cash,City Center,Returning
2024-03-21 05:00:00,INV2432,Washing Machine,Home Appliances,4,14849,59396,Online Gateway,City Center,New
2024-03-26 16:00:00,INV2433,Microwave,Home Appliances,4,7037,28148,Online Gateway,City Center,Returning
2024-10-15 05:00:00,INV2434,Notebook,Books,1,132,132,UPI,City Center,New
2024-05-11 00:00:00,INV2435,Smartphone,Electronics,1,20104,20104,Cash,City Center,New
2024-01-24 00:00:00,INV2436,Notebook,Books,5,31,155,UPI,Riverside,Returning
2024-08-12 07:00:00,INV2437,Pen Set,Books,5,77,385,Card,City Center,New
2024-06-11 23:00:00,INV2438,Laptop,Electronics,1,59865,59865,UPI,Riverside,Returning
2024-05-21 05:00:00,INV2439,T-shirt,Fashion,5,877,4385,Card,City Center,Returning
2024-12-17 18:00:00,INV2440,T-shirt,Fashion,5,775,3875,UPI,Riverside,New
2024-04-11 06:00:00,INV2441,Mixer Grinder,Home Appliances,5,3636,18180,Card,City Center,New
2024-01-20 02:00:00,INV2442,Mixer Grinder,Home Appliances,5,3327,16635,Online Gateway,Riverside,New
2024-01-09 15:00:00,INV2443,Shoes,Fashion,2,2335,4670,UPI,City Center,Returning
2024-02-07 11:00:00,INV2444,Pen Set,Books,4,157,628,UPI,Riverside,Returning
2024-01-01 21:00:00,INV2445,Washing Machine,Home Appliances,3,14883,44649,Cash,Riverside,New
2024-12-24 09:00:00,INV2446,Microwave,Home Appliances,2,6801,13602,Card,City Center,Returning
2024-02-07 06:00:00,INV2447,Novel,Books,2,422,844,Online Gateway,Riverside,Returning
2024-01-22 10:00:00,INV2448,Shoes,Fashion,4,2394,9576,Cash,Riverside,New
2024-10-30 22:00:00,INV2449,Smartphone,Electronics,3,19815,59445,Cash,City Center,Returning
2024-07-23 08:00:00,INV2450,Microwave,Home Appliances,2,7123,14246,UPI,City Center,New
2024-11-23 19:00:00,INV2451,Shoes,Fashion,2,2445,4890,Card,City Center,Returning
2024-06-20 05:00:00,INV2452,Pen Set,Books,2,23,46,Card,City Center,New
2024-10-26 03:00:00,INV2453,Laptop,Electronics,2,59934,119868,Cash,City Center,New
2024-03-06 00:00:00,INV2454,Washing Machine,Home Appliances,1,14973,14973,Card,Riverside,Returning
2024-02-22 18:00:00,INV2455,Shoes,Fashion,3,2490,7470,Card,Riverside,New
2024-05-31 14:00:00,INV2456,Smartphone,Electronics,2,19866,39732,Card,City Center,Returning
2024-05-22 19:00:00,INV2457,Pen Set,Books,3,12,36,Online Gateway,City Center,New
2024-07-18 04:00:00,INV2458,Novel,Books,5,396,1980,UPI,City Center,Returning
2024-03-21 07:00:00,INV2459,Shoes,Fashion,1,2622,2622,UPI,City Center,Returning
2024-04-08 04:00:00,INV2460,Shoes,Fashion,1,2540,2540,Cash,City Center,Returning
2024-07-18 14:00:00,INV2461,Notebook,Books,5,91,455,Online Gateway,Riverside,New
2024-01-13 18:00:00,INV2462,Jeans,Fashion,3,1869,5607,Online Gateway,Riverside,Returning
2024-11-28 11:00:00,INV2463,T-shirt,Fashion,5,805,4025,Cash,City Center,New
2024-06-01 17:00:00,INV2464,Shoes,Fashion,4,2420,9680,Online Gateway,City Center,Returning
2024-10-21 01:00:00,INV2465,Washing Machine,Home Appliances,4,15092,60368,Card,Riverside,Returning
2024-01-28 13:00:00,INV2466,Mixer Grinder,Home Appliances,1,3368,3368,Cash,Riverside,Returning
2024-07-12 12:00:00,INV2467,Mixer Grinder,Home Appliances,3,3417,10251,Cash,Riverside,Returning
2024-12-20 07:00:00,INV2468,Washing Machine,Home Appliances,4,15039,60156,Online Gateway,Riverside,Returning
2024-05-01 16:00:00,INV2469,Microwave,Home Appliances,3,6939,20817,Online Gateway,City Center,New
2024-09-16 20:00:00,INV2470,Microwave,Home Appliances,2,6935,13870,Cash,Riverside,New
2024-09-10 06:00:00,INV2471,T-shirt,Fashion,5,862,4310,Cash,Riverside,New
2024-01-15 16:00:00,INV2472,Smartphone,Electronics,1,19836,19836,UPI,City Center,New
2024-10-18 21:00:00,INV2473,Jeans,Fashion,2,1945,3890,UPI,Riverside,Returning
2024-01-07 14:00:00,INV2474,Pen Set,Books,3,-53,-159,Card,Riverside,New
2024-02-09 20:00:00,INV2475,T-shirt,Fashion,3,777,2331,Online Gateway,Riverside,New
2024-03-27 07:00:00,INV2476,Microwave,Home Appliances,5,7189,35945,Card,Riverside,New
2024-12-24 03:00:00,INV2477,Shoes,Fashion,2,2542,5084,Card,Riverside,Returning
2024-05-23 21:00:00,INV2478,Jeans,Fashion,1,1760,1760,Card,Riverside,Returning
2024-10-05 03:00:00,INV2479,Shoes,Fashion,4,2530,10120,Cash,Riverside,New
2024-02-09 19:00:00,INV2480,Novel,Books,2,456,912,Cash,Riverside,Returning
2024-09-19 07:00:00,INV2481,Jeans,Fashion,2,1814,3628,Online Gateway,Riverside,Returning
2024-03-12 08:00:00,INV2482,Jeans,Fashion,5,1611,8055,Cash,City Center,New
2024-07-14 23:00:00,INV2483,Jeans,Fashion,5,1922,9610,Online Gateway,Riverside,New
2024-09-30 11:00:00,INV2484,Washing Machine,Home Appliances,1,15073,15073,Online Gateway,City Center,Returning
2024-08-22 15:00:00,INV2485,Smartphone,Electronics,3,20091,60273,Online Gateway,Riverside,New
2024-02-28 02:00:00,INV2486,Headphones,Electronics,1,1645,1645,Card,City Center,Returning
2024-07-16 04:00:00,INV2487,Laptop,Electronics,2,59901,119802,Cash,Riverside,Returning
2024-06-03 18:00:00,INV2488,Shoes,Fashion,2,2449,4898,Cash,Riverside,New
2024-01-23 01:00:00,INV2489,Jeans,Fashion,5,1605,8025,Card,Riverside,Returning
2024-05-03 06:00:00,INV2490,Washing Machine,Home Appliances,2,14856,29712,Card,Riverside,Returning
2024-11-25 08:00:00,INV2491,Pen Set,Books,1,49,49,Card,City Center,New
2024-05-29 15:00:00,INV2492,T-shirt,Fashion,4,963,3852,Online Gateway,City Center,Returning
2024-10-14 07:00:00,INV2493,Novel,Books,2,557,1114,Online Gateway,Riverside,New
2024-01-22 21:00:00,INV2494,Laptop,Electronics,2,60028,120056,Cash,Riverside,New
2024-09-26 21:00:00,INV2495,Mixer Grinder,Home Appliances,3,3591,10773,Online Gateway,Riverside,Returning
2024-01-01 01:00:00,INV2496,Novel,Books,1,677,677,Cash,Riverside,Returning
2024-01-16 14:00:00,INV2497,Jeans,Fashion,3,1800,5400,Card,Riverside,New
2024-07-12 16:00:00,INV2498,Headphones,Electronics,5,1675,8375,Online Gateway,Riverside,Returning
2024-04-08 13:00:00,INV2499,Notebook,Books,2,257,514,Cash,Riverside,New
2024-03-04 13:00:00,INV2500,Shoes,Fashion,2,2440,4880,UPI,City Center,New
2024-03-09 14:00:00,INV2501,Microwave,Home Appliances,4,7190,28760,Cash,Riverside,New
2024-01-01 13:00:00,INV2502,Smartphone,Electronics,5,20192,100960,UPI,Riverside,Returning
2024-07-10 15:00:00,INV2503,Headphones,Electronics,3,1406,4218,Cash,Riverside,New
2024-04-04 22:00:00,INV2504,Smartphone,Electronics,4,19995,79980,UPI,Riverside,New
2024-05-11 11:00:00,INV2505,Washing Machine,Home Appliances,1,14805,14805,UPI,City Center,New
2024-12-12 17:00:00,INV2506,Jeans,Fashion,4,1848,7392,Online Gateway,City Center,New
2024-06-07 22:00:00,INV2507,Mixer Grinder,Home Appliances,2,3665,7330,Online Gateway,City Center,Returning
2024-05-14 00:00:00,INV2508,T-shirt,Fashion,2,687,1374,Cash,City Center,New
2024-12-08 11:00:00,INV2509,T-shirt,Fashion,1,873,873,Online Gateway,City Center,New
2024-03-29 01:00:00,INV2510,Notebook,Books,1,246,246,UPI,City Center,Returning
2024-06-30 12:00:00,INV2511,Jeans,Fashion,2,1710,3420,Cash,City Center,Returning
2024-08-18 23:00:00,INV2512,Pen Set,Books,1,175,175,Cash,Riverside,Returning
2024-07-08 19:00:00,INV2513,Microwave,Home Appliances,1,7106,7106,Cash,City Center,Returning
2024-10-21 06:00:00,INV2514,Shoes,Fashion,2,2491,4982,Card,City Center,New
2024-05-20 14:00:00,INV2515,Laptop,Electronics,4,59814,239256,Cash,Riverside,New
2024-09-24 22:00:00,INV2516,Notebook,Books,1,12,12,Cash,City Center,New
2024-05-24 10:00:00,INV2517,Laptop,Electronics,4,60062,240248,Cash,Riverside,Returning
2024-05-08 09:00:00,INV2518,Mixer Grinder,Home Appliances,2,3619,7238,Card,Riverside,Returning
2024-01-27 05:00:00,INV2519,Smartphone,Electronics,2,19909,39818,Cash,Riverside,Returning
2024-01-12 05:00:00,INV2520,Headphones,Electronics,1,1505,1505,UPI,City Center,Returning
2024-08-26 12:00:00,INV2521,Shoes,Fashion,4,2412,9648,Cash,Riverside,Returning
2024-09-02 17:00:00,INV2522,Laptop,Electronics,1,59911,59911,Online Gateway,Riverside,Returning
2024-05-23 00:00:00,INV2523,Smartphone,Electronics,5,20091,100455,Card,Riverside,New
2024-09-18 12:00:00,INV2524,Novel,Books,3,623,1869,Online Gateway,City Center,Returning
2024-09-02 15:00:00,INV2525,Headphones,Electronics,3,1641,4923,Online Gateway,City Center,Returning
2024-10-23 11:00:00,INV2526,Laptop,Electronics,5,60099,300495,Online Gateway,Riverside,New
2024-10-04 08:00:00,INV2527,Mixer Grinder,Home Appliances,5,3660,18300,Cash,City Center,New
2024-01-24 23:00:00,INV2528,Novel,Books,1,458,458,Card,Riverside,New
2024-10-19 21:00:00,INV2529,Novel,Books,1,330,330,Card,Riverside,Returning
2024-09-11 03:00:00,INV2530,T-shirt,Fashion,2,677,1354,Online Gateway,City Center,New
2024-05-13 00:00:00,INV2531,Shoes,Fashion,5,2527,12635,UPI,City Center,Returning
2024-05-12 10:00:00,INV2532,Jeans,Fashion,1,1866,1866,Online Gateway,Riverside,New
2024-09-09 04:00:00,INV2533,Shoes,Fashion,3,2475,7425,Card,City Center,New
2024-04-23 22:00:00,INV2534,Notebook,Books,2,251,502,Card,Riverside,Returning
2024-09-11 20:00:00,INV2535,Headphones,Electronics,4,1622,6488,Cash,City Center,Returning
2024-05-28 16:00:00,INV2536,Smartphone,Electronics,2,19826,39652,Card,City Center,New
2024-04-01 19:00:00,INV2537,Smartphone,Electronics,2,20103,40206,Card,City Center,New
2024-02-27 22:00:00,INV2538,Washing Machine,Home Appliances,4,14959,59836,Card,City Center,New
2024-03-13 14:00:00,INV2539,Washing Machine,Home Appliances,2,15110,30220,Card,Riverside,Returning
2024-03-21 05:00:00,INV2540,Novel,Books,4,625,2500,Card,Riverside,Returning
2024-01-26 19:00:00,INV2541,Smartphone,Electronics,3,20003,60009,Online Gateway,City Center,Returning
2024-02-23 02:00:00,INV2542,Microwave,Home Appliances,4,7058,28232,Online Gateway,City Center,Returning
2024-02-09 20:00:00,INV2543,Laptop,Electronics,4,60018,240072,Cash,Riverside,New
2024-03-21 19:00:00,INV2544,Mixer Grinder,Home Appliances,2,3431,6862,Online Gateway,Riverside,Returning
2024-06-13 17:00:00,INV2545,Microwave,Home Appliances,3,6992,20976,Online Gateway,City Center,Returning
2024-02-10 08:00:00,INV2546,Headphones,Electronics,4,1400,5600,Card,City Center,New
2024-01-12 17:00:00,INV2547,Laptop,Electronics,5,60173,300865,UPI,Riverside,Returning
2024-09-17 22:00:00,INV2548,Washing Machine,Home Appliances,4,15180,60720,UPI,Riverside,Returning
2024-02-14 02:00:00,INV2549,T-shirt,Fashion,5,636,3180,Online Gateway,City Center,New
2024-06-27 21:00:00,INV2550,Washing Machine,Home Appliances,5,14883,74415,Card,Riverside,Returning
2024-08-03 18:00:00,INV2551,Pen Set,Books,3,110,330,Online Gateway,Riverside,New
2024-10-17 20:00:00,INV2552,Notebook,Books,4,117,468,Card,City Center,Returning
2024-02-21 05:00:00,INV2553,Laptop,Electronics,3,60123,180369,Cash,City Center,Returning
2024-07-10 01:00:00,INV2554,Novel,Books,4,648,2592,Card,Riverside,New
2024-12-18 19:00:00,INV2555,Novel,Books,5,639,3195,Card,City Center,New
2024-04-24 04:00:00,INV2556,Smartphone,Electronics,4,20003,80012,Cash,City Center,Returning
2024-04-05 09:00:00,INV2557,Headphones,Electronics,4,1429,5716,UPI,Riverside,Returning
2024-02-21 15:00:00,INV2558,Pen Set,Books,4,235,940,Cash,City Center,Returning
2024-08-11 18:00:00,INV2559,Headphones,Electronics,3,1683,5049,Card,Riverside,Returning
2024-01-06 05:00:00,INV2560,Laptop,Electronics,2,60051,120102,Cash,City Center,New
2024-11-07 09:00:00,INV2561,Pen Set,Books,4,118,472,Online Gateway,Riverside,Returning
2024-08-10 14:00:00,INV2562,Headphones,Electronics,2,1491,2982,Card,City Center,New
2024-11-02 07:00:00,INV2563,Microwave,Home Appliances,2,7057,14114,Cash,Riverside,New
2024-10-03 14:00:00,INV2564,Headphones,Electronics,2,1330,2660,Card,City Center,Returning
2024-09-30 18:00:00,INV2565,Washing Machine,Home Appliances,4,15120,60480,Cash,City Center,New
2024-05-15 09:00:00,INV2566,T-shirt,Fashion,1,793,793,Cash,Riverside,New
2024-11-12 11:00:00,INV2567,Jeans,Fashion,1,1899,1899,Card,Riverside,Returning
2024-09-19 06:00:00,INV2568,Notebook,Books,1,-96,-96,Cash,Riverside,New
2024-09-28 23:00:00,INV2569,Notebook,Books,5,-79,-395,Cash,City Center,New
2024-08-27 21:00:00,INV2570,Washing Machine,Home Appliances,5,15066,75330,UPI,Riverside,Returning
2024-03-23 01:00:00,INV2571,Jeans,Fashion,5,1819,9095,UPI,Riverside,Returning
2024-02-07 03:00:00,INV2572,Jeans,Fashion,2,1784,3568,Online Gateway,Riverside,New
2024-07-05 06:00:00,INV2573,Jeans,Fashion,3,1651,4953,Cash,Riverside,Returning
2024-10-25 23:00:00,INV2574,Pen Set,Books,2,-137,-274,Cash,Riverside,New
2024-12-12 16:00:00,INV2575,Jeans,Fashion,4,1916,7664,Online Gateway,Riverside,New
2024-10-10 20:00:00,INV2576,Laptop,Electronics,3,59808,179424,UPI,City Center,Returning
2024-11-09 07:00:00,INV2577,Notebook,Books,4,19,76,Online Gateway,Riverside,New
2024-07-11 04:00:00,INV2578,Jeans,Fashion,4,1843,7372,Cash,Riverside,Returning
2024-02-19 22:00:00,INV2579,Novel,Books,2,664,1328,Card,City Center,New
2024-08-06 06:00:00,INV2580,Microwave,Home Appliances,1,6954,6954,Online Gateway,City Center,Returning
2024-09-10 17:00:00,INV2581,Smartphone,Electronics,4,20139,80556,Card,City Center,New
2024-09-17 17:00:00,INV2582,Headphones,Electronics,1,1354,1354,Online Gateway,City Center,New
2024-11-17 01:00:00,INV2583,Jeans,Fashion,4,1992,7968,UPI,City Center,Returning
2024-06-03 23:00:00,INV2584,Notebook,Books,4,243,972,Cash,City Center,Returning
2024-01-13 14:00:00,INV2585,Smartphone,Electronics,3,19914,59742,Cash,Riverside,Returning
2024-02-11 02:00:00,INV2586,Pen Set,Books,4,184,736,Online Gateway,City Center,New
2024-07-04 00:00:00,INV2587,T-shirt,Fashion,1,748,748,Cash,City Center,New
2024-07-23 13:00:00,INV2588,Jeans,Fashion,5,1696,8480,Cash,Riverside,New
2024-05-08 00:00:00,INV2589,Jeans,Fashion,4,1895,7580,Cash,Riverside,New
2024-05-10 04:00:00,INV2590,Novel,Books,5,397,1985,Online Gateway,Riverside,Returning
2024-12-04 13:00:00,INV2591,Jeans,Fashion,2,1866,3732,Card,City Center,Returning
2024-05-17 03:00:00,INV2592,Laptop,Electronics,5,60035,300175,UPI,City Center,Returning
2024-06-17 01:00:00,INV2593,Shoes,Fashion,4,2648,10592,Online Gateway,City Center,Returning
2024-07-31 17:00:00,INV2594,Headphones,Electronics,1,1606,1606,UPI,Riverside,New
2024-01-30 07:00:00,INV2595,T-shirt,Fashion,5,844,4220,Card,Riverside,Returning
2024-12-04 21:00:00,INV2596,Pen Set,Books,4,-120,-480,UPI,City Center,New
2024-01-24 22:00:00,INV2597,Pen Set,Books,2,208,416,Cash,City Center,Returning
2024-08-25 16:00:00,INV2598,Pen Set,Books,4,3,12,Card,City Center,Returning
2024-11-23 00:00:00,INV2599,Jeans,Fashion,4,1947,7788,Online Gateway,Riverside,Returning
2024-08-05 00:00:00,INV2600,Washing Machine,Home Appliances,1,15070,15070,UPI,Riverside,New
2024-10-15 12:00:00,INV2601,Pen Set,Books,5,51,255,Cash,City Center,Returning
2024-06-08 12:00:00,INV2602,Novel,Books,1,663,663,UPI,Riverside,New
2024-05-14 14:00:00,INV2603,Novel,Books,2,526,1052,Online Gateway,Riverside,New
2024-01-21 08:00:00,INV2604,Shoes,Fashion,2,2683,5366,Card,City Center,Returning
2024-10-23 10:00:00,INV2605,Pen Set,Books,5,-98,-490,Card,Riverside,Returning
2024-05-12 05:00:00,INV2606,Notebook,Books,2,-72,-144,Cash,Riverside,Returning
2024-03-10 11:00:00,INV2607,Headphones,Electronics,1,1360,1360,UPI,Riverside,New
2024-06-20 10:00:00,INV2608,Notebook,Books,4,25,100,Cash,City Center,New
2024-05-28 01:00:00,INV2609,Washing Machine,Home Appliances,4,14954,59816,Card,Riverside,New
2024-11-19 09:00:00,INV2610,Microwave,Home Appliances,4,6940,27760,Online Gateway,Riverside,New
2024-02-11 16:00:00,INV2611,Smartphone,Electronics,1,19842,19842,Cash,Riverside,New
2024-02-27 20:00:00,INV2612,Laptop,Electronics,5,60093,300465,Online Gateway,Riverside,New
2024-08-15 02:00:00,INV2613,Novel,Books,2,496,992,Online Gateway,Riverside,Returning
2024-06-03 16:00:00,INV2614,Novel,Books,2,350,700,UPI,City Center,New
2024-02-26 23:00:00,INV2615,Washing Machine,Home Appliances,1,15001,15001,Online Gateway,City Center,New
2024-12-07 05:00:00,INV2616,Shoes,Fashion,1,2392,2392,Card,City Center,Returning
2024-01-19 22:00:00,INV2617,Jeans,Fashion,1,1620,1620,Card,City Center,New
2024-04-25 12:00:00,INV2618,Smartphone,Electronics,5,19931,99655,Cash,City Center,New
2024-06-04 06:00:00,INV2619,Mixer Grinder,Home Appliances,3,3486,10458,Card,Riverside,New
2024-10-28 08:00:00,INV2620,Shoes,Fashion,3,2323,6969,UPI,Riverside,New
2024-07-19 06:00:00,INV2621,Novel,Books,4,655,2620,UPI,Riverside,New
2024-04-01 06:00:00,INV2622,Pen Set,Books,1,189,189,Cash,City Center,New
2024-04-29 19:00:00,INV2623,Shoes,Fashion,2,2453,4906,Card,City Center,New
2024-08-21 00:00:00,INV2624,Novel,Books,3,442,1326,Card,Riverside,New
2024-03-01 00:00:00,INV2625,Mixer Grinder,Home Appliances,3,3433,10299,Online Gateway,City Center,Returning
2024-09-09 11:00:00,INV2626,Microwave,Home Appliances,1,6930,6930,Online Gateway,City Center,New
2024-10-19 02:00:00,INV2627,Smartphone,Electronics,3,20124,60372,Card,Riverside,New
2024-10-23 13:00:00,INV2628,Washing Machine,Home Appliances,2,14961,29922,Online Gateway,Riverside,New
2024-05-04 13:00:00,INV2629,Novel,Books,2,339,678,UPI,City Center,New
2024-09-16 12:00:00,INV2630,Notebook,Books,5,108,540,Cash,Riverside,New
2024-09-26 15:00:00,INV2631,Jeans,Fashion,3,1998,5994,UPI,City Center,New
2024-04-29 07:00:00,INV2632,T-shirt,Fashion,1,650,650,Online Gateway,City Center,Returning
2024-02-19 01:00:00,INV2633,Smartphone,Electronics,1,19889,19889,UPI,Riverside,New
2024-07-17 08:00:00,INV2634,Mixer Grinder,Home Appliances,3,3658,10974,UPI,Riverside,New
2024-01-01 11:00:00,INV2635,Laptop,Electronics,2,59962,119924,Online Gateway,City Center,Returning
2024-08-06 20:00:00,INV2636,Pen Set,Books,5,132,660,Online Gateway,Riverside,New
2024-07-02 07:00:00,INV2637,T-shirt,Fashion,1,951,951,Card,City Center,New
2024-12-09 02:00:00,INV2638,Washing Machine,Home Appliances,5,15176,75880,UPI,City Center,Returning
2024-08-14 21:00:00,INV2639,Pen Set,Books,2,197,394,Online Gateway,Riverside,New
2024-09-30 18:00:00,INV2640,Microwave,Home Appliances,3,7039,21117,UPI,Riverside,Returning
2024-12-08 04:00:00,INV2641,Mixer Grinder,Home Appliances,2,3456,6912,Cash,Riverside,Returning
2024-01-17 22:00:00,INV2642,Jeans,Fashion,1,1924,1924,Cash,City Center,New
2024-07-03 15:00:00,INV2643,Smartphone,Electronics,2,20094,40188,Cash,City Center,Returning
2024-08-06 11:00:00,INV2644,Mixer Grinder,Home Appliances,4,3305,13220,Online Gateway,City Center,Returning
2024-09-29 14:00:00,INV2645,Microwave,Home Appliances,5,7150,35750,Cash,Riverside,New
2024-10-16 00:00:00,INV2646,Novel,Books,2,681,1362,Cash,Riverside,Returning
2024-06-21 18:00:00,INV2647,Shoes,Fashion,5,2650,13250,Cash,Riverside,New
2024-01-06 20:00:00,INV2648,Notebook,Books,5,15,75,Card,City Center,Returning
2024-07-22 10:00:00,INV2649,Headphones,Electronics,5,1480,7400,Cash,Riverside,Returning
2024-09-07 12:00:00,INV2650,Washing Machine,Home Appliances,2,14991,29982,Cash,Riverside,New
2024-02-10 03:00:00,INV2651,Mixer Grinder,Home Appliances,1,3448,3448,UPI,Riverside,Returning
2024-10-24 23:00:00,INV2652,T-shirt,Fashion,2,601,1202,Online Gateway,City Center,Returning
2024-12-22 20:00:00,INV2653,Notebook,Books,5,-82,-410,Online Gateway,Riverside,New
2024-05-30 10:00:00,INV2654,Jeans,Fashion,1,1915,1915,Online Gateway,Riverside,Returning
2024-10-14 06:00:00,INV2655,Jeans,Fashion,1,1602,1602,UPI,City Center,Returning
2024-10-31 15:00:00,INV2656,Jeans,Fashion,1,1651,1651,Online Gateway,Riverside,New
2024-01-05 09:00:00,INV2657,Smartphone,Electronics,5,20063,100315,Card,Riverside,New
2024-08-18 19:00:00,INV2658,Microwave,Home Appliances,1,6879,6879,UPI,City Center,Returning
2024-10-09 19:00:00,INV2659,Washing Machine,Home Appliances,3,14953,44859,UPI,Riverside,New
2024-03-30 01:00:00,INV2660,Mixer Grinder,Home Appliances,3,3355,10065,Online Gateway,Riverside,New
2024-07-04 05:00:00,INV2661,Headphones,Electronics,3,1682,5046,Online Gateway,City Center,Returning
2024-05-27 02:00:00,INV2662,Pen Set,Books,2,-94,-188,Card,Riverside,New
2024-02-23 14:00:00,INV2663,Headphones,Electronics,4,1515,6060,UPI,City Center,New
2024-10-20 20:00:00,INV2664,Notebook,Books,2,145,290,UPI,City Center,Returning
2024-06-01 06:00:00,INV2665,Microwave,Home Appliances,5,7053,35265,Card,Riverside,Returning
2024-10-22 22:00:00,INV2666,Mixer Grinder,Home Appliances,4,3367,13468,Cash,City Center,New
2024-04-08 07:00:00,INV2667,Headphones,Electronics,2,1476,2952,Cash,City Center,New
2024-12-03 17:00:00,INV2668,Notebook,Books,3,119,357,Cash,Riverside,Returning
2024-12-25 20:00:00,INV2669,T-shirt,Fashion,3,848,2544,Cash,Riverside,New
2024-09-25 09:00:00,INV2670,Novel,Books,2,673,1346,Card,City Center,Returning
2024-07-29 07:00:00,INV2671,Smartphone,Electronics,3,20158,60474,Card,Riverside,New
2024-12-08 19:00:00,INV2672,Microwave,Home Appliances,1,7158,7158,Card,City Center,New
2024-08-04 19:00:00,INV2673,Shoes,Fashion,1,2367,2367,Online Gateway,City Center,Returning
2024-03-15 22:00:00,INV2674,Shoes,Fashion,2,2518,5036,Cash,City Center,New
2024-08-08 11:00:00,INV2675,Laptop,Electronics,4,60008,240032,UPI,City Center,New
2024-08-16 23:00:00,INV2676,Jeans,Fashion,4,1845,7380,Cash,Riverside,New
2024-09-18 20:00:00,INV2677,T-shirt,Fashion,1,737,737,UPI,Riverside,Returning
2024-10-30 13:00:00,INV2678,Pen Set,Books,4,-24,-96,UPI,City Center,New
2024-02-24 04:00:00,INV2679,Laptop,Electronics,1,59826,59826,UPI,City Center,Returning
2024-10-13 05:00:00,INV2680,Microwave,Home Appliances,3,7110,21330,Cash,Riverside,New
2024-05-09 01:00:00,INV2681,T-shirt,Fashion,4,786,3144,UPI,Riverside,New
2024-07-11 08:00:00,INV2682,Smartphone,Electronics,1,20149,20149,Card,Riverside,Returning
2024-01-01 09:00:00,INV2683,Pen Set,Books,3,230,690,UPI,City Center,Returning
2024-08-27 16:00:00,INV2684,Shoes,Fashion,5,2496,12480,Cash,City Center,New
2024-09-19 07:00:00,INV2685,Notebook,Books,5,-39,-195,Cash,City Center,New
2024-07-19 15:00:00,INV2686,Pen Set,Books,4,-100,-400,Cash,Riverside,Returning
2024-02-14 16:00:00,INV2687,Pen Set,Books,4,239,956,Card,City Center,New
2024-05-14 09:00:00,INV2688,Headphones,Electronics,2,1514,3028,UPI,Riverside,Returning
2024-02-24 20:00:00,INV2689,Microwave,Home Appliances,1,7023,7023,Cash,Riverside,Returning
2024-08-25 11:00:00,INV2690,Mixer Grinder,Home Appliances,5,3311,16555,Card,Riverside,New
2024-10-10 15:00:00,INV2691,T-shirt,Fashion,1,889,889,Cash,City Center,Returning
2024-10-05 02:00:00,INV2692,Microwave,Home Appliances,5,7062,35310,Cash,City Center,Returning
2024-06-02 11:00:00,INV2693,Mixer Grinder,Home Appliances,4,3587,14348,Online Gateway,Riverside,Returning
2024-10-28 03:00:00,INV2694,Shoes,Fashion,2,2301,4602,Card,City Center,New
2024-05-16 09:00:00,INV2695,Mixer Grinder,Home Appliances,4,3557,14228,UPI,Riverside,New
2024-10-18 16:00:00,INV2696,T-shirt,Fashion,3,882,2646,Cash,City Center,New
2024-01-07 01:00:00,INV2697,Laptop,Electronics,5,59921,299605,UPI,City Center,New
2024-07-27 18:00:00,INV2698,T-shirt,Fashion,2,738,1476,Cash,City Center,New
2024-05-06 16:00:00,INV2699,Mixer Grinder,Home Appliances,1,3300,3300,UPI,Riverside,Returning
2024-01-21 02:00:00,INV2700,Smartphone,Electronics,5,19935,99675,Card,Riverside,Returning
2024-05-12 11:00:00,INV2701,Jeans,Fashion,1,1920,1920,Cash,Riverside,New
2024-02-22 01:00:00,INV2702,Pen Set,Books,3,-60,-180,UPI,City Center,New
2024-01-27 06:00:00,INV2703,Pen Set,Books,4,184,736,UPI,City Center,Returning
2024-04-28 20:00:00,INV2704,Shoes,Fashion,3,2437,7311,Card,Riverside,New
2024-02-11 03:00:00,INV2705,Microwave,Home Appliances,2,7173,14346,Online Gateway,Riverside,New
2024-11-13 14:00:00,INV2706,Microwave,Home Appliances,1,7053,7053,Card,Riverside,New
2024-11-01 07:00:00,INV2707,Headphones,Electronics,2,1591,3182,Online Gateway,City Center,Returning
2024-02-15 20:00:00,INV2708,Laptop,Electronics,3,59883,179649,Card,Riverside,New
2024-10-04 04:00:00,INV2709,Smartphone,Electronics,2,19836,39672,Online Gateway,City Center,Returning
2024-12-25 16:00:00,INV2710,Notebook,Books,4,-49,-196,Card,City Center,New
2024-11-05 05:00:00,INV2711,Washing Machine,Home Appliances,4,14810,59240,Cash,City Center,New
2024-07-28 00:00:00,INV2712,Headphones,Electronics,2,1694,3388,Cash,Riverside,New
2024-02-02 01:00:00,INV2713,Notebook,Books,5,-94,-470,Cash,City Center,Returning
2024-02-25 23:00:00,INV2714,Pen Set,Books,1,-47,-47,Card,Riverside,Returning
2024-06-30 14:00:00,INV2715,Headphones,Electronics,3,1469,4407,Online Gateway,City Center,New
2024-10-09 12:00:00,INV2716,Laptop,Electronics,5,60154,300770,UPI,City Center,New
2024-10-02 02:00:00,INV2717,Laptop,Electronics,1,60078,60078,UPI,City Center,Returning
2024-04-07 21:00:00,INV2718,Headphones,Electronics,1,1414,1414,Cash,City Center,Returning
2024-08-25 11:00:00,INV2719,Washing Machine,Home Appliances,2,14980,29960,UPI,City Center,Returning
2024-02-21 17:00:00,INV2720,Notebook,Books,1,151,151,Card,City Center,New
2024-02-16 21:00:00,INV2721,Smartphone,Electronics,3,19982,59946,Cash,Riverside,New
2024-10-08 20:00:00,INV2722,Jeans,Fashion,1,1622,1622,Card,City Center,Returning
2024-07-31 13:00:00,INV2723,Mixer Grinder,Home Appliances,3,3607,10821,Card,Riverside,New
2024-11-22 19:00:00,INV2724,Notebook,Books,3,219,657,UPI,Riverside,New
2024-01-04 00:00:00,INV2725,T-shirt,Fashion,4,938,3752,UPI,Riverside,New
2024-08-16 00:00:00,INV2726,Laptop,Electronics,2,60198,120396,Card,Riverside,New
2024-08-04 05:00:00,INV2727,Washing Machine,Home Appliances,4,15169,60676,Online Gateway,City Center,New
2024-04-13 00:00:00,INV2728,Novel,Books,4,672,2688,UPI,City Center,New
2024-01-30 11:00:00,INV2729,Jeans,Fashion,2,1693,3386,Online Gateway,Riverside,Returning
2024-03-16 04:00:00,INV2730,Microwave,Home Appliances,4,7046,28184,Online Gateway,Riverside,New
2024-10-06 08:00:00,INV2731,Notebook,Books,2,96,192,Online Gateway,Riverside,Returning
2024-06-03 17:00:00,INV2732,Mixer Grinder,Home Appliances,5,3417,17085,Online Gateway,City Center,Returning
2024-07-29 11:00:00,INV2733,Mixer Grinder,Home Appliances,5,3697,18485,Card,City Center,New
2024-04-13 03:00:00,INV2734,Jeans,Fashion,1,1704,1704,Cash,Riverside,Returning
2024-05-30 10:00:00,INV2735,Headphones,Electronics,1,1330,1330,UPI,Riverside,New
2024-06-26 07:00:00,INV2736,T-shirt,Fashion,4,673,2692,Online Gateway,City Center,New
2024-11-04 05:00:00,INV2737,Shoes,Fashion,1,2682,2682,Card,City Center,New
2024-03-13 07:00:00,INV2738,Washing Machine,Home Appliances,1,15156,15156,Online Gateway,Riverside,New
2024-12-10 02:00:00,INV2739,Pen Set,Books,1,189,189,Cash,Riverside,New
2024-11-28 11:00:00,INV2740,Laptop,Electronics,2,59987,119974,Card,City Center,New
2024-04-11 04:00:00,INV2741,Smartphone,Electronics,1,20091,20091,Online Gateway,City Center,New
2024-11-05 10:00:00,INV2742,Microwave,Home Appliances,2,7183,14366,UPI,Riverside,Returning
2024-12-21 13:00:00,INV2743,Pen Set,Books,3,77,231,Cash,Riverside,New
2024-08-06 17:00:00,INV2744,Headphones,Electronics,1,1628,1628,Cash,City Center,New
2024-08-08 11:00:00,INV2745,Laptop,Electronics,4,60016,240064,Online Gateway,Riverside,Returning
2024-04-27 09:00:00,INV2746,Pen Set,Books,2,66,132,Card,Riverside,New
2024-06-10 10:00:00,INV2747,Mixer Grinder,Home Appliances,4,3364,13456,Card,Riverside,New
2024-06-24 11:00:00,INV2748,Shoes,Fashion,4,2394,9576,Cash,Riverside,Returning
2024-01-28 13:00:00,INV2749,Jeans,Fashion,4,1794,7176,Card,City Center,Returning
2024-05-20 14:00:00,INV2750,Notebook,Books,4,-1,-4,UPI,City Center,New
2024-01-09 15:00:00,INV2751,Smartphone,Electronics,3,20108,60324,UPI,City Center,New
2024-04-21 01:00:00,INV2752,T-shirt,Fashion,2,877,1754,Cash,City Center,New
2024-04-13 21:00:00,INV2753,Novel,Books,1,687,687,UPI,City Center,New
2024-10-10 21:00:00,INV2754,Notebook,Books,1,23,23,UPI,City Center,New
2024-01-27 08:00:00,INV2755,Novel,Books,4,323,1292,Cash,Riverside,New
2024-05-08 11:00:00,INV2756,T-shirt,Fashion,1,782,782,UPI,Riverside,New
2024-06-03 23:00:00,INV2757,Jeans,Fashion,4,1971,7884,UPI,City Center,New
2024-10-23 19:00:00,INV2758,Jeans,Fashion,4,1979,7916,Cash,City Center,New
2024-03-10 23:00:00,INV2759,Novel,Books,4,544,2176,Cash,Riverside,New
2024-01-10 20:00:00,INV2760,Headphones,Electronics,4,1340,5360,Cash,City Center,New
2024-11-06 06:00:00,INV2761,Notebook,Books,2,293,586,Card,Riverside,Returning
2024-07-04 03:00:00,INV2762,Headphones,Electronics,3,1448,4344,UPI,Riverside,New
2024-10-09 02:00:00,INV2763,Pen Set,Books,4,-28,-112,Card,City Center,New
2024-09-11 03:00:00,INV2764,Novel,Books,4,349,1396,Cash,City Center,Returning
2024-12-22 11:00:00,INV2765,Mixer Grinder,Home Appliances,1,3555,3555,Cash,Riverside,Returning
2024-04-08 16:00:00,INV2766,Headphones,Electronics,3,1382,4146,Cash,Riverside,Returning
2024-01-12 21:00:00,INV2767,Jeans,Fashion,1,1636,1636,Card,Riverside,Returning
2024-01-07 04:00:00,INV2768,Microwave,Home Appliances,3,7190,21570,Online Gateway,City Center,New
2024-06-17 05:00:00,INV2769,Novel,Books,4,320,1280,UPI,Riverside,Returning
2024-09-29 21:00:00,INV2770,Washing Machine,Home Appliances,5,15148,75740,Card,Riverside,Returning
2024-10-23 17:00:00,INV2771,Mixer Grinder,Home Appliances,5,3460,17300,UPI,City Center,Returning
2024-07-22 23:00:00,INV2772,Mixer Grinder,Home Appliances,4,3434,13736,Cash,City Center,New
2024-08-08 00:00:00,INV2773,Pen Set,Books,5,-146,-730,Card,City Center,Returning
2024-02-12 04:00:00,INV2774,Washing Machine,Home Appliances,2,15091,30182,Online Gateway,City Center,New
2024-04-26 01:00:00,INV2775,Washing Machine,Home Appliances,4,15142,60568,Cash,Riverside,Returning
2024-06-04 05:00:00,INV2776,Microwave,Home Appliances,5,7038,35190,Cash,City Center,New
2024-07-09 16:00:00,INV2777,Pen Set,Books,1,53,53,Online Gateway,City Center,Returning
2024-08-28 22:00:00,INV2778,Jeans,Fashion,1,1762,1762,UPI,Riverside,New
2024-09-17 17:00:00,INV2779,Pen Set,Books,4,-92,-368,UPI,Riverside,New
2024-04-10 08:00:00,INV2780,Mixer Grinder,Home Appliances,2,3540,7080,Card,City Center,Returning
2024-01-15 04:00:00,INV2781,Novel,Books,1,607,607,Online Gateway,City Center,Returning
2024-04-27 09:00:00,INV2782,Washing Machine,Home Appliances,4,14909,59636,Cash,City Center,New
2024-04-14 00:00:00,INV2783,Notebook,Books,4,38,152,UPI,City Center,New
2024-09-05 10:00:00,INV2784,Headphones,Electronics,1,1440,1440,Online Gateway,City Center,Returning
2024-08-08 19:00:00,INV2785,Pen Set,Books,4,64,256,Card,Riverside,New
2024-11-11 14:00:00,INV2786,Laptop,Electronics,1,60019,60019,UPI,Riverside,New
2024-03-11 09:00:00,INV2787,Shoes,Fashion,3,2514,7542,Online Gateway,Riverside,New
2024-05-16 03:00:00,INV2788,Pen Set,Books,4,31,124,Online Gateway,City Center,New
2024-07-02 14:00:00,INV2789,Smartphone,Electronics,5,20115,100575,Card,Riverside,Returning
2024-12-18 05:00:00,INV2790,Laptop,Electronics,2,60034,120068,Card,Riverside,Returning
2024-03-01 02:00:00,INV2791,Smartphone,Electronics,4,19934,79736,Cash,Riverside,New
2024-12-24 05:00:00,INV2792,Notebook,Books,4,227,908,Cash,City Center,New
2024-07-03 21:00:00,INV2793,Pen Set,Books,2,65,130,Card,Riverside,New
2024-08-14 11:00:00,INV2794,Jeans,Fashion,2,1697,3394,Cash,Riverside,Returning
2024-12-17 11:00:00,INV2795,Laptop,Electronics,3,59957,179871,Cash,Riverside,Returning
2024-06-20 03:00:00,INV2796,Washing Machine,Home Appliances,4,14980,59920,UPI,Riverside,Returning
2024-01-24 08:00:00,INV2797,Smartphone,Electronics,2,20034,40068,Online Gateway,Riverside,New
2024-08-19 04:00:00,INV2798,Mixer Grinder,Home Appliances,5,3383,16915,Online Gateway,Riverside,Returning
2024-03-17 02:00:00,INV2799,Notebook,Books,4,224,896,UPI,City Center,New
2024-11-13 21:00:00,INV2800,Smartphone,Electronics,1,20132,20132,Cash,Riverside,New
2024-12-12 21:00:00,INV2801,Microwave,Home Appliances,5,7078,35390,Cash,Riverside,New
2024-05-10 18:00:00,INV2802,Notebook,Books,3,115,345,Card,City Center,Returning
2024-11-16 13:00:00,INV2803,Mixer Grinder,Home Appliances,4,3358,13432,Card,Riverside,New
2024-12-10 08:00:00,INV2804,Jeans,Fashion,4,1811,7244,Online Gateway,City Center,Returning
2024-11-22 18:00:00,INV2805,Shoes,Fashion,5,2445,12225,UPI,Riverside,Returning
2024-10-07 01:00:00,INV2806,Washing Machine,Home Appliances,2,14802,29604,Online Gateway,City Center,New
2024-10-18 18:00:00,INV2807,Laptop,Electronics,2,59991,119982,UPI,Riverside,New
2024-06-25 01:00:00,INV2808,Novel,Books,4,423,1692,Online Gateway,City Center,Returning
2024-05-04 02:00:00,INV2809,Laptop,Electronics,5,60019,300095,Card,Riverside,New
2024-11-03 05:00:00,INV2810,Washing Machine,Home Appliances,3,15064,45192,Card,Riverside,New
2024-09-03 03:00:00,INV2811,Smartphone,Electronics,2,20058,40116,Cash,Riverside,Returning
2024-09-11 01:00:00,INV2812,Mixer Grinder,Home Appliances,2,3465,6930,Card,City Center,New
2024-08-23 16:00:00,INV2813,Laptop,Electronics,4,59805,239220,Card,City Center,New
2024-06-26 11:00:00,INV2814,Novel,Books,4,312,1248,Card,Riverside,Returning
2024-12-11 06:00:00,INV2815,Headphones,Electronics,2,1634,3268,Card,Riverside,New
2024-09-02 21:00:00,INV2816,Mixer Grinder,Home Appliances,2,3671,7342,Online Gateway,Riverside,New
2024-07-23 21:00:00,INV2817,T-shirt,Fashion,1,673,673,Cash,City Center,New
2024-12-17 05:00:00,INV2818,Microwave,Home Appliances,5,6862,34310,Cash,City Center,Returning
2024-04-15 10:00:00,INV2819,T-shirt,Fashion,2,647,1294,Cash,Riverside,Returning
2024-03-22 16:00:00,INV2820,Shoes,Fashion,4,2351,9404,Online Gateway,City Center,Returning
2024-10-20 13:00:00,INV2821,Smartphone,Electronics,4,20120,80480,Cash,City Center,Returning
2024-02-13 16:00:00,INV2822,Washing Machine,Home Appliances,3,15124,45372,Online Gateway,City Center,New
2024-08-28 12:00:00,INV2823,T-shirt,Fashion,1,691,691,Cash,City Center,Returning
2024-04-15 09:00:00,INV2824,Jeans,Fashion,4,1914,7656,Cash,City Center,Returning
2024-05-03 12:00:00,INV2825,Smartphone,Electronics,2,20110,40220,Cash,City Center,New
2024-10-24 09:00:00,INV2826,Shoes,Fashion,3,2358,7074,Card,City Center,Returning
2024-02-10 03:00:00,INV2827,Headphones,Electronics,2,1342,2684,Card,Riverside,Returning
2024-01-23 08:00:00,INV2828,Microwave,Home Appliances,2,6847,13694,UPI,Riverside,Returning
2024-11-01 20:00:00,INV2829,Pen Set,Books,4,73,292,Online Gateway,City Center,Returning
2024-10-26 03:00:00,INV2830,Headphones,Electronics,2,1651,3302,UPI,Riverside,New
2024-11-27 23:00:00,INV2831,Novel,Books,5,459,2295,Card,City Center,Returning
2024-12-29 22:00:00,INV2832,Washing Machine,Home Appliances,4,15016,60064,UPI,Riverside,New
2024-02-05 05:00:00,INV2833,Novel,Books,4,519,2076,Card,Riverside,Returning
2024-08-28 17:00:00,INV2834,Notebook,Books,1,130,130,Card,City Center,Returning
2024-05-06 12:00:00,INV2835,Novel,Books,4,450,1800,UPI,Riverside,New
2024-09-04 19:00:00,INV2836,Smartphone,Electronics,2,19965,39930,Online Gateway,City Center,Returning
2024-04-13 22:00:00,INV2837,Shoes,Fashion,1,2410,2410,UPI,Riverside,New
2024-04-23 07:00:00,INV2838,Jeans,Fashion,1,1604,1604,UPI,City Center,Returning
2024-03-19 12:00:00,INV2839,Shoes,Fashion,4,2590,10360,UPI,City Center,New
2024-06-30 05:00:00,INV2840,Washing Machine,Home Appliances,3,15108,45324,Card,City Center,New
2024-08-03 19:00:00,INV2841,Mixer Grinder,Home Appliances,3,3666,10998,Cash,Riverside,Returning
2024-10-02 10:00:00,INV2842,Jeans,Fashion,3,1701,5103,Card,City Center,Returning
2024-09-24 22:00:00,INV2843,Microwave,Home Appliances,1,6940,6940,Online Gateway,City Center,New
2024-10-25 02:00:00,INV2844,Microwave,Home Appliances,2,7107,14214,UPI,Riverside,New
2024-09-27 08:00:00,INV2845,Novel,Books,1,445,445,Cash,City Center,Returning
2024-07-16 09:00:00,INV2846,T-shirt,Fashion,2,806,1612,Cash,City Center,Returning
2024-09-28 21:00:00,INV2847,Notebook,Books,1,-65,-65,Online Gateway,City Center,Returning
2024-06-09 10:00:00,INV2848,Pen Set,Books,3,-10,-30,UPI,Riverside,Returning
2024-01-29 17:00:00,INV2849,Smartphone,Electronics,5,20196,100980,UPI,Riverside,New
2024-08-03 15:00:00,INV2850,Washing Machine,Home Appliances,3,15156,45468,Online Gateway,Riverside,New
2024-12-26 08:00:00,INV2851,Jeans,Fashion,5,1652,8260,Cash,City Center,New
2024-07-30 14:00:00,INV2852,Laptop,Electronics,2,59853,119706,UPI,Riverside,New
2024-08-15 00:00:00,INV2853,Headphones,Electronics,1,1397,1397,UPI,City Center,New
2024-02-19 03:00:00,INV2854,T-shirt,Fashion,1,656,656,Cash,Riverside,New
2024-09-23 22:00:00,INV2855,T-shirt,Fashion,3,952,2856,Online Gateway,Riverside,New
2024-12-23 23:00:00,INV2856,Headphones,Electronics,5,1535,7675,Cash,City Center,Returning
2024-10-14 19:00:00,INV2857,Headphones,Electronics,5,1511,7555,Online Gateway,City Center,New
2024-03-09 06:00:00,INV2858,Novel,Books,4,638,2552,Online Gateway,Riverside,Returning
2024-08-24 07:00:00,INV2859,Pen Set,Books,4,-35,-140,Cash,Riverside,Returning
2024-10-15 16:00:00,INV2860,Pen Set,Books,1,30,30,Card,City Center,New
2024-02-27 14:00:00,INV2861,Smartphone,Electronics,4,19830,79320,Card,City Center,New
2024-02-28 11:00:00,INV2862,Microwave,Home Appliances,4,6896,27584,Online Gateway,City Center,Returning
2024-05-17 04:00:00,INV2863,Shoes,Fashion,5,2689,13445,UPI,Riverside,Returning
2024-01-18 11:00:00,INV2864,Notebook,Books,2,158,316,Cash,City Center,New
2024-07-07 05:00:00,INV2865,Jeans,Fashion,4,1831,7324,Card,Riverside,New
2024-05-17 14:00:00,INV2866,Smartphone,Electronics,3,20016,60048,Card,Riverside,New
2024-11-23 09:00:00,INV2867,Headphones,Electronics,4,1354,5416,Cash,City Center,New
2024-11-23 22:00:00,INV2868,Microwave,Home Appliances,2,6936,13872,Cash,Riverside,Returning
2024-08-25 05:00:00,INV2869,Jeans,Fashion,3,1660,4980,Cash,Riverside,Returning
2024-02-01 23:00:00,INV2870,Shoes,Fashion,2,2503,5006,Online Gateway,Riverside,New
2024-03-26 04:00:00,INV2871,Microwave,Home Appliances,3,6989,20967,Cash,City Center,Returning
2024-03-05 13:00:00,INV2872,Pen Set,Books,4,-51,-204,UPI,City Center,Returning
2024-09-12 20:00:00,INV2873,Headphones,Electronics,5,1441,7205,Online Gateway,Riverside,New
2024-06-03 20:00:00,INV2874,Notebook,Books,1,230,230,Card,City Center,New
2024-07-05 17:00:00,INV2875,Smartphone,Electronics,1,19818,19818,UPI,City Center,New
2024-11-25 02:00:00,INV2876,Mixer Grinder,Home Appliances,1,3441,3441,Card,Riverside,Returning
2024-09-29 20:00:00,INV2877,Washing Machine,Home Appliances,1,14912,14912,UPI,Riverside,New
2024-04-05 13:00:00,INV2878,Headphones,Electronics,2,1477,2954,UPI,Riverside,New
2024-07-20 13:00:00,INV2879,Smartphone,Electronics,2,20057,40114,Online Gateway,Riverside,New
2024-11-19 06:00:00,INV2880,Headphones,Electronics,3,1648,4944,Cash,City Center,New
2024-10-10 01:00:00,INV2881,Jeans,Fashion,4,1672,6688,Cash,Riverside,Returning
2024-11-14 06:00:00,INV2882,Jeans,Fashion,1,1690,1690,UPI,City Center,New
2024-11-29 01:00:00,INV2883,Notebook,Books,1,204,204,UPI,Riverside,New
2024-09-07 07:00:00,INV2884,Microwave,Home Appliances,2,7041,14082,Cash,City Center,New
2024-08-18 22:00:00,INV2885,Novel,Books,3,416,1248,Card,City Center,New
2024-09-21 20:00:00,INV2886,Smartphone,Electronics,3,20176,60528,UPI,Riverside,Returning
2024-12-17 09:00:00,INV2887,Pen Set,Books,3,129,387,UPI,Riverside,Returning
2024-11-03 12:00:00,INV2888,Jeans,Fashion,4,1606,6424,UPI,Riverside,Returning
2024-04-09 09:00:00,INV2889,Mixer Grinder,Home Appliances,5,3547,17735,Cash,Riverside,New
2024-06-26 20:00:00,INV2890,Headphones,Electronics,4,1412,5648,Card,Riverside,Returning
2024-01-28 23:00:00,INV2891,Laptop,Electronics,2,60095,120190,Online Gateway,Riverside,New
2024-01-07 19:00:00,INV2892,Pen Set,Books,1,-51,-51,Online Gateway,City Center,Returning
2024-12-26 16:00:00,INV2893,Notebook,Books,5,130,650,Card,Riverside,Returning
2024-07-10 08:00:00,INV2894,Jeans,Fashion,4,1901,7604,Online Gateway,Riverside,Returning
2024-07-18 19:00:00,INV2895,Shoes,Fashion,1,2596,2596,UPI,City Center,Returning
2024-07-18 22:00:00,INV2896,Microwave,Home Appliances,5,6977,34885,UPI,City Center,New
2024-09-08 12:00:00,INV2897,Microwave,Home Appliances,2,7038,14076,Card,Riverside,New
2024-04-08 03:00:00,INV2898,T-shirt,Fashion,4,747,2988,Cash,Riverside,New
2024-09-02 07:00:00,INV2899,Microwave,Home Appliances,1,6911,6911,UPI,City Center,New
2024-11-27 17:00:00,INV2900,Microwave,Home Appliances,3,6802,20406,Online Gateway,Riverside,New
2024-08-30 19:00:00,INV2901,Laptop,Electronics,3,59870,179610,UPI,Riverside,New
2024-12-30 01:00:00,INV2902,Smartphone,Electronics,3,19873,59619,Card,Riverside,New
2024-07-15 15:00:00,INV2903,T-shirt,Fashion,2,616,1232,Online Gateway,Riverside,New
2024-01-25 17:00:00,INV2904,Notebook,Books,4,116,464,Online Gateway,City Center,Returning
2024-07-20 15:00:00,INV2905,T-shirt,Fashion,5,759,3795,Card,Riverside,Returning
2024-11-04 02:00:00,INV2906,Novel,Books,2,649,1298,Card,Riverside,New
2024-05-25 13:00:00,INV2907,Washing Machine,Home Appliances,5,14902,74510,UPI,Riverside,New
2024-09-13 20:00:00,INV2908,T-shirt,Fashion,5,921,4605,Online Gateway,City Center,Returning
2024-04-21 08:00:00,INV2909,Washing Machine,Home Appliances,1,14870,14870,Online Gateway,Riverside,Returning
2024-06-24 00:00:00,INV2910,Microwave,Home Appliances,3,7018,21054,Online Gateway,Riverside,Returning
2024-01-01 16:00:00,INV2911,Microwave,Home Appliances,1,7086,7086,Cash,Riverside,New
2024-05-12 23:00:00,INV2912,Headphones,Electronics,5,1454,7270,Card,Riverside,New
2024-01-17 08:00:00,INV2913,Novel,Books,5,589,2945,UPI,City Center,Returning
2024-12-25 00:00:00,INV2914,Headphones,Electronics,4,1643,6572,Cash,Riverside,Returning
2024-09-18 08:00:00,INV2915,Laptop,Electronics,1,59828,59828,UPI,City Center,Returning
2024-01-24 19:00:00,INV2916,Novel,Books,1,448,448,Online Gateway,Riverside,New
2024-05-31 07:00:00,INV2917,Smartphone,Electronics,5,20145,100725,Cash,City Center,New
2024-09-14 04:00:00,INV2918,Mixer Grinder,Home Appliances,4,3369,13476,Card,City Center,Returning
2024-10-26 01:00:00,INV2919,Notebook,Books,3,268,804,Cash,Riverside,New
2024-12-17 09:00:00,INV2920,Smartphone,Electronics,1,19800,19800,Card,City Center,New
2024-06-11 09:00:00,INV2921,Shoes,Fashion,2,2353,4706,Online Gateway,City Center,Returning
2024-12-04 11:00:00,INV2922,Washing Machine,Home Appliances,1,14862,14862,UPI,Riverside,Returning
2024-04-04 23:00:00,INV2923,Headphones,Electronics,2,1579,3158,UPI,Riverside,New
2024-11-06 11:00:00,INV2924,Washing Machine,Home Appliances,2,15125,30250,Cash,City Center,New
2024-02-02 07:00:00,INV2925,Pen Set,Books,2,-63,-126,Card,Riverside,Returning
2024-10-13 05:00:00,INV2926,T-shirt,Fashion,3,941,2823,Cash,Riverside,Returning
2024-04-03 15:00:00,INV2927,Notebook,Books,3,100,300,Online Gateway,City Center,Returning
2024-10-22 08:00:00,INV2928,Washing Machine,Home Appliances,4,14875,59500,Cash,Riverside,Returning
2024-01-04 06:00:00,INV2929,Smartphone,Electronics,5,19999,99995,Cash,Riverside,New
2024-12-02 16:00:00,INV2930,Notebook,Books,5,127,635,Cash,Riverside,New
2024-10-22 19:00:00,INV2931,Microwave,Home Appliances,4,6941,27764,Cash,City Center,Returning
2024-06-12 14:00:00,INV2932,Mixer Grinder,Home Appliances,5,3407,17035,UPI,Riverside,New
2024-11-01 20:00:00,INV2933,Headphones,Electronics,2,1480,2960,UPI,Riverside,New
2024-10-22 03:00:00,INV2934,T-shirt,Fashion,3,801,2403,Cash,Riverside,Returning
2024-09-16 14:00:00,INV2935,Microwave,Home Appliances,5,7137,35685,Card,Riverside,New
2024-07-24 20:00:00,INV2936,Pen Set,Books,3,151,453,UPI,Riverside,New
2024-05-16 07:00:00,INV2937,Laptop,Electronics,1,60175,60175,Card,City Center,New
2024-05-24 00:00:00,INV2938,Notebook,Books,1,155,155,Online Gateway,Riverside,New
2024-11-20 12:00:00,INV2939,Pen Set,Books,2,-97,-194,Card,Riverside,Returning
2024-12-24 07:00:00,INV2940,Smartphone,Electronics,1,20113,20113,UPI,City Center,New
2024-11-14 18:00:00,INV2941,Pen Set,Books,1,76,76,UPI,City Center,New
2024-04-22 23:00:00,INV2942,Jeans,Fashion,1,1957,1957,Online Gateway,Riverside,New
2024-03-10 12:00:00,INV2943,Notebook,Books,5,184,920,Card,City Center,Returning
2024-01-07 03:00:00,INV2944,Microwave,Home Appliances,4,7147,28588,UPI,City Center,New
2024-09-24 12:00:00,INV2945,Pen Set,Books,2,72,144,Card,City Center,New
2024-01-16 05:00:00,INV2946,Notebook,Books,1,4,4,Cash,City Center,New
2024-07-07 19:00:00,INV2947,Jeans,Fashion,4,1890,7560,Cash,Riverside,New
2024-08-10 02:00:00,INV2948,Notebook,Books,5,154,770,Card,City Center,Returning
2024-08-17 14:00:00,INV2949,Mixer Grinder,Home Appliances,3,3482,10446,Card,City Center,Returning
2024-12-30 18:00:00,INV2950,Washing Machine,Home Appliances,4,14836,59344,Cash,City Center,Returning
2024-09-27 13:00:00,INV2951,Smartphone,Electronics,1,20055,20055,Card,City Center,Returning
2024-08-14 15:00:00,INV2952,Laptop,Electronics,2,59948,119896,UPI,Riverside,Returning
2024-09-28 07:00:00,INV2953,Smartphone,Electronics,2,19947,39894,Cash,City Center,Returning
2024-11-08 16:00:00,INV2954,Washing Machine,Home Appliances,5,14829,74145,Cash,Riverside,Returning
2024-02-21 22:00:00,INV2955,Notebook,Books,1,-84,-84,UPI,Riverside,Returning
2024-06-08 23:00:00,INV2956,Shoes,Fashion,3,2691,8073,Cash,City Center,New
2024-12-22 07:00:00,INV2957,Mixer Grinder,Home Appliances,3,3687,11061,Cash,City Center,Returning
2024-04-09 00:00:00,INV2958,Smartphone,Electronics,5,20112,100560,Cash,Riverside,New
2024-05-05 09:00:00,INV2959,Washing Machine,Home Appliances,5,15178,75890,Cash,Riverside,New
2024-03-17 03:00:00,INV2960,T-shirt,Fashion,1,653,653,Cash,Riverside,New
2024-10-17 19:00:00,INV2961,Notebook,Books,3,120,360,Online Gateway,Riverside,New
2024-12-23 01:00:00,INV2962,Laptop,Electronics,1,59813,59813,Card,Riverside,New
2024-06-27 13:00:00,INV2963,Mixer Grinder,Home Appliances,4,3326,13304,Online Gateway,Riverside,New
2024-10-14 22:00:00,INV2964,Washing Machine,Home Appliances,4,15081,60324,Card,City Center,Returning
2024-12-22 17:00:00,INV2965,Smartphone,Electronics,5,19988,99940,UPI,City Center,Returning
2024-04-01 12:00:00,INV2966,Washing Machine,Home Appliances,1,14921,14921,Card,City Center,New
2024-06-05 03:00:00,INV2967,Shoes,Fashion,4,2682,10728,Cash,City Center,New
2024-09-06 02:00:00,INV2968,Laptop,Electronics,1,59829,59829,Card,Riverside,New
2024-08-21 15:00:00,INV2969,T-shirt,Fashion,1,760,760,UPI,City Center,Returning
2024-02-02 01:00:00,INV2970,Headphones,Electronics,5,1503,7515,Online Gateway,City Center,New
2024-02-02 12:00:00,INV2971,Smartphone,Electronics,3,20078,60234,Card,Riverside,Returning
2024-09-19 15:00:00,INV2972,Shoes,Fashion,4,2665,10660,UPI,Riverside,Returning
2024-06-14 23:00:00,INV2973,Notebook,Books,2,169,338,UPI,Riverside,New
2024-12-29 02:00:00,INV2974,Laptop,Electronics,3,60010,180030,Online Gateway,Riverside,New
2024-01-22 17:00:00,INV2975,Shoes,Fashion,2,2566,5132,Card,Riverside,New
2024-11-11 09:00:00,INV2976,Smartphone,Electronics,3,20171,60513,Card,City Center,New
2024-08-29 00:00:00,INV2977,Pen Set,Books,4,182,728,Online Gateway,City Center,New
2024-07-09 23:00:00,INV2978,Microwave,Home Appliances,1,6938,6938,UPI,Riverside,Returning
2024-09-04 18:00:00,INV2979,Smartphone,Electronics,1,19942,19942,Online Gateway,Riverside,New
2024-07-24 21:00:00,INV2980,Washing Machine,Home Appliances,4,15027,60108,Cash,City Center,New
2024-09-18 03:00:00,INV2981,Washing Machine,Home Appliances,2,15137,30274,Online Gateway,City Center,Returning
2024-10-24 00:00:00,INV2982,Laptop,Electronics,5,60190,300950,UPI,City Center,Returning
2024-04-12 13:00:00,INV2983,T-shirt,Fashion,5,710,3550,Cash,Riverside,Returning
2024-01-29 13:00:00,INV2984,Washing Machine,Home Appliances,1,14855,14855,Online Gateway,Riverside,Returning
2024-03-31 00:00:00,INV2985,Washing Machine,Home Appliances,5,15168,75840,UPI,City Center,Returning
2024-10-19 23:00:00,INV2986,Microwave,Home Appliances,2,6867,13734,Cash,Riverside,Returning
2024-08-10 13:00:00,INV2987,Smartphone,Electronics,2,20194,40388,UPI,Riverside,Returning
2024-01-02 14:00:00,INV2988,Laptop,Electronics,5,59940,299700,UPI,Riverside,Returning
2024-07-22 03:00:00,INV2989,Notebook,Books,5,-94,-470,Cash,Riverside,Returning
2024-02-22 08:00:00,INV2990,T-shirt,Fashion,2,827,1654,Online Gateway,City Center,Returning
2024-11-16 17:00:00,INV2991,Laptop,Electronics,4,59818,239272,UPI,Riverside,New
2024-04-01 12:00:00,INV2992,Washing Machine,Home Appliances,1,15096,15096,Cash,Riverside,Returning
2024-10-25 13:00:00,INV2993,Smartphone,Electronics,4,19892,79568,UPI,Riverside,Returning
2024-01-13 13:00:00,INV2994,Microwave,Home Appliances,2,6916,13832,Card,City Center,New
2024-11-09 15:00:00,INV2995,Shoes,Fashion,1,2635,2635,Cash,City Center,Returning
2024-09-22 21:00:00,INV2996,Novel,Books,3,321,963,Card,City Center,Returning
2024-01-27 22:00:00,INV2997,T-shirt,Fashion,1,947,947,UPI,City Center,New
2024-06-29 10:00:00,INV2998,Jeans,Fashion,1,1639,1639,Online Gateway,City Center,New
2024-10-18 19:00:00,INV2999,Shoes,Fashion,2,2466,4932,UPI,Riverside,New
2024-05-27 09:00:00,INV3000,Notebook,Books,4,44,176,Card,City Center,Returning
2024-07-08 22:00:00,INV3001,Novel,Books,3,471,1413,Online Gateway,Riverside,Returning
2024-10-01 03:00:00,INV3002,T-shirt,Fashion,5,615,3075,Card,Riverside,New
2024-12-19 02:00:00,INV3003,T-shirt,Fashion,2,902,1804,Cash,City Center,New
2024-06-19 02:00:00,INV3004,Jeans,Fashion,5,1966,9830,UPI,City Center,Returning
2024-06-23 07:00:00,INV3005,Novel,Books,1,636,636,Card,Riverside,New
2024-12-26 12:00:00,INV3006,Smartphone,Electronics,2,20089,40178,Online Gateway,City Center,New
2024-06-05 10:00:00,INV3007,Novel,Books,4,637,2548,Online Gateway,Riverside,Returning
2024-03-12 20:00:00,INV3008,Shoes,Fashion,5,2450,12250,Card,Riverside,New
2024-02-27 08:00:00,INV3009,Jeans,Fashion,2,1833,3666,UPI,City Center,New
2024-12-28 18:00:00,INV3010,Microwave,Home Appliances,4,6985,27940,Cash,Riverside,New
2024-03-09 21:00:00,INV3011,Jeans,Fashion,4,1909,7636,Card,Riverside,Returning
2024-03-27 02:00:00,INV3012,Shoes,Fashion,5,2364,11820,Card,Riverside,New
2024-01-01 22:00:00,INV3013,Novel,Books,3,446,1338,UPI,Riverside,New
2024-04-12 12:00:00,INV3014,Smartphone,Electronics,4,20015,80060,Card,Riverside,New
2024-09-03 22:00:00,INV3015,Headphones,Electronics,4,1307,5228,Card,City Center,Returning
2024-09-17 11:00:00,INV3016,T-shirt,Fashion,5,964,4820,Online Gateway,City Center,New
2024-10-30 23:00:00,INV3017,Laptop,Electronics,4,59812,239248,Card,City Center,New
2024-05-17 12:00:00,INV3018,Mixer Grinder,Home Appliances,5,3498,17490,Online Gateway,Riverside,New
2024-09-18 15:00:00,INV3019,Washing Machine,Home Appliances,5,14923,74615,UPI,City Center,Returning
2024-12-22 09:00:00,INV3020,Jeans,Fashion,5,1911,9555,Cash,City Center,New
2024-11-02 09:00:00,INV3021,Pen Set,Books,3,79,237,Online Gateway,Riverside,Returning
2024-06-04 07:00:00,INV3022,T-shirt,Fashion,4,958,3832,Card,City Center,New
2024-09-18 08:00:00,INV3023,Headphones,Electronics,1,1603,1603,UPI,Riverside,Returning
2024-09-06 19:00:00,INV3024,Jeans,Fashion,4,1690,6760,UPI,City Center,New
2024-01-22 10:00:00,INV3025,T-shirt,Fashion,4,774,3096,Cash,Riverside,Returning
2024-01-19 16:00:00,INV3026,Jeans,Fashion,4,1763,7052,Card,City Center,New
2024-09-07 19:00:00,INV3027,Pen Set,Books,2,70,140,UPI,Riverside,New
2024-08-10 15:00:00,INV3028,Jeans,Fashion,3,1684,5052,Cash,Riverside,Returning
2024-11-30 17:00:00,INV3029,Microwave,Home Appliances,4,6914,27656,Card,Riverside,Returning
2024-04-15 00:00:00,INV3030,Novel,Books,1,418,418,UPI,City Center,New
2024-05-08 09:00:00,INV3031,Shoes,Fashion,5,2560,12800,Card,City Center,New
2024-02-29 12:00:00,INV3032,Mixer Grinder,Home Appliances,5,3399,16995,Cash,Riverside,New
2024-06-14 07:00:00,INV3033,Jeans,Fashion,2,1744,3488,Online Gateway,Riverside,New
2024-09-25 13:00:00,INV3034,Microwave,Home Appliances,3,6856,20568,Cash,Riverside,Returning
2024-03-30 23:00:00,INV3035,Microwave,Home Appliances,3,6844,20532,Card,Riverside,New
2024-08-01 20:00:00,INV3036,Jeans,Fashion,1,1981,1981,Card,City Center,Returning
2024-04-16 03:00:00,INV3037,Headphones,Electronics,5,1471,7355,UPI,Riverside,New
2024-05-04 03:00:00,INV3038,Pen Set,Books,3,-131,-393,Online Gateway,City Center,Returning
2024-04-20 09:00:00,INV3039,Shoes,Fashion,5,2638,13190,Cash,City Center,New
2024-12-20 09:00:00,INV3040,Headphones,Electronics,5,1492,7460,Card,City Center,Returning
2024-05-08 11:00:00,INV3041,Microwave,Home Appliances,2,7048,14096,Card,Riverside,Returning
2024-02-13 05:00:00,INV3042,Headphones,Electronics,2,1625,3250,Cash,City Center,New
2024-05-25 09:00:00,INV3043,Washing Machine,Home Appliances,1,15051,15051,Card,City Center,New
2024-11-12 20:00:00,INV3044,Washing Machine,Home Appliances,3,15114,45342,Online Gateway,City Center,Returning
2024-11-10 08:00:00,INV3045,Microwave,Home Appliances,5,7136,35680,Card,Riverside,New
2024-04-19 18:00:00,INV3046,T-shirt,Fashion,4,850,3400,Online Gateway,Riverside,Returning
2024-06-14 23:00:00,INV3047,T-shirt,Fashion,1,712,712,Cash,Riverside,Returning
2024-03-15 02:00:00,INV3048,Microwave,Home Appliances,3,6926,20778,Online Gateway,City Center,New
2024-11-25 06:00:00,INV3049,Microwave,Home Appliances,3,7138,21414,Cash,Riverside,Returning
2024-07-31 22:00:00,INV3050,Pen Set,Books,2,246,492,Online Gateway,Riverside,Returning
2024-08-04 05:00:00,INV3051,Notebook,Books,2,-86,-172,UPI,Riverside,New
2024-11-03 10:00:00,INV3052,Washing Machine,Home Appliances,1,15087,15087,UPI,Riverside,Returning
2024-02-16 20:00:00,INV3053,Washing Machine,Home Appliances,4,15026,60104,Online Gateway,Riverside,Returning
2024-01-30 01:00:00,INV3054,Laptop,Electronics,3,60048,180144,Card,Riverside,New
2024-03-31 19:00:00,INV3055,T-shirt,Fashion,4,809,3236,Card,City Center,New
2024-08-06 19:00:00,INV3056,Notebook,Books,1,214,214,UPI,City Center,New
2024-03-21 09:00:00,INV3057,Pen Set,Books,1,44,44,Cash,Riverside,Returning
2024-02-12 05:00:00,INV3058,Mixer Grinder,Home Appliances,1,3635,3635,Cash,City Center,Returning
2024-01-10 10:00:00,INV3059,Mixer Grinder,Home Appliances,2,3380,6760,Online Gateway,City Center,Returning
2024-11-01 01:00:00,INV3060,Headphones,Electronics,3,1469,4407,Online Gateway,City Center,New
2024-03-17 04:00:00,INV3061,Laptop,Electronics,1,59810,59810,Cash,Riverside,Returning
2024-11-25 13:00:00,INV3062,Laptop,Electronics,2,59944,119888,UPI,City Center,New
2024-08-20 20:00:00,INV3063,Notebook,Books,2,-83,-166,UPI,City Center,Returning
2024-03-25 07:00:00,INV3064,Notebook,Books,4,-33,-132,UPI,City Center,New
2024-07-25 22:00:00,INV3065,Smartphone,Electronics,5,20169,100845,Online Gateway,City Center,New
2024-09-02 11:00:00,INV3066,Pen Set,Books,5,159,795,Card,City Center,Returning
2024-02-15 00:00:00,INV3067,Shoes,Fashion,5,2459,12295,UPI,Riverside,New
2024-07-28 20:00:00,INV3068,T-shirt,Fashion,3,834,2502,Card,City Center,Returning
2024-04-16 19:00:00,INV3069,Notebook,Books,5,141,705,Online Gateway,Riverside,Returning
2024-05-17 04:00:00,INV3070,Smartphone,Electronics,2,20008,40016,UPI,Riverside,Returning
2024-05-29 10:00:00,INV3071,Pen Set,Books,5,109,545,Card,Riverside,New
2024-07-03 15:00:00,INV3072,Microwave,Home Appliances,4,6990,27960,Cash,Riverside,New
2024-10-12 01:00:00,INV3073,Novel,Books,1,503,503,Card,Riverside,Returning
2024-10-03 19:00:00,INV3074,Microwave,Home Appliances,5,6855,34275,UPI,Riverside,New
2024-06-13 23:00:00,INV3075,Notebook,Books,1,-52,-52,Card,City Center,Returning
2024-01-07 17:00:00,INV3076,Novel,Books,2,342,684,Card,Riverside,Returning
2024-01-25 17:00:00,INV3077,Mixer Grinder,Home Appliances,5,3689,18445,Card,City Center,Returning
2024-05-21 06:00:00,INV3078,T-shirt,Fashion,4,759,3036,UPI,City Center,New
2024-09-06 21:00:00,INV3079,Jeans,Fashion,5,1906,9530,Online Gateway,City Center,Returning
2024-09-21 18:00:00,INV3080,Pen Set,Books,2,236,472,Online Gateway,Riverside,Returning
2024-01-28 15:00:00,INV3081,Notebook,Books,2,64,128,Online Gateway,Riverside,New
2024-01-23 13:00:00,INV3082,Smartphone,Electronics,4,20158,80632,Cash,Riverside,New
2024-08-14 09:00:00,INV3083,Laptop,Electronics,2,60066,120132,Cash,City Center,New
2024-07-31 05:00:00,INV3084,Microwave,Home Appliances,1,6819,6819,Online Gateway,Riverside,New
2024-02-06 03:00:00,INV3085,Notebook,Books,5,149,745,Card,Riverside,Returning
2024-12-25 07:00:00,INV3086,Laptop,Electronics,3,59860,179580,Online Gateway,Riverside,Returning
2024-08-15 21:00:00,INV3087,Mixer Grinder,Home Appliances,3,3614,10842,UPI,City Center,New
2024-09-17 16:00:00,INV3088,T-shirt,Fashion,5,950,4750,Card,Riverside,Returning
2024-02-18 17:00:00,INV3089,Microwave,Home Appliances,4,6907,27628,UPI,City Center,New
2024-02-04 14:00:00,INV3090,Mixer Grinder,Home Appliances,4,3305,13220,UPI,Riverside,New
2024-03-09 19:00:00,INV3091,Headphones,Electronics,4,1334,5336,Cash,Riverside,New
2024-02-17 08:00:00,INV3092,Shoes,Fashion,1,2575,2575,Online Gateway,Riverside,New
2024-04-27 02:00:00,INV3093,Laptop,Electronics,5,60039,300195,Card,City Center,Returning
2024-12-27 03:00:00,INV3094,Notebook,Books,5,15,75,UPI,City Center,New
2024-02-12 11:00:00,INV3095,T-shirt,Fashion,3,818,2454,UPI,Riverside,Returning
2024-08-06 05:00:00,INV3096,T-shirt,Fashion,5,877,4385,Card,City Center,New
2024-02-23 11:00:00,INV3097,Smartphone,Electronics,2,19943,39886,Card,Riverside,New
2024-01-28 11:00:00,INV3098,Headphones,Electronics,5,1600,8000,Online Gateway,Riverside,Returning
2024-03-24 18:00:00,INV3099,Pen Set,Books,5,192,960,Online Gateway,City Center,New
2024-12-23 22:00:00,INV3100,Laptop,Electronics,2,59910,119820,Cash,City Center,New
2024-03-13 05:00:00,INV3101,Headphones,Electronics,4,1300,5200,UPI,City Center,New
2024-03-29 13:00:00,INV3102,Headphones,Electronics,5,1525,7625,Online Gateway,Riverside,Returning
2024-03-31 11:00:00,INV3103,T-shirt,Fashion,5,989,4945,Cash,City Center,Returning
2024-12-10 10:00:00,INV3104,Washing Machine,Home Appliances,4,15161,60644,Online Gateway,Riverside,Returning
2024-05-24 15:00:00,INV3105,Mixer Grinder,Home Appliances,3,3571,10713,Cash,City Center,New
2024-08-22 08:00:00,INV3106,Notebook,Books,3,264,792,Card,Riverside,Returning
2024-12-28 03:00:00,INV3107,Microwave,Home Appliances,3,7150,21450,Cash,Riverside,Returning
2024-12-13 01:00:00,INV3108,Headphones,Electronics,1,1487,1487,Online Gateway,Riverside,Returning
2024-03-28 09:00:00,INV3109,Shoes,Fashion,5,2586,12930,Card,Riverside,Returning
2024-07-30 04:00:00,INV3110,Headphones,Electronics,1,1400,1400,Online Gateway,Riverside,New
2024-09-23 13:00:00,INV3111,Laptop,Electronics,5,59958,299790,UPI,City Center,Returning
2024-04-24 21:00:00,INV3112,T-shirt,Fashion,5,606,3030,UPI,City Center,Returning
2024-06-12 08:00:00,INV3113,Notebook,Books,4,103,412,Cash,Riverside,Returning
2024-12-07 02:00:00,INV3114,Notebook,Books,1,192,192,Cash,Riverside,Returning
2024-03-20 04:00:00,INV3115,Microwave,Home Appliances,2,7042,14084,Cash,City Center,Returning
2024-04-18 18:00:00,INV3116,Laptop,Electronics,5,60165,300825,Card,City Center,New
2024-10-14 12:00:00,INV3117,Smartphone,Electronics,4,19861,79444,Cash,Riverside,New
2024-03-01 09:00:00,INV3118,Jeans,Fashion,1,1878,1878,UPI,City Center,New
2024-12-30 02:00:00,INV3119,Jeans,Fashion,3,1963,5889,Card,Riverside,New
2024-07-28 01:00:00,INV3120,Notebook,Books,4,113,452,Cash,City Center,New
2024-11-29 07:00:00,INV3121,Mixer Grinder,Home Appliances,2,3673,7346,UPI,City Center,New
2024-09-09 04:00:00,INV3122,Microwave,Home Appliances,1,6941,6941,Card,Riverside,New
2024-03-28 08:00:00,INV3123,Notebook,Books,1,59,59,UPI,Riverside,New
2024-09-23 20:00:00,INV3124,Jeans,Fashion,4,1890,7560,Cash,Riverside,New
2024-05-18 19:00:00,INV3125,Smartphone,Electronics,1,19893,19893,Cash,City Center,Returning
2024-11-06 22:00:00,INV3126,Novel,Books,1,692,692,Card,City Center,New
2024-07-31 17:00:00,INV3127,Notebook,Books,3,135,405,Cash,City Center,Returning
2024-05-04 02:00:00,INV3128,Notebook,Books,2,282,564,Card,Riverside,New
2024-04-28 07:00:00,INV3129,Washing Machine,Home Appliances,3,14891,44673,UPI,City Center,Returning
2024-05-21 00:00:00,INV3130,Washing Machine,Home Appliances,2,14896,29792,UPI,City Center,New
2024-01-29 13:00:00,INV3131,T-shirt,Fashion,3,957,2871,Online Gateway,Riverside,New
2024-11-09 19:00:00,INV3132,Microwave,Home Appliances,3,7096,21288,UPI,Riverside,Returning
2024-06-27 11:00:00,INV3133,Notebook,Books,2,-82,-164,Online Gateway,City Center,New
2024-11-18 08:00:00,INV3134,Pen Set,Books,4,27,108,UPI,City Center,Returning
2024-11-17 06:00:00,INV3135,Pen Set,Books,5,132,660,UPI,City Center,New
2024-03-08 11:00:00,INV3136,T-shirt,Fashion,2,839,1678,UPI,City Center,New
2024-10-13 04:00:00,INV3137,Mixer Grinder,Home Appliances,2,3543,7086,Card,Riverside,Returning
2024-02-29 15:00:00,INV3138,Jeans,Fashion,5,1793,8965,Cash,Riverside,New
2024-07-15 09:00:00,INV3139,Notebook,Books,3,-96,-288,Card,Riverside,Returning
2024-07-27 06:00:00,INV3140,Jeans,Fashion,3,1931,5793,Cash,City Center,Returning
2024-01-07 18:00:00,INV3141,T-shirt,Fashion,2,839,1678,Card,City Center,Returning
2024-03-23 06:00:00,INV3142,Novel,Books,4,603,2412,Online Gateway,Riverside,Returning
2024-05-17 03:00:00,INV3143,Shoes,Fashion,3,2670,8010,UPI,Riverside,Returning
2024-12-18 13:00:00,INV3144,Notebook,Books,4,53,212,Cash,City Center,New
2024-01-27 07:00:00,INV3145,Washing Machine,Home Appliances,4,15196,60784,UPI,Riverside,New
2024-02-07 17:00:00,INV3146,Headphones,Electronics,5,1385,6925,UPI,City Center,New
2024-03-24 22:00:00,INV3147,Headphones,Electronics,3,1327,3981,Cash,Riverside,New
2024-11-25 00:00:00,INV3148,Jeans,Fashion,4,1802,7208,Card,Riverside,New
2024-01-09 12:00:00,INV3149,Notebook,Books,2,2,4,Card,Riverside,Returning
2024-01-25 05:00:00,INV3150,Smartphone,Electronics,2,19920,39840,Card,Riverside,New
2024-08-24 11:00:00,INV3151,Pen Set,Books,2,-72,-144,UPI,City Center,Returning
2024-08-10 19:00:00,INV3152,Headphones,Electronics,3,1351,4053,Online Gateway,Riverside,New
2024-04-20 03:00:00,INV3153,Microwave,Home Appliances,4,7037,28148,Card,City Center,Returning
2024-11-30 01:00:00,INV3154,Headphones,Electronics,3,1690,5070,Card,Riverside,Returning
2024-04-05 17:00:00,INV3155,T-shirt,Fashion,4,905,3620,Online Gateway,City Center,Returning
2024-02-06 10:00:00,INV3156,Microwave,Home Appliances,5,6813,34065,Card,City Center,New
2024-08-19 16:00:00,INV3157,Jeans,Fashion,3,1774,5322,Cash,Riverside,New
2024-01-29 17:00:00,INV3158,Notebook,Books,2,-30,-60,Online Gateway,City Center,New
2024-06-15 16:00:00,INV3159,Shoes,Fashion,3,2522,7566,Cash,Riverside,Returning
2024-01-28 23:00:00,INV3160,Notebook,Books,2,117,234,Card,Riverside,Returning
2024-11-26 07:00:00,INV3161,Washing Machine,Home Appliances,4,14817,59268,UPI,Riverside,New
2024-02-18 19:00:00,INV3162,Headphones,Electronics,4,1649,6596,Cash,Riverside,New
2024-08-20 23:00:00,INV3163,Jeans,Fashion,1,1935,1935,Online Gateway,City Center,New
2024-09-21 06:00:00,INV3164,Jeans,Fashion,2,1894,3788,Online Gateway,Riverside,New
2024-03-01 09:00:00,INV3165,Microwave,Home Appliances,4,7016,28064,Cash,Riverside,Returning
2024-04-15 19:00:00,INV3166,T-shirt,Fashion,1,909,909,Online Gateway,Riverside,Returning
2024-06-13 23:00:00,INV3167,Pen Set,Books,3,123,369,UPI,City Center,New
2024-09-18 21:00:00,INV3168,Washing Machine,Home Appliances,5,15188,75940,Online Gateway,City Center,New
2024-08-14 08:00:00,INV3169,Laptop,Electronics,3,60162,180486,UPI,City Center,Returning
2024-06-26 12:00:00,INV3170,Washing Machine,Home Appliances,1,15037,15037,UPI,City Center,New
2024-04-08 09:00:00,INV3171,Microwave,Home Appliances,4,6987,27948,Cash,Riverside,Returning
2024-09-13 20:00:00,INV3172,Washing Machine,Home Appliances,3,15145,45435,UPI,City Center,Returning
2024-06-01 22:00:00,INV3173,Headphones,Electronics,3,1482,4446,Online Gateway,City Center,Returning
2024-03-14 01:00:00,INV3174,Jeans,Fashion,3,1925,5775,Cash,City Center,Returning
2024-12-03 12:00:00,INV3175,Pen Set,Books,1,122,122,Online Gateway,City Center,New
2024-03-21 18:00:00,INV3176,Smartphone,Electronics,5,19848,99240,Card,City Center,Returning
2024-12-22 18:00:00,INV3177,Washing Machine,Home Appliances,3,14976,44928,Online Gateway,City Center,Returning
2024-09-06 00:00:00,INV3178,Laptop,Electronics,1,59967,59967,UPI,City Center,New
2024-10-01 12:00:00,INV3179,Novel,Books,1,495,495,Cash,Riverside,Returning
2024-12-25 00:00:00,INV3180,Washing Machine,Home Appliances,4,14811,59244,Card,Riverside,New
2024-09-19 16:00:00,INV3181,Washing Machine,Home Appliances,1,14898,14898,UPI,Riverside,New
2024-11-02 01:00:00,INV3182,Pen Set,Books,1,41,41,Online Gateway,City Center,Returning
2024-11-24 03:00:00,INV3183,T-shirt,Fashion,2,741,1482,Cash,Riverside,New
2024-10-03 09:00:00,INV3184,Notebook,Books,3,39,117,Cash,Riverside,New
2024-01-25 21:00:00,INV3185,Laptop,Electronics,4,60136,240544,Card,Riverside,Returning
2024-05-07 14:00:00,INV3186,Microwave,Home Appliances,5,7125,35625,UPI,City Center,New
2024-04-07 08:00:00,INV3187,Shoes,Fashion,1,2663,2663,UPI,City Center,New
2024-01-24 20:00:00,INV3188,Novel,Books,3,672,2016,Online Gateway,Riverside,Returning
2024-11-09 09:00:00,INV3189,Mixer Grinder,Home Appliances,4,3543,14172,Cash,Riverside,Returning
2024-09-14 03:00:00,INV3190,Jeans,Fashion,3,1827,5481,Card,Riverside,Returning
2024-10-22 17:00:00,INV3191,Shoes,Fashion,5,2657,13285,Card,Riverside,Returning
2024-03-28 02:00:00,INV3192,Washing Machine,Home Appliances,1,15138,15138,Cash,Riverside,Returning
2024-09-30 14:00:00,INV3193,Smartphone,Electronics,2,20182,40364,UPI,Riverside,Returning
2024-07-11 16:00:00,INV3194,Jeans,Fashion,4,1945,7780,Online Gateway,City Center,New
2024-03-09 01:00:00,INV3195,Novel,Books,5,385,1925,UPI,Riverside,Returning
2024-03-04 05:00:00,INV3196,Laptop,Electronics,3,60084,180252,Online Gateway,City Center,Returning
2024-06-01 00:00:00,INV3197,Mixer Grinder,Home Appliances,2,3493,6986,Cash,City Center,Returning
2024-03-05 01:00:00,INV3198,Shoes,Fashion,2,2356,4712,UPI,City Center,New
2024-05-10 17:00:00,INV3199,Pen Set,Books,4,131,524,Online Gateway,Riverside,New
2024-10-18 01:00:00,INV3200,Washing Machine,Home Appliances,5,14942,74710,UPI,Riverside,New
2024-01-05 01:00:00,INV3201,Notebook,Books,3,157,471,Online Gateway,City Center,Returning
2024-06-05 06:00:00,INV3202,Microwave,Home Appliances,4,6946,27784,Online Gateway,City Center,New
2024-12-21 15:00:00,INV3203,Washing Machine,Home Appliances,3,14801,44403,UPI,Riverside,New
2024-12-06 14:00:00,INV3204,Notebook,Books,1,96,96,Online Gateway,Riverside,Returning
2024-12-03 15:00:00,INV3205,Shoes,Fashion,1,2616,2616,Card,City Center,New
2024-08-13 13:00:00,INV3206,Novel,Books,5,674,3370,Online Gateway,City Center,Returning
2024-07-13 10:00:00,INV3207,Novel,Books,2,385,770,Online Gateway,City Center,Returning
2024-01-26 10:00:00,INV3208,Laptop,Electronics,5,60134,300670,Online Gateway,City Center,New
2024-03-12 23:00:00,INV3209,Microwave,Home Appliances,3,7170,21510,Card,City Center,Returning
2024-03-18 06:00:00,INV3210,Pen Set,Books,2,15,30,Card,Riverside,New
2024-07-29 15:00:00,INV3211,Laptop,Electronics,2,60095,120190,Online Gateway,Riverside,New
2024-04-06 20:00:00,INV3212,Notebook,Books,5,127,635,Card,City Center,Returning
2024-08-28 14:00:00,INV3213,Mixer Grinder,Home Appliances,1,3609,3609,UPI,City Center,New
2024-09-28 15:00:00,INV3214,Microwave,Home Appliances,1,6803,6803,Cash,Riverside,Returning
2024-03-13 21:00:00,INV3215,Washing Machine,Home Appliances,1,15200,15200,Online Gateway,Riverside,New
2024-02-02 13:00:00,INV3216,Pen Set,Books,5,181,905,Cash,Riverside,Returning
2024-11-10 12:00:00,INV3217,Pen Set,Books,1,-1,-1,Online Gateway,City Center,Returning
2024-10-11 07:00:00,INV3218,Washing Machine,Home Appliances,5,15122,75610,Online Gateway,Riverside,New
2024-03-28 17:00:00,INV3219,Smartphone,Electronics,2,19934,39868,Cash,City Center,Returning
2024-06-10 03:00:00,INV3220,Washing Machine,Home Appliances,3,14872,44616,Card,Riverside,New
2024-10-26 17:00:00,INV3221,T-shirt,Fashion,1,768,768,Cash,Riverside,Returning
2024-07-26 08:00:00,INV3222,Shoes,Fashion,3,2475,7425,UPI,Riverside,Returning
2024-03-29 01:00:00,INV3223,Microwave,Home Appliances,3,7090,21270,UPI,City Center,New
2024-09-01 23:00:00,INV3224,Headphones,Electronics,5,1447,7235,Cash,City Center,Returning
2024-06-14 10:00:00,INV3225,Novel,Books,3,665,1995,UPI,Riverside,New
2024-10-29 16:00:00,INV3226,Novel,Books,3,543,1629,Online Gateway,Riverside,New
2024-03-06 17:00:00,INV3227,Pen Set,Books,2,-75,-150,UPI,Riverside,Returning
2024-04-04 18:00:00,INV3228,Notebook,Books,2,-86,-172,Card,Riverside,New
2024-07-21 21:00:00,INV3229,Novel,Books,1,432,432,UPI,Riverside,Returning
2024-10-08 00:00:00,INV3230,Novel,Books,2,476,952,Card,Riverside,Returning
2024-04-11 02:00:00,INV3231,Washing Machine,Home Appliances,4,15131,60524,Card,Riverside,New
2024-08-19 02:00:00,INV3232,Microwave,Home Appliances,4,6807,27228,Cash,Riverside,New
2024-10-12 12:00:00,INV3233,T-shirt,Fashion,2,714,1428,Card,Riverside,New
2024-04-16 07:00:00,INV3234,Notebook,Books,2,82,164,Online Gateway,Riverside,New
2024-09-24 03:00:00,INV3235,Pen Set,Books,5,-34,-170,Card,Riverside,New
2024-01-01 07:00:00,INV3236,Washing Machine,Home Appliances,1,14968,14968,Cash,Riverside,New
2024-12-02 23:00:00,INV3237,Laptop,Electronics,4,60090,240360,Card,City Center,Returning
2024-04-16 11:00:00,INV3238,Pen Set,Books,2,203,406,Card,City Center,Returning
2024-01-20 19:00:00,INV3239,Headphones,Electronics,1,1611,1611,UPI,Riverside,New
2024-08-13 16:00:00,INV3240,Pen Set,Books,2,225,450,Cash,City Center,Returning
2024-12-27 12:00:00,INV3241,Laptop,Electronics,2,59916,119832,Card,Riverside,Returning
2024-10-28 15:00:00,INV3242,Smartphone,Electronics,5,20200,101000,Cash,Riverside,New
2024-10-06 14:00:00,INV3243,Shoes,Fashion,4,2359,9436,Online Gateway,City Center,Returning
2024-07-27 08:00:00,INV3244,Shoes,Fashion,1,2577,2577,Card,Riverside,Returning
2024-07-12 22:00:00,INV3245,Novel,Books,1,597,597,Online Gateway,City Center,Returning
2024-12-02 14:00:00,INV3246,Notebook,Books,2,201,402,Online Gateway,City Center,Returning
2024-09-09 15:00:00,INV3247,Washing Machine,Home Appliances,5,14938,74690,Online Gateway,City Center,Returning
2024-04-05 05:00:00,INV3248,Mixer Grinder,Home Appliances,4,3563,14252,UPI,Riverside,Returning
2024-08-05 15:00:00,INV3249,Mixer Grinder,Home Appliances,2,3474,6948,UPI,Riverside,Returning
2024-10-17 11:00:00,INV3250,Smartphone,Electronics,2,20049,40098,Cash,Riverside,Returning
2024-05-26 21:00:00,INV3251,Microwave,Home Appliances,2,6891,13782,Cash,Riverside,Returning
2024-04-27 14:00:00,INV3252,Smartphone,Electronics,4,19975,79900,Card,City Center,New
2024-07-24 23:00:00,INV3253,Shoes,Fashion,2,2457,4914,UPI,Riverside,Returning
2024-09-29 02:00:00,INV3254,Smartphone,Electronics,3,20112,60336,Card,City Center,Returning
2024-01-11 18:00:00,INV3255,Headphones,Electronics,2,1692,3384,Online Gateway,City Center,New
2024-01-12 18:00:00,INV3256,Novel,Books,2,466,932,Online Gateway,Riverside,Returning
2024-03-20 02:00:00,INV3257,Shoes,Fashion,3,2541,7623,UPI,Riverside,New
2024-06-21 07:00:00,INV3258,T-shirt,Fashion,3,972,2916,UPI,Riverside,Returning
2024-10-03 05:00:00,INV3259,T-shirt,Fashion,4,888,3552,Online Gateway,Riverside,New
2024-05-13 08:00:00,INV3260,Washing Machine,Home Appliances,1,15009,15009,UPI,City Center,Returning
2024-07-31 22:00:00,INV3261,T-shirt,Fashion,1,960,960,Card,City Center,Returning
2024-10-25 15:00:00,INV3262,T-shirt,Fashion,3,612,1836,UPI,Riverside,Returning
2024-01-26 12:00:00,INV3263,Jeans,Fashion,5,1886,9430,Card,City Center,Returning
2024-01-29 15:00:00,INV3264,T-shirt,Fashion,1,638,638,Card,City Center,Returning
2024-06-02 18:00:00,INV3265,Pen Set,Books,4,219,876,Online Gateway,City Center,Returning
2024-04-06 03:00:00,INV3266,Pen Set,Books,4,-23,-92,UPI,Riverside,New
2024-10-24 05:00:00,INV3267,Smartphone,Electronics,1,20127,20127,UPI,Riverside,Returning
2024-09-28 05:00:00,INV3268,Microwave,Home Appliances,3,6856,20568,Online Gateway,City Center,New
2024-09-03 02:00:00,INV3269,Jeans,Fashion,4,1677,6708,Card,Riverside,New
2024-04-17 23:00:00,INV3270,Mixer Grinder,Home Appliances,1,3524,3524,Card,Riverside,Returning
2024-10-26 07:00:00,INV3271,Mixer Grinder,Home Appliances,5,3449,17245,Cash,City Center,New
2024-08-06 16:00:00,INV3272,Pen Set,Books,3,34,102,Online Gateway,City Center,New
2024-07-31 20:00:00,INV3273,Jeans,Fashion,4,1716,6864,Online Gateway,Riverside,Returning
2024-05-30 04:00:00,INV3274,Shoes,Fashion,3,2430,7290,Cash,City Center,New
2024-01-28 21:00:00,INV3275,Notebook,Books,4,118,472,Online Gateway,Riverside,New
2024-06-30 20:00:00,INV3276,Mixer Grinder,Home Appliances,1,3562,3562,UPI,City Center,Returning
2024-11-01 09:00:00,INV3277,Laptop,Electronics,5,59967,299835,Online Gateway,Riverside,Returning
2024-02-23 11:00:00,INV3278,Notebook,Books,1,276,276,Cash,City Center,New
2024-02-08 11:00:00,INV3279,Mixer Grinder,Home Appliances,2,3562,7124,Cash,Riverside,New
2024-02-16 21:00:00,INV3280,Smartphone,Electronics,4,19941,79764,Online Gateway,Riverside,New
2024-03-04 17:00:00,INV3281,Notebook,Books,3,-63,-189,Card,Riverside,Returning
2024-12-17 14:00:00,INV3282,Mixer Grinder,Home Appliances,4,3310,13240,Online Gateway,Riverside,New
2024-06-03 15:00:00,INV3283,Novel,Books,4,309,1236,Cash,City Center,Returning
2024-11-29 12:00:00,INV3284,Washing Machine,Home Appliances,2,14932,29864,Card,Riverside,Returning
2024-09-18 10:00:00,INV3285,Notebook,Books,2,294,588,UPI,City Center,New
2024-06-10 00:00:00,INV3286,Headphones,Electronics,2,1457,2914,Card,City Center,New
2024-11-22 09:00:00,INV3287,Mixer Grinder,Home Appliances,5,3320,16600,Card,Riverside,New
2024-10-09 20:00:00,INV3288,Jeans,Fashion,3,1717,5151,Card,City Center,Returning
2024-01-10 10:00:00,INV3289,Headphones,Electronics,4,1438,5752,Card,City Center,Returning
2024-01-12 00:00:00,INV3290,Laptop,Electronics,2,60025,120050,Cash,Riverside,New
2024-01-27 21:00:00,INV3291,Microwave,Home Appliances,2,6994,13988,Cash,Riverside,Returning
2024-11-10 08:00:00,INV3292,Washing Machine,Home Appliances,2,14905,29810,Online Gateway,City Center,New
2024-08-20 01:00:00,INV3293,Headphones,Electronics,5,1596,7980,Cash,City Center,New
2024-05-04 14:00:00,INV3294,Smartphone,Electronics,4,20179,80716,UPI,Riverside,Returning
2024-04-14 08:00:00,INV3295,Shoes,Fashion,2,2346,4692,UPI,Riverside,Returning
2024-01-25 11:00:00,INV3296,Mixer Grinder,Home Appliances,1,3533,3533,Cash,City Center,Returning
2024-06-18 23:00:00,INV3297,Washing Machine,Home Appliances,4,14851,59404,UPI,Riverside,Returning
2024-05-19 12:00:00,INV3298,Smartphone,Electronics,4,20133,80532,UPI,City Center,New
2024-09-19 11:00:00,INV3299,Notebook,Books,4,141,564,Cash,Riverside,Returning
2024-06-08 15:00:00,INV3300,Laptop,Electronics,2,59927,119854,Card,City Center,New
2024-12-15 05:00:00,INV3301,Mixer Grinder,Home Appliances,2,3371,6742,Online Gateway,City Center,New
2024-03-12 11:00:00,INV3302,Novel,Books,2,678,1356,UPI,Riverside,Returning
2024-09-25 18:00:00,INV3303,Headphones,Electronics,4,1388,5552,Card,City Center,New
2024-08-14 09:00:00,INV3304,Jeans,Fashion,1,1683,1683,Cash,Riverside,New
2024-02-15 18:00:00,INV3305,T-shirt,Fashion,4,920,3680,UPI,Riverside,Returning
2024-10-22 16:00:00,INV3306,Laptop,Electronics,1,59969,59969,Cash,Riverside,New
2024-04-06 22:00:00,INV3307,Pen Set,Books,2,58,116,Cash,Riverside,New
2024-09-24 08:00:00,INV3308,Headphones,Electronics,1,1307,1307,UPI,City Center,New
2024-10-17 20:00:00,INV3309,Washing Machine,Home Appliances,1,14857,14857,Online Gateway,Riverside,Returning
2024-10-08 19:00:00,INV3310,Mixer Grinder,Home Appliances,4,3368,13472,Cash,Riverside,Returning
2024-03-10 18:00:00,INV3311,Microwave,Home Appliances,3,6865,20595,UPI,Riverside,New
2024-11-27 06:00:00,INV3312,Microwave,Home Appliances,4,7183,28732,Card,City Center,New
2024-09-09 01:00:00,INV3313,Mixer Grinder,Home Appliances,2,3373,6746,Card,City Center,New
2024-02-15 09:00:00,INV3314,Pen Set,Books,4,-6,-24,Cash,City Center,New
2024-07-09 18:00:00,INV3315,T-shirt,Fashion,2,973,1946,UPI,Riverside,Returning
2024-01-07 11:00:00,INV3316,Notebook,Books,5,166,830,UPI,City Center,Returning
2024-03-22 14:00:00,INV3317,Washing Machine,Home Appliances,3,15138,45414,Card,City Center,Returning
2024-09-21 08:00:00,INV3318,Notebook,Books,1,1,1,Card,City Center,New
2024-08-28 19:00:00,INV3319,Notebook,Books,1,21,21,Card,Riverside,Returning
2024-09-13 00:00:00,INV3320,Laptop,Electronics,5,60046,300230,Online Gateway,Riverside,New
2024-07-29 23:00:00,INV3321,Notebook,Books,5,107,535,Online Gateway,City Center,Returning
2024-06-08 14:00:00,INV3322,Novel,Books,3,579,1737,Online Gateway,City Center,Returning
2024-10-04 11:00:00,INV3323,Notebook,Books,5,72,360,UPI,City Center,Returning
2024-01-19 09:00:00,INV3324,Jeans,Fashion,4,1995,7980,Online Gateway,City Center,Returning
2024-09-08 16:00:00,INV3325,Mixer Grinder,Home Appliances,3,3332,9996,UPI,Riverside,New
2024-09-03 21:00:00,INV3326,Mixer Grinder,Home Appliances,2,3348,6696,Card,Riverside,New
2024-11-02 14:00:00,INV3327,Smartphone,Electronics,5,20164,100820,UPI,City Center,Returning
2024-07-11 20:00:00,INV3328,T-shirt,Fashion,4,823,3292,Cash,City Center,Returning
2024-09-22 10:00:00,INV3329,Mixer Grinder,Home Appliances,2,3372,6744,Card,City Center,New
2024-02-09 12:00:00,INV3330,Pen Set,Books,3,119,357,Card,City Center,Returning
2024-12-06 19:00:00,INV3331,Mixer Grinder,Home Appliances,2,3655,7310,Card,Riverside,New
2024-09-11 19:00:00,INV3332,Smartphone,Electronics,2,20125,40250,Card,City Center,Returning
2024-01-20 03:00:00,INV3333,Shoes,Fashion,3,2325,6975,Online Gateway,Riverside,Returning
2024-11-11 08:00:00,INV3334,Mixer Grinder,Home Appliances,4,3543,14172,Online Gateway,Riverside,New
2024-07-12 14:00:00,INV3335,Pen Set,Books,3,-150,-450,Cash,Riverside,Returning
2024-01-17 08:00:00,INV3336,Shoes,Fashion,5,2604,13020,Cash,City Center,Returning
2024-03-15 11:00:00,INV3337,Headphones,Electronics,2,1546,3092,Card,City Center,Returning
2024-11-03 06:00:00,INV3338,Headphones,Electronics,4,1500,6000,Card,City Center,Returning
2024-02-17 10:00:00,INV3339,Smartphone,Electronics,2,19941,39882,Card,Riverside,New
2024-07-16 13:00:00,INV3340,Pen Set,Books,5,194,970,Card,City Center,Returning
2024-11-05 02:00:00,INV3341,Headphones,Electronics,3,1689,5067,UPI,City Center,New
2024-09-22 02:00:00,INV3342,Mixer Grinder,Home Appliances,3,3568,10704,Cash,Riverside,New
2024-04-12 06:00:00,INV3343,Notebook,Books,4,52,208,Cash,Riverside,New
2024-06-02 02:00:00,INV3344,Smartphone,Electronics,3,19939,59817,Cash,Riverside,Returning
2024-02-27 09:00:00,INV3345,Smartphone,Electronics,4,20018,80072,Card,Riverside,Returning
2024-10-06 05:00:00,INV3346,Shoes,Fashion,5,2352,11760,Cash,Riverside,New
2024-04-18 05:00:00,INV3347,Notebook,Books,4,259,1036,Online Gateway,Riverside,New
2024-01-06 21:00:00,INV3348,Notebook,Books,1,294,294,UPI,Riverside,Returning
2024-04-20 19:00:00,INV3349,Notebook,Books,5,68,340,Online Gateway,Riverside,Returning
2024-07-10 12:00:00,INV3350,Smartphone,Electronics,1,19851,19851,Online Gateway,City Center,Returning
2024-08-23 21:00:00,INV3351,Shoes,Fashion,5,2522,12610,UPI,City Center,Returning
2024-09-12 22:00:00,INV3352,Mixer Grinder,Home Appliances,5,3589,17945,Online Gateway,Riverside,New
2024-08-22 10:00:00,INV3353,Novel,Books,1,602,602,Cash,City Center,New
2024-12-19 00:00:00,INV3354,Shoes,Fashion,3,2597,7791,Online Gateway,Riverside,New
2024-01-18 15:00:00,INV3355,Jeans,Fashion,4,1835,7340,Cash,Riverside,Returning
2024-10-18 15:00:00,INV3356,Notebook,Books,1,10,10,Card,City Center,Returning
2024-06-26 01:00:00,INV3357,Smartphone,Electronics,3,20011,60033,Cash,Riverside,Returning
2024-03-13 22:00:00,INV3358,Jeans,Fashion,3,1780,5340,Card,Riverside,Returning
2024-07-17 05:00:00,INV3359,Laptop,Electronics,3,60034,180102,UPI,City Center,New
2024-03-22 23:00:00,INV3360,Mixer Grinder,Home Appliances,5,3631,18155,UPI,Riverside,Returning
2024-06-19 08:00:00,INV3361,Headphones,Electronics,4,1345,5380,UPI,Riverside,New
2024-06-23 02:00:00,INV3362,Jeans,Fashion,3,1651,4953,Cash,Riverside,Returning
2024-11-20 13:00:00,INV3363,Novel,Books,4,627,2508,Card,Riverside,New
2024-05-02 18:00:00,INV3364,T-shirt,Fashion,4,779,3116,UPI,Riverside,Returning
2024-08-12 18:00:00,INV3365,Headphones,Electronics,2,1465,2930,Cash,City Center,New
2024-11-24 08:00:00,INV3366,Novel,Books,3,559,1677,UPI,City Center,Returning
2024-07-30 11:00:00,INV3367,Novel,Books,1,401,401,Cash,City Center,Returning
2024-10-28 06:00:00,INV3368,T-shirt,Fashion,2,966,1932,UPI,Riverside,Returning
2024-03-04 19:00:00,INV3369,Headphones,Electronics,4,1353,5412,UPI,City Center,Returning
2024-05-04 14:00:00,INV3370,Shoes,Fashion,4,2320,9280,Card,City Center,Returning
2024-10-25 03:00:00,INV3371,Laptop,Electronics,4,59914,239656,Card,City Center,New
2024-07-06 05:00:00,INV3372,Microwave,Home Appliances,2,6874,13748,Cash,Riverside,New
2024-02-08 21:00:00,INV3373,Laptop,Electronics,5,60047,300235,Online Gateway,Riverside,New
2024-03-01 20:00:00,INV3374,Washing Machine,Home Appliances,2,15065,30130,Online Gateway,Riverside,Returning
2024-04-23 11:00:00,INV3375,Pen Set,Books,3,-16,-48,Online Gateway,Riverside,Returning
2024-01-12 21:00:00,INV3376,Shoes,Fashion,3,2576,7728,UPI,City Center,New
2024-01-12 00:00:00,INV3377,Jeans,Fashion,2,1875,3750,Card,City Center,Returning
2024-10-11 00:00:00,INV3378,Mixer Grinder,Home Appliances,3,3353,10059,Card,Riverside,New
2024-03-14 10:00:00,INV3379,Microwave,Home Appliances,3,7094,21282,Cash,Riverside,Returning
2024-01-02 16:00:00,INV3380,Microwave,Home Appliances,5,7023,35115,Cash,City Center,New
2024-08-30 19:00:00,INV3381,Mixer Grinder,Home Appliances,4,3586,14344,Cash,Riverside,Returning
2024-12-10 03:00:00,INV3382,Pen Set,Books,2,-118,-236,UPI,City Center,Returning
2024-02-11 03:00:00,INV3383,Novel,Books,3,672,2016,Cash,Riverside,Returning
2024-11-21 04:00:00,INV3384,Pen Set,Books,2,52,104,Card,Riverside,Returning
2024-11-20 13:00:00,INV3385,Mixer Grinder,Home Appliances,3,3469,10407,Card,Riverside,New
2024-08-26 05:00:00,INV3386,Mixer Grinder,Home Appliances,5,3461,17305,Cash,City Center,Returning
2024-05-13 06:00:00,INV3387,Novel,Books,1,696,696,Cash,City Center,Returning
2024-08-11 22:00:00,INV3388,Pen Set,Books,2,225,450,Card,City Center,New
2024-07-18 14:00:00,INV3389,Headphones,Electronics,1,1632,1632,Online Gateway,City Center,Returning
2024-10-26 07:00:00,INV3390,Smartphone,Electronics,1,20006,20006,Online Gateway,Riverside,Returning
2024-04-15 04:00:00,INV3391,Pen Set,Books,4,-80,-320,UPI,City Center,New
2024-04-13 07:00:00,INV3392,T-shirt,Fashion,3,690,2070,Online Gateway,Riverside,Returning
2024-08-02 18:00:00,INV3393,Smartphone,Electronics,2,19933,39866,Online Gateway,City Center,New
2024-02-02 10:00:00,INV3394,Jeans,Fashion,1,1773,1773,Online Gateway,City Center,Returning
2024-03-03 04:00:00,INV3395,Laptop,Electronics,5,59831,299155,Cash,Riverside,New
2024-01-28 12:00:00,INV3396,Headphones,Electronics,1,1570,1570,Cash,City Center,Returning
2024-02-26 04:00:00,INV3397,Washing Machine,Home Appliances,3,14814,44442,UPI,City Center,New
2024-11-23 03:00:00,INV3398,Shoes,Fashion,5,2555,12775,Card,City Center,Returning
2024-10-25 04:00:00,INV3399,Smartphone,Electronics,2,20107,40214,UPI,City Center,Returning
2024-03-26 04:00:00,INV3400,Pen Set,Books,2,109,218,Card,Riverside,New
2024-11-03 00:00:00,INV3401,Novel,Books,1,575,575,Cash,Riverside,Returning
2024-05-26 12:00:00,INV3402,Smartphone,Electronics,3,20149,60447,Card,City Center,New
2024-07-09 17:00:00,INV3403,Microwave,Home Appliances,2,7108,14216,Card,Riverside,Returning
2024-01-31 07:00:00,INV3404,Notebook,Books,5,99,495,Online Gateway,City Center,New
2024-11-07 04:00:00,INV3405,Jeans,Fashion,2,1787,3574,Card,City Center,Returning
2024-01-15 06:00:00,INV3406,Shoes,Fashion,4,2321,9284,UPI,City Center,Returning
2024-03-01 07:00:00,INV3407,Notebook,Books,5,-50,-250,Cash,Riverside,Returning
2024-10-01 05:00:00,INV3408,Mixer Grinder,Home Appliances,2,3444,6888,UPI,City Center,Returning
2024-09-20 05:00:00,INV3409,Shoes,Fashion,3,2620,7860,Online Gateway,Riverside,Returning
2024-01-22 22:00:00,INV3410,Washing Machine,Home Appliances,1,15051,15051,Cash,Riverside,New
2024-10-08 04:00:00,INV3411,Jeans,Fashion,5,1847,9235,Online Gateway,Riverside,Returning
2024-01-17 21:00:00,INV3412,T-shirt,Fashion,1,870,870,Cash,City Center,New
2024-11-28 18:00:00,INV3413,T-shirt,Fashion,5,982,4910,Card,Riverside,New
2024-06-04 20:00:00,INV3414,Mixer Grinder,Home Appliances,1,3324,3324,UPI,Riverside,New
2024-03-17 22:00:00,INV3415,Jeans,Fashion,5,1626,8130,Online Gateway,City Center,Returning
2024-03-02 14:00:00,INV3416,Notebook,Books,1,9,9,Cash,Riverside,New
2024-02-02 03:00:00,INV3417,Shoes,Fashion,3,2337,7011,Card,Riverside,New
2024-08-18 05:00:00,INV3418,Novel,Books,5,307,1535,Cash,Riverside,New
2024-01-09 01:00:00,INV3419,Pen Set,Books,1,-2,-2,Cash,City Center,Returning
2024-03-24 15:00:00,INV3420,Headphones,Electronics,4,1416,5664,UPI,Riverside,New
2024-02-19 09:00:00,INV3421,Headphones,Electronics,2,1606,3212,Card,Riverside,Returning
2024-04-09 18:00:00,INV3422,Notebook,Books,5,263,1315,UPI,City Center,Returning
2024-06-15 21:00:00,INV3423,Washing Machine,Home Appliances,1,15012,15012,Online Gateway,Riverside,Returning
2024-11-05 13:00:00,INV3424,Shoes,Fashion,4,2429,9716,Cash,Riverside,New
2024-04-04 05:00:00,INV3425,Pen Set,Books,4,-85,-340,Card,City Center,New
2024-06-04 16:00:00,INV3426,Smartphone,Electronics,2,20050,40100,Cash,City Center,Returning
2024-10-06 20:00:00,INV3427,Headphones,Electronics,3,1648,4944,Online Gateway,Riverside,Returning
2024-07-22 03:00:00,INV3428,T-shirt,Fashion,5,733,3665,Cash,City Center,Returning
2024-07-01 10:00:00,INV3429,Shoes,Fashion,1,2584,2584,Online Gateway,City Center,New
2024-11-21 15:00:00,INV3430,Mixer Grinder,Home Appliances,1,3540,3540,Online Gateway,City Center,New
2024-05-23 19:00:00,INV3431,Shoes,Fashion,1,2498,2498,Card,City Center,New
2024-11-13 08:00:00,INV3432,Shoes,Fashion,4,2615,10460,UPI,Riverside,New
2024-04-26 16:00:00,INV3433,Microwave,Home Appliances,5,7193,35965,Cash,City Center,New
2024-12-13 05:00:00,INV3434,Pen Set,Books,3,-128,-384,Cash,City Center,Returning
2024-08-13 10:00:00,INV3435,T-shirt,Fashion,2,779,1558,Online Gateway,City Center,New
2024-03-01 15:00:00,INV3436,Washing Machine,Home Appliances,4,14878,59512,UPI,City Center,New
2024-10-14 04:00:00,INV3437,Headphones,Electronics,2,1471,2942,Online Gateway,City Center,Returning
2024-08-30 00:00:00,INV3438,Smartphone,Electronics,2,20108,40216,UPI,City Center,New
2024-10-10 04:00:00,INV3439,Mixer Grinder,Home Appliances,3,3329,9987,Cash,City Center,Returning
2024-07-18 20:00:00,INV3440,Mixer Grinder,Home Appliances,5,3308,16540,Card,Riverside,Returning
2024-07-31 05:00:00,INV3441,Laptop,Electronics,2,59853,119706,Card,City Center,Returning
2024-02-25 05:00:00,INV3442,Laptop,Electronics,5,59829,299145,Online Gateway,City Center,New
2024-07-26 08:00:00,INV3443,Notebook,Books,1,188,188,Cash,City Center,Returning
2024-02-18 07:00:00,INV3444,Novel,Books,4,444,1776,Online Gateway,Riverside,New
2024-07-12 18:00:00,INV3445,Notebook,Books,4,213,852,UPI,Riverside,Returning
2024-07-26 19:00:00,INV3446,Microwave,Home Appliances,2,7032,14064,UPI,City Center,New
2024-07-14 17:00:00,INV3447,T-shirt,Fashion,2,798,1596,UPI,City Center,Returning
2024-01-15 04:00:00,INV3448,Pen Set,Books,1,71,71,UPI,City Center,New
2024-06-08 12:00:00,INV3449,Microwave,Home Appliances,4,7163,28652,Card,Riverside,New
2024-03-23 00:00:00,INV3450,Notebook,Books,3,6,18,Online Gateway,Riverside,Returning
2024-01-30 07:00:00,INV3451,Microwave,Home Appliances,4,7027,28108,Online Gateway,Riverside,Returning
2024-08-16 10:00:00,INV3452,Jeans,Fashion,3,1940,5820,Online Gateway,City Center,New
2024-09-22 16:00:00,INV3453,Shoes,Fashion,2,2664,5328,Card,City Center,Returning
2024-03-16 00:00:00,INV3454,Microwave,Home Appliances,5,7191,35955,Online Gateway,Riverside,Returning
2024-08-15 15:00:00,INV3455,Shoes,Fashion,4,2372,9488,Online Gateway,City Center,Returning
2024-07-23 16:00:00,INV3456,T-shirt,Fashion,5,811,4055,Cash,City Center,New
2024-07-12 16:00:00,INV3457,Jeans,Fashion,5,1680,8400,Online Gateway,Riverside,New
2024-02-05 15:00:00,INV3458,Microwave,Home Appliances,1,7155,7155,Card,Riverside,New
2024-04-29 10:00:00,INV3459,T-shirt,Fashion,5,993,4965,Card,Riverside,New
2024-01-08 14:00:00,INV3460,Headphones,Electronics,4,1462,5848,Online Gateway,City Center,New
2024-05-09 16:00:00,INV3461,Microwave,Home Appliances,3,7112,21336,Cash,City Center,New
2024-08-24 06:00:00,INV3462,Smartphone,Electronics,1,19804,19804,Cash,Riverside,New
2024-07-06 04:00:00,INV3463,Jeans,Fashion,3,1703,5109,Card,City Center,Returning
2024-08-30 15:00:00,INV3464,Smartphone,Electronics,3,20119,60357,UPI,Riverside,Returning
2024-03-04 05:00:00,INV3465,Jeans,Fashion,2,1748,3496,UPI,City Center,New
2024-07-27 10:00:00,INV3466,Headphones,Electronics,2,1512,3024,Cash,Riverside,New
2024-02-26 12:00:00,INV3467,Mixer Grinder,Home Appliances,5,3621,18105,Online Gateway,Riverside,New
2024-05-31 05:00:00,INV3468,Smartphone,Electronics,2,20027,40054,Cash,City Center,New
2024-05-31 04:00:00,INV3469,Washing Machine,Home Appliances,4,14994,59976,Online Gateway,City Center,New
2024-12-08 02:00:00,INV3470,Novel,Books,3,525,1575,Card,Riverside,New
2024-09-12 12:00:00,INV3471,Microwave,Home Appliances,5,6976,34880,UPI,City Center,Returning
2024-10-01 12:00:00,INV3472,Smartphone,Electronics,2,19869,39738,UPI,Riverside,New
2024-05-17 23:00:00,INV3473,Smartphone,Electronics,2,20124,40248,UPI,Riverside,New
2024-09-09 00:00:00,INV3474,Jeans,Fashion,5,1853,9265,Cash,Riverside,New
2024-09-17 06:00:00,INV3475,Jeans,Fashion,3,1698,5094,UPI,City Center,Returning
2024-02-11 03:00:00,INV3476,Jeans,Fashion,2,1626,3252,Card,Riverside,Returning
2024-05-18 09:00:00,INV3477,Microwave,Home Appliances,4,6972,27888,Cash,Riverside,Returning
2024-07-11 07:00:00,INV3478,Notebook,Books,1,70,70,Cash,City Center,New
2024-12-14 13:00:00,INV3479,Pen Set,Books,5,-141,-705,UPI,Riverside,New
2024-06-04 21:00:00,INV3480,Microwave,Home Appliances,4,6998,27992,Cash,Riverside,Returning
2024-05-07 04:00:00,INV3481,Jeans,Fashion,3,1862,5586,Online Gateway,Riverside,Returning
2024-09-30 22:00:00,INV3482,Headphones,Electronics,3,1668,5004,UPI,City Center,Returning
2024-01-31 06:00:00,INV3483,T-shirt,Fashion,3,642,1926,Online Gateway,City Center,Returning
2024-06-05 16:00:00,INV3484,Mixer Grinder,Home Appliances,1,3311,3311,Card,City Center,New
2024-08-29 22:00:00,INV3485,Smartphone,Electronics,2,19991,39982,Cash,City Center,New
2024-03-19 03:00:00,INV3486,Smartphone,Electronics,1,19804,19804,Cash,Riverside,New
2024-10-18 09:00:00,INV3487,Headphones,Electronics,5,1620,8100,Online Gateway,Riverside,New
2024-06-17 01:00:00,INV3488,Novel,Books,1,328,328,Card,City Center,New
2024-08-14 19:00:00,INV3489,Headphones,Electronics,1,1667,1667,Cash,City Center,Returning
2024-02-11 05:00:00,INV3490,Notebook,Books,2,7,14,Cash,City Center,Returning
2024-06-05 00:00:00,INV3491,Jeans,Fashion,5,1698,8490,Online Gateway,City Center,Returning
2024-12-24 19:00:00,INV3492,Novel,Books,2,540,1080,UPI,City Center,Returning
2024-01-25 17:00:00,INV3493,Headphones,Electronics,5,1303,6515,Cash,City Center,New
2024-03-14 22:00:00,INV3494,T-shirt,Fashion,2,877,1754,Card,City Center,New
2024-02-08 23:00:00,INV3495,Shoes,Fashion,2,2464,4928,Card,City Center,Returning
2024-06-07 16:00:00,INV3496,Notebook,Books,5,51,255,Online Gateway,Riverside,New
2024-01-14 19:00:00,INV3497,Washing Machine,Home Appliances,3,14976,44928,Card,City Center,Returning
2024-11-26 02:00:00,INV3498,T-shirt,Fashion,2,633,1266,Cash,City Center,Returning
2024-04-22 14:00:00,INV3499,Jeans,Fashion,1,1917,1917,Online Gateway,City Center,Returning
2024-09-02 09:00:00,INV3500,Laptop,Electronics,1,59963,59963,UPI,City Center,Returning
2024-07-29 14:00:00,INV3501,Pen Set,Books,3,80,240,UPI,Riverside,Returning
2024-06-10 04:00:00,INV3502,Microwave,Home Appliances,3,7190,21570,Online Gateway,Riverside,New
2024-06-24 00:00:00,INV3503,Shoes,Fashion,5,2387,11935,Cash,Riverside,Returning
2024-01-09 09:00:00,INV3504,Microwave,Home Appliances,4,6966,27864,Online Gateway,Riverside,Returning
2024-04-14 01:00:00,INV3505,Microwave,Home Appliances,2,6872,13744,Online Gateway,Riverside,New
2024-03-17 18:00:00,INV3506,Headphones,Electronics,3,1495,4485,Card,Riverside,Returning
2024-07-13 02:00:00,INV3507,Laptop,Electronics,4,60138,240552,Card,City Center,New
2024-11-10 08:00:00,INV3508,Shoes,Fashion,1,2308,2308,Online Gateway,Riverside,New
2024-11-17 14:00:00,INV3509,T-shirt,Fashion,3,701,2103,Cash,Riverside,Returning
2024-02-02 02:00:00,INV3510,Headphones,Electronics,3,1581,4743,UPI,City Center,New
2024-05-11 11:00:00,INV3511,Microwave,Home Appliances,5,7170,35850,Online Gateway,Riverside,Returning
2024-03-08 20:00:00,INV3512,Headphones,Electronics,4,1640,6560,Cash,Riverside,New
2024-01-17 02:00:00,INV3513,Smartphone,Electronics,3,20161,60483,Online Gateway,Riverside,New
2024-09-08 07:00:00,INV3514,Shoes,Fashion,5,2553,12765,Card,Riverside,Returning
2024-09-25 07:00:00,INV3515,Laptop,Electronics,3,60123,180369,Card,Riverside,Returning
2024-09-23 17:00:00,INV3516,Notebook,Books,5,119,595,Cash,City Center,Returning
2024-06-16 00:00:00,INV3517,Jeans,Fashion,3,1952,5856,Card,Riverside,Returning
2024-04-12 18:00:00,INV3518,Smartphone,Electronics,1,20028,20028,UPI,Riverside,New
2024-04-05 02:00:00,INV3519,Shoes,Fashion,3,2652,7956,Card,Riverside,Returning
2024-03-18 08:00:00,INV3520,T-shirt,Fashion,5,774,3870,UPI,City Center,New
2024-11-28 12:00:00,INV3521,Jeans,Fashion,5,1717,8585,Card,City Center,Returning
2024-03-24 06:00:00,INV3522,Novel,Books,4,309,1236,UPI,City Center,Returning
2024-08-16 04:00:00,INV3523,Headphones,Electronics,5,1464,7320,Cash,Riverside,Returning
2024-07-13 13:00:00,INV3524,Novel,Books,3,334,1002,Online Gateway,Riverside,New
2024-06-28 22:00:00,INV3525,T-shirt,Fashion,2,786,1572,Cash,Riverside,New
2024-10-21 08:00:00,INV3526,Shoes,Fashion,1,2467,2467,UPI,Riverside,New
2024-11-06 06:00:00,INV3527,T-shirt,Fashion,3,848,2544,UPI,City Center,New
2024-02-29 15:00:00,INV3528,Novel,Books,5,361,1805,UPI,City Center,New
2024-08-22 08:00:00,INV3529,Mixer Grinder,Home Appliances,5,3444,17220,Card,Riverside,Returning
2024-11-06 21:00:00,INV3530,Pen Set,Books,1,2,2,UPI,City Center,New
2024-03-16 19:00:00,INV3531,T-shirt,Fashion,1,614,614,Online Gateway,City Center,Returning
2024-02-17 02:00:00,INV3532,Microwave,Home Appliances,2,7028,14056,Online Gateway,City Center,Returning
2024-09-30 11:00:00,INV3533,Jeans,Fashion,1,1740,1740,Online Gateway,Riverside,New
2024-04-20 18:00:00,INV3534,Pen Set,Books,5,82,410,UPI,City Center,New
2024-05-25 20:00:00,INV3535,Jeans,Fashion,1,1663,1663,Cash,Riverside,Returning
2024-12-22 22:00:00,INV3536,Jeans,Fashion,2,1761,3522,Online Gateway,City Center,Returning
2024-03-29 08:00:00,INV3537,Notebook,Books,3,102,306,Card,Riverside,New
2024-06-16 12:00:00,INV3538,Notebook,Books,3,65,195,Cash,City Center,New
2024-05-15 19:00:00,INV3539,Microwave,Home Appliances,1,6834,6834,Card,City Center,New
2024-03-16 23:00:00,INV3540,Mixer Grinder,Home Appliances,2,3665,7330,Card,City Center,Returning
2024-03-02 10:00:00,INV3541,Jeans,Fashion,3,1641,4923,Online Gateway,Riverside,New
2024-04-03 10:00:00,INV3542,Microwave,Home Appliances,4,7079,28316,Cash,Riverside,Returning
2024-05-15 03:00:00,INV3543,Pen Set,Books,2,130,260,Cash,City Center,Returning
2024-10-18 06:00:00,INV3544,Headphones,Electronics,1,1690,1690,UPI,City Center,New
2024-08-03 00:00:00,INV3545,Laptop,Electronics,5,59812,299060,Cash,City Center,Returning
2024-05-10 14:00:00,INV3546,Laptop,Electronics,1,59912,59912,Card,City Center,New
2024-03-27 06:00:00,INV3547,Mixer Grinder,Home Appliances,3,3465,10395,Online Gateway,Riverside,New
2024-01-15 23:00:00,INV3548,Mixer Grinder,Home Appliances,3,3552,10656,Cash,Riverside,New
2024-02-17 13:00:00,INV3549,Laptop,Electronics,2,60101,120202,Cash,City Center,New
2024-03-09 03:00:00,INV3550,Novel,Books,4,303,1212,UPI,City Center,Returning
2024-06-15 16:00:00,INV3551,Mixer Grinder,Home Appliances,2,3503,7006,Card,City Center,New
2024-05-20 01:00:00,INV3552,Notebook,Books,5,44,220,UPI,Riverside,Returning
2024-10-01 07:00:00,INV3553,Headphones,Electronics,2,1686,3372,UPI,Riverside,New
2024-11-22 11:00:00,INV3554,Jeans,Fashion,3,1801,5403,Cash,Riverside,Returning
2024-01-01 06:00:00,INV3555,Laptop,Electronics,4,60108,240432,Online Gateway,City Center,New
2024-05-16 03:00:00,INV3556,Smartphone,Electronics,1,19998,19998,Cash,City Center,New
2024-09-30 12:00:00,INV3557,Novel,Books,3,653,1959,Card,Riverside,Returning
2024-07-24 08:00:00,INV3558,Microwave,Home Appliances,1,7131,7131,Card,Riverside,New
2024-04-18 14:00:00,INV3559,Mixer Grinder,Home Appliances,1,3458,3458,Cash,City Center,New
2024-09-03 02:00:00,INV3560,Jeans,Fashion,2,1855,3710,Online Gateway,Riverside,Returning
2024-05-16 09:00:00,INV3561,Washing Machine,Home Appliances,5,15185,75925,Card,Riverside,Returning
2024-11-13 03:00:00,INV3562,Mixer Grinder,Home Appliances,5,3446,17230,Card,City Center,New
2024-02-08 01:00:00,INV3563,Laptop,Electronics,1,60117,60117,Cash,City Center,Returning
2024-03-24 19:00:00,INV3564,Laptop,Electronics,3,60027,180081,Online Gateway,City Center,New
2024-03-01 02:00:00,INV3565,Laptop,Electronics,3,59910,179730,Card,Riverside,Returning
2024-08-19 02:00:00,INV3566,Smartphone,Electronics,3,20013,60039,Cash,Riverside,New
2024-03-17 05:00:00,INV3567,Smartphone,Electronics,3,19872,59616,UPI,Riverside,New
2024-09-26 12:00:00,INV3568,Smartphone,Electronics,1,20043,20043,Card,City Center,New
2024-02-08 17:00:00,INV3569,Smartphone,Electronics,2,20033,40066,UPI,Riverside,New
2024-06-03 03:00:00,INV3570,Pen Set,Books,5,95,475,Cash,City Center,New
2024-02-13 22:00:00,INV3571,Smartphone,Electronics,4,20147,80588,Online Gateway,City Center,New
2024-08-27 08:00:00,INV3572,Microwave,Home Appliances,4,7038,28152,Online Gateway,City Center,New
2024-03-20 04:00:00,INV3573,Novel,Books,1,636,636,Cash,Riverside,Returning
2024-10-17 20:00:00,INV3574,Pen Set,Books,4,-47,-188,UPI,City Center,Returning
2024-10-21 13:00:00,INV3575,Shoes,Fashion,2,2653,5306,Online Gateway,City Center,New
2024-05-22 07:00:00,INV3576,Novel,Books,4,586,2344,Online Gateway,City Center,New
2024-01-19 10:00:00,INV3577,T-shirt,Fashion,3,645,1935,UPI,Riverside,Returning
2024-09-16 02:00:00,INV3578,Mixer Grinder,Home Appliances,2,3491,6982,UPI,City Center,Returning
2024-07-12 20:00:00,INV3579,Pen Set,Books,3,58,174,Card,Riverside,Returning
2024-11-26 19:00:00,INV3580,Microwave,Home Appliances,3,7192,21576,UPI,City Center,Returning
2024-11-22 09:00:00,INV3581,Notebook,Books,5,108,540,UPI,Riverside,New
2024-11-12 13:00:00,INV3582,Novel,Books,3,370,1110,UPI,Riverside,Returning
2024-07-04 18:00:00,INV3583,Microwave,Home Appliances,5,7148,35740,Card,City Center,Returning
2024-10-01 15:00:00,INV3584,Mixer Grinder,Home Appliances,2,3606,7212,UPI,City Center,New
2024-04-06 05:00:00,INV3585,Shoes,Fashion,4,2341,9364,Online Gateway,City Center,New
2024-09-18 04:00:00,INV3586,Mixer Grinder,Home Appliances,1,3594,3594,Cash,Riverside,New
2024-02-07 22:00:00,INV3587,Pen Set,Books,2,200,400,UPI,Riverside,New
2024-06-29 20:00:00,INV3588,Jeans,Fashion,3,1880,5640,Online Gateway,Riverside,New
2024-06-16 01:00:00,INV3589,Novel,Books,3,683,2049,Online Gateway,City Center,New
2024-10-03 04:00:00,INV3590,Notebook,Books,4,-21,-84,Card,City Center,New
2024-03-31 09:00:00,INV3591,Microwave,Home Appliances,2,6836,13672,UPI,City Center,Returning
2024-03-31 12:00:00,INV3592,T-shirt,Fashion,2,877,1754,Cash,City Center,New
2024-08-24 04:00:00,INV3593,Laptop,Electronics,1,59951,59951,Cash,City Center,New
2024-09-20 01:00:00,INV3594,Notebook,Books,1,-66,-66,UPI,Riverside,New
2024-12-12 11:00:00,INV3595,Washing Machine,Home Appliances,3,15138,45414,Online Gateway,City Center,Returning
2024-11-30 20:00:00,INV3596,Jeans,Fashion,4,1791,7164,Card,Riverside,Returning
2024-10-09 21:00:00,INV3597,Novel,Books,5,544,2720,Cash,Riverside,New
2024-02-02 17:00:00,INV3598,Microwave,Home Appliances,3,6979,20937,Cash,Riverside,Returning
2024-09-12 19:00:00,INV3599,Washing Machine,Home Appliances,5,15194,75970,Cash,Riverside,Returning
2024-09-21 08:00:00,INV3600,Notebook,Books,4,-87,-348,Online Gateway,City Center,Returning
2024-04-10 16:00:00,INV3601,Smartphone,Electronics,4,19929,79716,Cash,City Center,New
2024-06-22 02:00:00,INV3602,Pen Set,Books,1,82,82,Online Gateway,Riverside,New
2024-08-22 03:00:00,INV3603,Novel,Books,4,317,1268,UPI,Riverside,Returning
2024-03-21 16:00:00,INV3604,Shoes,Fashion,5,2510,12550,Cash,City Center,New
2024-06-07 15:00:00,INV3605,Novel,Books,1,559,559,Online Gateway,City Center,New
2024-10-24 23:00:00,INV3606,Microwave,Home Appliances,3,7156,21468,Online Gateway,City Center,Returning
2024-05-14 20:00:00,INV3607,Novel,Books,1,657,657,Online Gateway,City Center,Returning
2024-04-08 00:00:00,INV3608,T-shirt,Fashion,2,620,1240,UPI,Riverside,Returning
2024-03-21 12:00:00,INV3609,Smartphone,Electronics,2,19839,39678,Card,Riverside,Returning
2024-12-22 12:00:00,INV3610,Shoes,Fashion,1,2498,2498,Card,Riverside,New
2024-07-23 20:00:00,INV3611,T-shirt,Fashion,2,714,1428,UPI,Riverside,New
2024-08-17 02:00:00,INV3612,Pen Set,Books,4,208,832,Cash,City Center,New
2024-02-09 10:00:00,INV3613,Headphones,Electronics,2,1679,3358,Cash,Riverside,Returning
2024-02-29 23:00:00,INV3614,Jeans,Fashion,4,1610,6440,UPI,City Center,Returning
2024-11-18 02:00:00,INV3615,Microwave,Home Appliances,1,6942,6942,Online Gateway,Riverside,New
2024-07-21 09:00:00,INV3616,Smartphone,Electronics,1,19934,19934,UPI,Riverside,Returning
2024-01-15 04:00:00,INV3617,Mixer Grinder,Home Appliances,2,3370,6740,Cash,City Center,New
2024-01-16 22:00:00,INV3618,Smartphone,Electronics,5,19895,99475,Card,Riverside,Returning
2024-12-19 19:00:00,INV3619,Mixer Grinder,Home Appliances,3,3544,10632,Cash,City Center,Returning
2024-01-06 18:00:00,INV3620,Smartphone,Electronics,5,19820,99100,Card,City Center,New
2024-01-15 22:00:00,INV3621,T-shirt,Fashion,2,982,1964,Online Gateway,City Center,Returning
2024-07-24 11:00:00,INV3622,Laptop,Electronics,5,59806,299030,Cash,Riverside,New
2024-05-24 00:00:00,INV3623,T-shirt,Fashion,2,763,1526,Card,Riverside,New
2024-03-08 19:00:00,INV3624,Shoes,Fashion,4,2544,10176,Online Gateway,City Center,New
2024-10-03 02:00:00,INV3625,Headphones,Electronics,4,1583,6332,Cash,City Center,New
2024-07-27 12:00:00,INV3626,Mixer Grinder,Home Appliances,2,3689,7378,Cash,Riverside,New
2024-10-04 04:00:00,INV3627,Novel,Books,2,426,852,Online Gateway,Riverside,New
2024-09-24 08:00:00,INV3628,T-shirt,Fashion,4,630,2520,Online Gateway,City Center,Returning
2024-05-12 02:00:00,INV3629,Washing Machine,Home Appliances,1,14898,14898,UPI,Riverside,Returning
2024-06-08 19:00:00,INV3630,Novel,Books,2,683,1366,Card,Riverside,Returning
2024-11-30 01:00:00,INV3631,Notebook,Books,2,23,46,UPI,Riverside,New
2024-03-30 15:00:00,INV3632,Washing Machine,Home Appliances,5,14815,74075,Online Gateway,City Center,New
2024-10-14 17:00:00,INV3633,Pen Set,Books,2,245,490,Cash,Riverside,Returning
2024-04-28 02:00:00,INV3634,Washing Machine,Home Appliances,3,15037,45111,UPI,Riverside,Returning
2024-04-16 23:00:00,INV3635,T-shirt,Fashion,4,861,3444,Online Gateway,Riverside,New
2024-02-24 11:00:00,INV3636,Microwave,Home Appliances,3,6846,20538,Online Gateway,Riverside,New
2024-04-20 20:00:00,INV3637,T-shirt,Fashion,3,738,2214,UPI,City Center,Returning
2024-06-04 10:00:00,INV3638,Jeans,Fashion,2,1889,3778,Card,Riverside,Returning
2024-09-15 15:00:00,INV3639,Shoes,Fashion,3,2565,7695,Online Gateway,Riverside,Returning
2024-05-11 18:00:00,INV3640,Novel,Books,4,642,2568,Card,City Center,Returning
2024-02-17 12:00:00,INV3641,Shoes,Fashion,3,2664,7992,UPI,City Center,Returning
2024-12-18 10:00:00,INV3642,Novel,Books,5,388,1940,Cash,Riverside,New
2024-03-12 04:00:00,INV3643,Shoes,Fashion,5,2624,13120,UPI,City Center,Returning
2024-05-31 06:00:00,INV3644,Jeans,Fashion,2,1800,3600,Online Gateway,Riverside,Returning
2024-05-13 19:00:00,INV3645,Mixer Grinder,Home Appliances,3,3374,10122,UPI,City Center,Returning
2024-09-29 10:00:00,INV3646,Smartphone,Electronics,4,20081,80324,Online Gateway,City Center,New
2024-01-20 19:00:00,INV3647,Shoes,Fashion,3,2553,7659,Online Gateway,Riverside,Returning
2024-11-16 04:00:00,INV3648,Shoes,Fashion,3,2326,6978,Online Gateway,Riverside,New
2024-02-20 07:00:00,INV3649,Microwave,Home Appliances,4,6998,27992,UPI,City Center,New
2024-03-22 16:00:00,INV3650,Headphones,Electronics,1,1485,1485,Cash,City Center,New
2024-01-24 05:00:00,INV3651,T-shirt,Fashion,1,880,880,UPI,City Center,New
2024-02-06 18:00:00,INV3652,Pen Set,Books,4,-46,-184,Cash,City Center,New
2024-07-17 09:00:00,INV3653,Smartphone,Electronics,3,20119,60357,UPI,Riverside,Returning
2024-09-01 11:00:00,INV3654,Shoes,Fashion,2,2412,4824,UPI,Riverside,New
2024-10-17 03:00:00,INV3655,Headphones,Electronics,1,1583,1583,UPI,City Center,New
2024-10-25 14:00:00,INV3656,Washing Machine,Home Appliances,2,15077,30154,Cash,City Center,New
2024-11-26 09:00:00,INV3657,Novel,Books,5,438,2190,Online Gateway,City Center,New
2024-08-10 19:00:00,INV3658,Shoes,Fashion,4,2413,9652,Card,Riverside,New
2024-10-29 21:00:00,INV3659,Headphones,Electronics,2,1443,2886,Cash,City Center,New
2024-12-04 13:00:00,INV3660,Notebook,Books,3,122,366,Online Gateway,Riverside,New
2024-04-12 06:00:00,INV3661,Shoes,Fashion,1,2341,2341,Online Gateway,Riverside,Returning
2024-07-06 06:00:00,INV3662,Headphones,Electronics,4,1614,6456,Online Gateway,City Center,Returning
2024-03-22 02:00:00,INV3663,Shoes,Fashion,4,2523,10092,UPI,Riverside,New
2024-04-27 00:00:00,INV3664,Microwave,Home Appliances,5,7115,35575,Online Gateway,Riverside,New
2024-10-03 18:00:00,INV3665,Jeans,Fashion,2,1960,3920,Cash,Riverside,New
2024-06-08 09:00:00,INV3666,Washing Machine,Home Appliances,2,14911,29822,UPI,Riverside,Returning
2024-05-27 08:00:00,INV3667,T-shirt,Fashion,2,966,1932,UPI,City Center,Returning
2024-09-09 20:00:00,INV3668,Novel,Books,4,312,1248,Card,City Center,Returning
2024-06-07 10:00:00,INV3669,Pen Set,Books,1,49,49,UPI,Riverside,Returning
2024-07-14 19:00:00,INV3670,Laptop,Electronics,4,60023,240092,Online Gateway,Riverside,New
2024-03-23 02:00:00,INV3671,Washing Machine,Home Appliances,3,14978,44934,Card,Riverside,Returning
2024-08-29 22:00:00,INV3672,T-shirt,Fashion,4,680,2720,Card,City Center,New
2024-09-12 22:00:00,INV3673,Laptop,Electronics,4,59986,239944,Cash,City Center,New
2024-04-27 11:00:00,INV3674,Pen Set,Books,2,-103,-206,Cash,Riverside,New
2024-01-16 04:00:00,INV3675,Mixer Grinder,Home Appliances,3,3531,10593,Card,Riverside,New
2024-06-26 10:00:00,INV3676,Washing Machine,Home Appliances,3,14895,44685,Card,Riverside,Returning
2024-05-09 23:00:00,INV3677,Headphones,Electronics,5,1334,6670,Card,City Center,New
2024-03-18 15:00:00,INV3678,Novel,Books,2,447,894,Online Gateway,Riverside,New
2024-01-05 19:00:00,INV3679,Shoes,Fashion,1,2400,2400,Cash,City Center,New
2024-10-22 04:00:00,INV3680,T-shirt,Fashion,2,873,1746,Cash,Riverside,Returning
2024-11-30 00:00:00,INV3681,Pen Set,Books,2,-72,-144,Card,City Center,New
2024-04-09 08:00:00,INV3682,Jeans,Fashion,2,1992,3984,UPI,City Center,New
2024-06-12 23:00:00,INV3683,Washing Machine,Home Appliances,2,14885,29770,Cash,Riverside,New
2024-11-18 14:00:00,INV3684,Headphones,Electronics,2,1611,3222,UPI,Riverside,Returning
2024-08-14 18:00:00,INV3685,Shoes,Fashion,4,2389,9556,Cash,City Center,New
2024-04-13 18:00:00,INV3686,Notebook,Books,5,286,1430,Cash,City Center,Returning
2024-10-17 20:00:00,INV3687,Headphones,Electronics,1,1447,1447,Online Gateway,Riverside,Returning
2024-11-15 05:00:00,INV3688,Mixer Grinder,Home Appliances,5,3671,18355,Online Gateway,Riverside,Returning
2024-03-12 20:00:00,INV3689,Novel,Books,5,667,3335,Online Gateway,Riverside,Returning
2024-12-06 22:00:00,INV3690,Headphones,Electronics,5,1555,7775,Card,City Center,New
2024-04-25 07:00:00,INV3691,Smartphone,Electronics,5,19988,99940,UPI,City Center,Returning
2024-02-17 09:00:00,INV3692,Washing Machine,Home Appliances,4,14953,59812,UPI,City Center,Returning
2024-06-20 13:00:00,INV3693,Microwave,Home Appliances,2,7184,14368,Cash,City Center,Returning
2024-05-22 12:00:00,INV3694,Notebook,Books,2,130,260,Card,Riverside,Returning
2024-08-31 13:00:00,INV3695,Shoes,Fashion,2,2308,4616,Card,Riverside,Returning
2024-07-18 02:00:00,INV3696,Microwave,Home Appliances,4,7038,28152,Online Gateway,Riverside,New
2024-06-11 18:00:00,INV3697,Microwave,Home Appliances,2,7012,14024,Cash,City Center,New
2024-05-31 13:00:00,INV3698,Notebook,Books,1,51,51,UPI,City Center,Returning
2024-05-03 01:00:00,INV3699,Microwave,Home Appliances,4,7134,28536,Online Gateway,City Center,Returning
2024-09-04 01:00:00,INV3700,Jeans,Fashion,5,1882,9410,Online Gateway,City Center,Returning
2024-01-12 12:00:00,INV3701,Smartphone,Electronics,3,19969,59907,Card,Riverside,New
2024-03-24 07:00:00,INV3702,Laptop,Electronics,1,59874,59874,UPI,City Center,New
2024-02-21 03:00:00,INV3703,Mixer Grinder,Home Appliances,2,3622,7244,UPI,City Center,Returning
2024-09-21 01:00:00,INV3704,Washing Machine,Home Appliances,3,15113,45339,Online Gateway,Riverside,Returning
2024-06-04 15:00:00,INV3705,T-shirt,Fashion,3,626,1878,Cash,Riverside,Returning
2024-01-29 23:00:00,INV3706,Washing Machine,Home Appliances,5,14818,74090,Cash,City Center,Returning
2024-06-22 00:00:00,INV3707,Jeans,Fashion,4,1974,7896,UPI,City Center,New
2024-11-25 05:00:00,INV3708,Shoes,Fashion,1,2615,2615,Online Gateway,Riverside,Returning
2024-11-07 06:00:00,INV3709,Shoes,Fashion,1,2322,2322,UPI,City Center,New
2024-11-10 01:00:00,INV3710,Shoes,Fashion,4,2591,10364,Card,Riverside,New
2024-04-28 09:00:00,INV3711,Washing Machine,Home Appliances,5,15090,75450,UPI,City Center,New
2024-06-24 08:00:00,INV3712,Smartphone,Electronics,2,19819,39638,UPI,Riverside,New
2024-12-29 21:00:00,INV3713,Shoes,Fashion,4,2384,9536,Online Gateway,City Center,New
2024-02-15 08:00:00,INV3714,Notebook,Books,4,75,300,UPI,Riverside,Returning
2024-05-20 03:00:00,INV3715,Novel,Books,5,580,2900,UPI,Riverside,New
2024-01-02 00:00:00,INV3716,Notebook,Books,5,166,830,UPI,City Center,New
2024-09-13 00:00:00,INV3717,Laptop,Electronics,4,60047,240188,UPI,Riverside,Returning
2024-08-24 04:00:00,INV3718,Microwave,Home Appliances,4,6826,27304,UPI,Riverside,New
2024-06-25 12:00:00,INV3719,Headphones,Electronics,5,1414,7070,Card,City Center,Returning
2024-12-02 04:00:00,INV3720,Headphones,Electronics,1,1657,1657,UPI,Riverside,Returning
2024-04-03 03:00:00,INV3721,Washing Machine,Home Appliances,5,14969,74845,UPI,City Center,New
2024-10-30 23:00:00,INV3722,Headphones,Electronics,5,1546,7730,Cash,Riverside,New
2024-12-15 16:00:00,INV3723,Washing Machine,Home Appliances,4,15021,60084,Card,Riverside,Returning
2024-12-18 00:00:00,INV3724,Laptop,Electronics,3,59989,179967,Cash,Riverside,New
2024-06-05 03:00:00,INV3725,Microwave,Home Appliances,4,7002,28008,Card,Riverside,Returning
2024-05-12 07:00:00,INV3726,Shoes,Fashion,3,2424,7272,Card,Riverside,New
2024-07-23 01:00:00,INV3727,Novel,Books,3,603,1809,Online Gateway,City Center,New
2024-07-28 21:00:00,INV3728,Smartphone,Electronics,1,20177,20177,Cash,City Center,Returning
2024-11-05 11:00:00,INV3729,Microwave,Home Appliances,1,7157,7157,Card,City Center,New
2024-12-24 13:00:00,INV3730,Microwave,Home Appliances,2,6816,13632,Card,Riverside,Returning
2024-03-24 22:00:00,INV3731,Notebook,Books,3,241,723,Cash,City Center,New
2024-02-27 13:00:00,INV3732,T-shirt,Fashion,3,651,1953,Cash,City Center,New
2024-02-15 18:00:00,INV3733,Novel,Books,1,398,398,Card,Riverside,Returning
2024-05-22 18:00:00,INV3734,Smartphone,Electronics,3,20103,60309,UPI,City Center,Returning
2024-06-01 07:00:00,INV3735,Headphones,Electronics,1,1536,1536,UPI,City Center,New
2024-11-26 18:00:00,INV3736,Microwave,Home Appliances,5,6914,34570,UPI,City Center,Returning
2024-01-08 19:00:00,INV3737,Jeans,Fashion,2,1955,3910,Online Gateway,Riverside,Returning
2024-08-13 09:00:00,INV3738,Mixer Grinder,Home Appliances,3,3450,10350,Online Gateway,Riverside,New
2024-03-28 04:00:00,INV3739,T-shirt,Fashion,3,707,2121,Card,Riverside,New
2024-03-29 18:00:00,INV3740,Pen Set,Books,2,-132,-264,Cash,City Center,New
2024-08-06 10:00:00,INV3741,Headphones,Electronics,1,1529,1529,Card,City Center,New
2024-12-22 05:00:00,INV3742,T-shirt,Fashion,3,952,2856,UPI,City Center,Returning
2024-08-23 07:00:00,INV3743,Washing Machine,Home Appliances,4,14862,59448,UPI,City Center,Returning
2024-08-04 01:00:00,INV3744,Notebook,Books,1,86,86,Card,Riverside,New
2024-08-28 16:00:00,INV3745,Jeans,Fashion,1,1625,1625,Cash,Riverside,Returning
2024-11-25 17:00:00,INV3746,Headphones,Electronics,4,1537,6148,Online Gateway,Riverside,Returning
2024-11-10 11:00:00,INV3747,Headphones,Electronics,3,1681,5043,Online Gateway,Riverside,New
2024-11-21 23:00:00,INV3748,Laptop,Electronics,2,59928,119856,Online Gateway,City Center,Returning
2024-11-02 11:00:00,INV3749,Jeans,Fashion,2,1621,3242,Card,City Center,Returning
2024-09-26 09:00:00,INV3750,T-shirt,Fashion,2,969,1938,Card,Riverside,New
2024-03-03 09:00:00,INV3751,Laptop,Electronics,3,60164,180492,UPI,Riverside,Returning
2024-04-16 11:00:00,INV3752,Laptop,Electronics,1,60047,60047,Card,City Center,New
2024-08-13 09:00:00,INV3753,Jeans,Fashion,5,1740,8700,Online Gateway,City Center,Returning
2024-05-02 23:00:00,INV3754,Pen Set,Books,1,82,82,UPI,Riverside,New
2024-02-21 14:00:00,INV3755,T-shirt,Fashion,3,609,1827,Online Gateway,City Center,Returning
2024-07-15 23:00:00,INV3756,Washing Machine,Home Appliances,4,15111,60444,Card,Riverside,New
2024-06-14 05:00:00,INV3757,Microwave,Home Appliances,3,6953,20859,Cash,City Center,Returning
2024-08-24 22:00:00,INV3758,Washing Machine,Home Appliances,3,14802,44406,Card,City Center,New
2024-06-03 05:00:00,INV3759,Microwave,Home Appliances,2,7003,14006,Cash,Riverside,New
2024-04-25 20:00:00,INV3760,Smartphone,Electronics,3,20074,60222,Online Gateway,City Center,Returning
2024-11-04 06:00:00,INV3761,Novel,Books,1,554,554,Card,Riverside,New
2024-03-07 04:00:00,INV3762,Shoes,Fashion,4,2587,10348,UPI,City Center,New
2024-04-08 16:00:00,INV3763,Laptop,Electronics,4,59840,239360,UPI,City Center,Returning
2024-08-29 05:00:00,INV3764,Laptop,Electronics,1,59866,59866,UPI,City Center,Returning
2024-01-19 04:00:00,INV3765,Notebook,Books,3,112,336,Card,Riverside,New
2024-04-27 20:00:00,INV3766,Pen Set,Books,2,35,70,Cash,Riverside,Returning
2024-03-05 20:00:00,INV3767,Mixer Grinder,Home Appliances,5,3627,18135,Cash,City Center,New
2024-11-11 10:00:00,INV3768,Smartphone,Electronics,1,19922,19922,Cash,Riverside,New
2024-11-07 16:00:00,INV3769,Smartphone,Electronics,4,19972,79888,Cash,Riverside,New
2024-01-08 14:00:00,INV3770,Microwave,Home Appliances,5,6942,34710,Cash,Riverside,New
2024-10-26 14:00:00,INV3771,Jeans,Fashion,2,1798,3596,Card,Riverside,New
2024-10-05 15:00:00,INV3772,Novel,Books,1,332,332,Card,City Center,Returning
2024-08-19 21:00:00,INV3773,Headphones,Electronics,5,1653,8265,Card,Riverside,Returning
2024-10-28 17:00:00,INV3774,Laptop,Electronics,3,59999,179997,Online Gateway,City Center,Returning
2024-11-14 19:00:00,INV3775,Shoes,Fashion,2,2397,4794,Online Gateway,City Center,New
2024-08-20 07:00:00,INV3776,Notebook,Books,4,185,740,Online Gateway,Riverside,Returning
2024-03-07 05:00:00,INV3777,Notebook,Books,3,1,3,Cash,City Center,Returning
2024-01-07 15:00:00,INV3778,Shoes,Fashion,1,2592,2592,UPI,City Center,Returning
2024-09-30 03:00:00,INV3779,Notebook,Books,3,112,336,Cash,Riverside,Returning
2024-12-09 12:00:00,INV3780,Smartphone,Electronics,2,19849,39698,Cash,City Center,Returning
2024-10-12 06:00:00,INV3781,Microwave,Home Appliances,5,7082,35410,UPI,City Center,New
2024-04-06 03:00:00,INV3782,Notebook,Books,3,25,75,UPI,Riverside,Returning
2024-02-21 04:00:00,INV3783,Laptop,Electronics,1,59828,59828,UPI,City Center,Returning
2024-10-28 02:00:00,INV3784,Washing Machine,Home Appliances,2,14943,29886,UPI,Riverside,New
2024-08-20 22:00:00,INV3785,Mixer Grinder,Home Appliances,3,3338,10014,Online Gateway,Riverside,Returning
2024-10-15 07:00:00,INV3786,Washing Machine,Home Appliances,1,14813,14813,UPI,Riverside,New
2024-08-20 17:00:00,INV3787,Pen Set,Books,1,-80,-80,Cash,Riverside,New
2024-09-08 22:00:00,INV3788,Smartphone,Electronics,3,20193,60579,UPI,Riverside,New
2024-07-25 01:00:00,INV3789,Headphones,Electronics,5,1408,7040,Cash,City Center,New
2024-11-26 07:00:00,INV3790,T-shirt,Fashion,3,989,2967,Cash,Riverside,Returning
2024-10-19 08:00:00,INV3791,Smartphone,Electronics,4,20185,80740,Cash,Riverside,Returning
2024-11-19 06:00:00,INV3792,Smartphone,Electronics,3,19937,59811,Cash,City Center,New
2024-07-30 22:00:00,INV3793,Smartphone,Electronics,5,19802,99010,Cash,Riverside,New
2024-10-25 09:00:00,INV3794,Microwave,Home Appliances,3,7007,21021,Cash,Riverside,New
2024-03-19 12:00:00,INV3795,Novel,Books,5,426,2130,Cash,Riverside,New
2024-03-16 09:00:00,INV3796,Headphones,Electronics,5,1658,8290,Cash,City Center,Returning
2024-05-11 23:00:00,INV3797,Shoes,Fashion,2,2386,4772,Card,Riverside,New
2024-09-21 16:00:00,INV3798,Notebook,Books,5,39,195,Card,Riverside,New
2024-09-09 08:00:00,INV3799,Laptop,Electronics,4,59908,239632,Online Gateway,City Center,Returning
2024-04-11 13:00:00,INV3800,Jeans,Fashion,2,1807,3614,Online Gateway,Riverside,Returning
2024-09-26 12:00:00,INV3801,Shoes,Fashion,5,2363,11815,Online Gateway,Riverside,Returning
2024-09-04 23:00:00,INV3802,Laptop,Electronics,1,60007,60007,Card,Riverside,New
2024-08-07 20:00:00,INV3803,Novel,Books,2,628,1256,Cash,City Center,New
2024-11-21 18:00:00,INV3804,Pen Set,Books,1,-32,-32,Card,City Center,New
2024-07-16 00:00:00,INV3805,Notebook,Books,4,-32,-128,Card,Riverside,New
2024-04-19 08:00:00,INV3806,Novel,Books,1,633,633,Card,City Center,New
2024-08-27 02:00:00,INV3807,Washing Machine,Home Appliances,1,14974,14974,Card,Riverside,New
2024-06-25 08:00:00,INV3808,Headphones,Electronics,1,1488,1488,UPI,Riverside,Returning
2024-08-29 09:00:00,INV3809,Notebook,Books,5,248,1240,UPI,Riverside,New
2024-07-07 11:00:00,INV3810,Notebook,Books,2,5,10,Online Gateway,Riverside,New
2024-08-20 03:00:00,INV3811,Notebook,Books,2,150,300,Online Gateway,Riverside,Returning
2024-04-02 16:00:00,INV3812,Laptop,Electronics,3,59801,179403,Online Gateway,Riverside,New
2024-12-15 13:00:00,INV3813,Laptop,Electronics,1,60183,60183,Online Gateway,Riverside,New
2024-09-10 19:00:00,INV3814,Washing Machine,Home Appliances,1,14947,14947,Card,Riverside,Returning
2024-12-26 22:00:00,INV3815,Headphones,Electronics,4,1693,6772,Cash,Riverside,New
2024-09-22 01:00:00,INV3816,Novel,Books,4,478,1912,UPI,City Center,Returning
2024-03-22 04:00:00,INV3817,Shoes,Fashion,3,2544,7632,Online Gateway,Riverside,New
2024-10-22 14:00:00,INV3818,Microwave,Home Appliances,2,7024,14048,Card,City Center,New
2024-09-20 06:00:00,INV3819,Notebook,Books,4,96,384,Card,City Center,New
2024-06-07 04:00:00,INV3820,T-shirt,Fashion,3,867,2601,UPI,City Center,Returning
2024-01-10 18:00:00,INV3821,Notebook,Books,5,58,290,Online Gateway,City Center,New
2024-05-30 07:00:00,INV3822,Novel,Books,1,423,423,UPI,Riverside,New
2024-12-01 03:00:00,INV3823,Notebook,Books,5,214,1070,Card,Riverside,New
2024-01-22 18:00:00,INV3824,Headphones,Electronics,1,1467,1467,Online Gateway,Riverside,New
2024-09-03 00:00:00,INV3825,Microwave,Home Appliances,2,6895,13790,Cash,Riverside,Returning
2024-07-22 16:00:00,INV3826,T-shirt,Fashion,3,900,2700,Card,Riverside,Returning
2024-08-31 00:00:00,INV3827,Smartphone,Electronics,4,20041,80164,Card,City Center,Returning
2024-10-23 18:00:00,INV3828,Laptop,Electronics,3,59982,179946,Online Gateway,City Center,Returning
2024-08-31 10:00:00,INV3829,Microwave,Home Appliances,2,7020,14040,Cash,City Center,New
2024-02-24 20:00:00,INV3830,Novel,Books,2,418,836,Online Gateway,City Center,New
2024-02-16 20:00:00,INV3831,Microwave,Home Appliances,4,7073,28292,Cash,City Center,Returning
2024-08-22 05:00:00,INV3832,Pen Set,Books,2,-37,-74,Card,City Center,Returning
2024-08-13 23:00:00,INV3833,Smartphone,Electronics,1,19931,19931,Cash,Riverside,New
2024-04-17 19:00:00,INV3834,T-shirt,Fashion,5,830,4150,Card,City Center,Returning
2024-08-24 08:00:00,INV3835,Shoes,Fashion,5,2360,11800,Cash,Riverside,New
2024-02-27 10:00:00,INV3836,Laptop,Electronics,4,60152,240608,UPI,City Center,New
2024-05-20 14:00:00,INV3837,Microwave,Home Appliances,2,7010,14020,UPI,City Center,New
2024-03-04 07:00:00,INV3838,Mixer Grinder,Home Appliances,5,3417,17085,UPI,City Center,Returning
2024-08-28 17:00:00,INV3839,Pen Set,Books,3,32,96,Online Gateway,City Center,New
2024-11-26 15:00:00,INV3840,Pen Set,Books,1,171,171,Cash,Riverside,New
2024-09-10 21:00:00,INV3841,Headphones,Electronics,2,1419,2838,Cash,City Center,New
2024-12-16 18:00:00,INV3842,Shoes,Fashion,2,2367,4734,UPI,Riverside,New
2024-08-11 03:00:00,INV3843,Notebook,Books,4,15,60,Card,City Center,New
2024-07-26 00:00:00,INV3844,Pen Set,Books,2,37,74,UPI,Riverside,New
2024-08-20 06:00:00,INV3845,Pen Set,Books,1,-69,-69,Online Gateway,Riverside,New
2024-06-18 16:00:00,INV3846,Headphones,Electronics,3,1317,3951,Card,Riverside,New
2024-04-04 01:00:00,INV3847,Smartphone,Electronics,2,19908,39816,Cash,City Center,Returning
2024-12-23 20:00:00,INV3848,Smartphone,Electronics,4,19917,79668,Card,Riverside,Returning
2024-07-03 08:00:00,INV3849,Microwave,Home Appliances,2,7104,14208,Card,Riverside,Returning
2024-05-14 21:00:00,INV3850,Headphones,Electronics,5,1527,7635,UPI,Riverside,Returning
2024-06-11 05:00:00,INV3851,Novel,Books,2,675,1350,Cash,City Center,Returning
2024-03-24 13:00:00,INV3852,T-shirt,Fashion,4,995,3980,Online Gateway,City Center,New
2024-03-25 00:00:00,INV3853,Pen Set,Books,2,-123,-246,Card,City Center,Returning
2024-03-14 20:00:00,INV3854,Washing Machine,Home Appliances,5,15164,75820,Card,City Center,New
2024-12-14 01:00:00,INV3855,Mixer Grinder,Home Appliances,2,3364,6728,Card,City Center,New
2024-06-14 16:00:00,INV3856,Shoes,Fashion,5,2582,12910,Cash,Riverside,New
2024-03-13 23:00:00,INV3857,T-shirt,Fashion,3,770,2310,Card,City Center,New
2024-11-05 14:00:00,INV3858,Washing Machine,Home Appliances,4,14905,59620,Card,City Center,New
2024-10-25 18:00:00,INV3859,Mixer Grinder,Home Appliances,2,3619,7238,Online Gateway,City Center,Returning
2024-09-26 13:00:00,INV3860,Pen Set,Books,5,-109,-545,UPI,Riverside,New
2024-05-14 04:00:00,INV3861,Notebook,Books,3,72,216,Cash,City Center,New
2024-01-23 11:00:00,INV3862,Laptop,Electronics,1,60170,60170,Cash,City Center,Returning
2024-03-01 21:00:00,INV3863,Headphones,Electronics,5,1341,6705,Cash,City Center,Returning
2024-08-04 00:00:00,INV3864,Smartphone,Electronics,4,20075,80300,UPI,City Center,New
2024-12-22 03:00:00,INV3865,Pen Set,Books,2,30,60,UPI,Riverside,New
2024-01-10 18:00:00,INV3866,Mixer Grinder,Home Appliances,3,3685,11055,UPI,Riverside,New
2024-03-05 12:00:00,INV3867,Smartphone,Electronics,5,19875,99375,Online Gateway,Riverside,Returning
2024-11-07 16:00:00,INV3868,Mixer Grinder,Home Appliances,1,3377,3377,Card,Riverside,New
2024-06-24 13:00:00,INV3869,Jeans,Fashion,4,1840,7360,Cash,Riverside,Returning
2024-03-10 17:00:00,INV3870,Laptop,Electronics,1,60106,60106,Cash,City Center,Returning
2024-10-06 12:00:00,INV3871,Shoes,Fashion,4,2476,9904,UPI,City Center,Returning
2024-11-28 14:00:00,INV3872,Pen Set,Books,5,-10,-50,Card,Riverside,Returning
2024-03-28 12:00:00,INV3873,Novel,Books,1,420,420,Online Gateway,City Center,Returning
2024-06-05 04:00:00,INV3874,Mixer Grinder,Home Appliances,2,3464,6928,UPI,City Center,Returning
2024-05-12 05:00:00,INV3875,T-shirt,Fashion,2,895,1790,Online Gateway,City Center,New
2024-03-16 15:00:00,INV3876,Notebook,Books,4,-73,-292,Online Gateway,City Center,New
2024-06-09 01:00:00,INV3877,Washing Machine,Home Appliances,5,15114,75570,Online Gateway,Riverside,New
2024-11-30 00:00:00,INV3878,Novel,Books,5,394,1970,Card,City Center,New
2024-10-19 03:00:00,INV3879,T-shirt,Fashion,1,662,662,Online Gateway,Riverside,New
2024-07-06 05:00:00,INV3880,Mixer Grinder,Home Appliances,5,3678,18390,Cash,Riverside,Returning
2024-01-29 02:00:00,INV3881,Notebook,Books,2,180,360,Online Gateway,Riverside,New
2024-12-03 00:00:00,INV3882,Mixer Grinder,Home Appliances,2,3493,6986,Card,City Center,Returning
2024-12-23 10:00:00,INV3883,T-shirt,Fashion,2,679,1358,Cash,City Center,Returning
2024-03-30 22:00:00,INV3884,Novel,Books,3,671,2013,Card,Riverside,Returning
2024-04-20 21:00:00,INV3885,T-shirt,Fashion,2,610,1220,Card,Riverside,New
2024-03-27 00:00:00,INV3886,Jeans,Fashion,5,1820,9100,Card,City Center,Returning
2024-05-15 13:00:00,INV3887,T-shirt,Fashion,1,836,836,Cash,Riverside,Returning
2024-07-26 11:00:00,INV3888,Notebook,Books,4,-20,-80,UPI,Riverside,Returning
2024-11-16 23:00:00,INV3889,Laptop,Electronics,2,60006,120012,Card,Riverside,Returning
2024-02-28 09:00:00,INV3890,Mixer Grinder,Home Appliances,2,3450,6900,Card,City Center,New
2024-05-15 19:00:00,INV3891,Microwave,Home Appliances,4,6957,27828,Online Gateway,Riverside,Returning
2024-06-12 11:00:00,INV3892,Mixer Grinder,Home Appliances,5,3571,17855,Cash,City Center,New
2024-06-24 14:00:00,INV3893,Jeans,Fashion,2,1884,3768,Card,Riverside,Returning
2024-05-14 11:00:00,INV3894,Pen Set,Books,2,88,176,Cash,Riverside,New
2024-04-24 09:00:00,INV3895,T-shirt,Fashion,1,749,749,Card,City Center,New
2024-09-10 19:00:00,INV3896,Shoes,Fashion,3,2399,7197,UPI,Riverside,New
2024-06-10 02:00:00,INV3897,Washing Machine,Home Appliances,2,14872,29744,Cash,City Center,New
2024-08-30 10:00:00,INV3898,Pen Set,Books,5,82,410,Online Gateway,City Center,New
2024-04-02 14:00:00,INV3899,Novel,Books,2,423,846,Cash,City Center,Returning
2024-04-26 08:00:00,INV3900,Shoes,Fashion,2,2507,5014,UPI,City Center,New
2024-06-18 07:00:00,INV3901,Washing Machine,Home Appliances,1,15170,15170,Cash,City Center,Returning
2024-03-04 12:00:00,INV3902,Jeans,Fashion,4,1648,6592,Online Gateway,Riverside,New
2024-12-08 16:00:00,INV3903,Laptop,Electronics,2,59906,119812,Cash,City Center,New
2024-09-15 06:00:00,INV3904,Jeans,Fashion,4,1657,6628,Card,City Center,New
2024-06-16 17:00:00,INV3905,Pen Set,Books,4,20,80,Online Gateway,Riverside,Returning
2024-04-16 22:00:00,INV3906,Pen Set,Books,3,155,465,Cash,Riverside,New
2024-04-26 19:00:00,INV3907,Novel,Books,2,500,1000,UPI,Riverside,New
2024-06-03 13:00:00,INV3908,Laptop,Electronics,1,59959,59959,Cash,City Center,Returning
2024-09-13 11:00:00,INV3909,Smartphone,Electronics,5,19949,99745,Card,City Center,Returning
2024-01-30 23:00:00,INV3910,Mixer Grinder,Home Appliances,4,3475,13900,Cash,City Center,Returning
2024-09-28 12:00:00,INV3911,Shoes,Fashion,2,2670,5340,Card,City Center,New
2024-07-09 19:00:00,INV3912,Smartphone,Electronics,2,20031,40062,UPI,Riverside,Returning
2024-02-10 12:00:00,INV3913,Washing Machine,Home Appliances,1,14847,14847,UPI,City Center,Returning
2024-06-03 22:00:00,INV3914,Headphones,Electronics,5,1574,7870,Online Gateway,City Center,Returning
2024-11-04 03:00:00,INV3915,Notebook,Books,1,298,298,UPI,City Center,Returning
2024-07-02 10:00:00,INV3916,Washing Machine,Home Appliances,4,15022,60088,Cash,City Center,New
2024-07-08 16:00:00,INV3917,Pen Set,Books,2,68,136,Cash,City Center,New
2024-04-01 23:00:00,INV3918,Laptop,Electronics,5,59904,299520,UPI,Riverside,Returning
2024-07-03 10:00:00,INV3919,Novel,Books,1,690,690,Cash,Riverside,New
2024-10-15 07:00:00,INV3920,Notebook,Books,4,-63,-252,UPI,City Center,New
2024-12-15 10:00:00,INV3921,Headphones,Electronics,2,1430,2860,UPI,Riverside,New
2024-12-27 16:00:00,INV3922,Washing Machine,Home Appliances,5,15081,75405,Card,Riverside,New
2024-04-01 20:00:00,INV3923,Microwave,Home Appliances,4,7017,28068,Card,City Center,Returning
2024-08-10 17:00:00,INV3924,T-shirt,Fashion,1,659,659,Card,Riverside,New
2024-05-16 12:00:00,INV3925,Mixer Grinder,Home Appliances,4,3699,14796,Card,Riverside,Returning
2024-02-15 22:00:00,INV3926,Shoes,Fashion,4,2641,10564,Card,Riverside,New
2024-08-06 11:00:00,INV3927,Shoes,Fashion,2,2630,5260,UPI,City Center,New
2024-10-02 14:00:00,INV3928,Smartphone,Electronics,3,20031,60093,Cash,City Center,Returning
2024-12-28 19:00:00,INV3929,Novel,Books,5,662,3310,Cash,Riverside,Returning
2024-08-05 15:00:00,INV3930,Novel,Books,2,308,616,Online Gateway,Riverside,New
2024-12-23 16:00:00,INV3931,Washing Machine,Home Appliances,5,15161,75805,Online Gateway,Riverside,Returning
2024-01-27 06:00:00,INV3932,Mixer Grinder,Home Appliances,5,3688,18440,Online Gateway,City Center,Returning
2024-10-05 11:00:00,INV3933,Headphones,Electronics,5,1487,7435,Online Gateway,City Center,New
2024-01-12 13:00:00,INV3934,Jeans,Fashion,5,1652,8260,UPI,City Center,Returning
2024-01-10 16:00:00,INV3935,Novel,Books,5,399,1995,Card,City Center,New
2024-08-25 02:00:00,INV3936,Headphones,Electronics,2,1450,2900,Card,Riverside,Returning
2024-11-15 03:00:00,INV3937,Novel,Books,5,328,1640,Online Gateway,City Center,Returning
2024-01-02 01:00:00,INV3938,Headphones,Electronics,4,1627,6508,Cash,Riverside,Returning
2024-11-07 04:00:00,INV3939,Laptop,Electronics,4,59889,239556,Card,Riverside,New
2024-09-24 02:00:00,INV3940,Mixer Grinder,Home Appliances,5,3412,17060,UPI,Riverside,New
2024-12-26 12:00:00,INV3941,Mixer Grinder,Home Appliances,2,3636,7272,Cash,Riverside,New
2024-06-05 20:00:00,INV3942,Jeans,Fashion,4,1939,7756,Cash,City Center,Returning
2024-10-01 23:00:00,INV3943,Jeans,Fashion,1,1881,1881,Card,Riverside,Returning
2024-07-31 14:00:00,INV3944,Mixer Grinder,Home Appliances,2,3522,7044,UPI,City Center,Returning
2024-10-18 22:00:00,INV3945,Novel,Books,4,476,1904,Online Gateway,City Center,New
2024-05-25 03:00:00,INV3946,Laptop,Electronics,5,60046,300230,Online Gateway,City Center,New
2024-03-24 02:00:00,INV3947,Shoes,Fashion,5,2460,12300,UPI,City Center,Returning
2024-12-27 18:00:00,INV3948,Shoes,Fashion,3,2504,7512,Card,City Center,Returning
2024-02-14 16:00:00,INV3949,Mixer Grinder,Home Appliances,3,3620,10860,Cash,City Center,New
2024-10-06 11:00:00,INV3950,Microwave,Home Appliances,2,6800,13600,Cash,Riverside,Returning
2024-01-09 23:00:00,INV3951,Washing Machine,Home Appliances,1,14828,14828,Cash,Riverside,New
2024-11-12 21:00:00,INV3952,Smartphone,Electronics,1,20142,20142,Card,Riverside,New
2024-04-18 14:00:00,INV3953,Laptop,Electronics,1,59992,59992,Cash,Riverside,New
2024-12-13 22:00:00,INV3954,T-shirt,Fashion,5,637,3185,UPI,City Center,Returning
2024-07-18 05:00:00,INV3955,Washing Machine,Home Appliances,2,15122,30244,Card,Riverside,Returning
2024-05-18 01:00:00,INV3956,Notebook,Books,2,-75,-150,UPI,City Center,Returning
2024-11-19 11:00:00,INV3957,T-shirt,Fashion,1,853,853,Online Gateway,Riverside,Returning
2024-09-04 11:00:00,INV3958,Washing Machine,Home Appliances,2,14829,29658,Online Gateway,City Center,Returning
2024-04-05 15:00:00,INV3959,Washing Machine,Home Appliances,2,15105,30210,Card,Riverside,New
2024-08-24 21:00:00,INV3960,Mixer Grinder,Home Appliances,1,3681,3681,Online Gateway,Riverside,Returning
2024-03-11 16:00:00,INV3961,Laptop,Electronics,2,60089,120178,Cash,Riverside,New
2024-03-22 02:00:00,INV3962,Washing Machine,Home Appliances,5,15145,75725,UPI,City Center,New
2024-04-25 23:00:00,INV3963,Shoes,Fashion,2,2532,5064,Card,City Center,New
2024-05-31 20:00:00,INV3964,Jeans,Fashion,3,1966,5898,Card,City Center,Returning
2024-08-06 09:00:00,INV3965,Washing Machine,Home Appliances,1,15039,15039,Cash,Riverside,New
2024-09-24 12:00:00,INV3966,Shoes,Fashion,2,2647,5294,Cash,City Center,New
2024-11-10 21:00:00,INV3967,Laptop,Electronics,4,59857,239428,Card,Riverside,New
2024-04-20 05:00:00,INV3968,Mixer Grinder,Home Appliances,3,3367,10101,Online Gateway,Riverside,Returning
2024-10-01 13:00:00,INV3969,Washing Machine,Home Appliances,1,14897,14897,Card,Riverside,New
2024-09-21 17:00:00,INV3970,Notebook,Books,5,51,255,UPI,Riverside,New
2024-03-21 12:00:00,INV3971,Pen Set,Books,2,146,292,UPI,City Center,New
2024-03-14 05:00:00,INV3972,Washing Machine,Home Appliances,3,15061,45183,Cash,City Center,Returning
2024-07-30 21:00:00,INV3973,T-shirt,Fashion,3,627,1881,Card,Riverside,New
2024-08-22 21:00:00,INV3974,Notebook,Books,3,-48,-144,Online Gateway,Riverside,New
2024-02-16 12:00:00,INV3975,Headphones,Electronics,4,1679,6716,Online Gateway,City Center,New
2024-01-21 12:00:00,INV3976,Smartphone,Electronics,1,19882,19882,Cash,Riverside,New
2024-11-24 16:00:00,INV3977,Smartphone,Electronics,2,19933,39866,Online Gateway,City Center,Returning
2024-09-26 18:00:00,INV3978,Pen Set,Books,4,224,896,Online Gateway,City Center,Returning
2024-07-25 14:00:00,INV3979,Shoes,Fashion,5,2424,12120,Cash,City Center,Returning
2024-04-24 07:00:00,INV3980,Washing Machine,Home Appliances,1,14973,14973,Card,Riverside,New
2024-11-23 18:00:00,INV3981,Microwave,Home Appliances,5,7078,35390,Online Gateway,Riverside,New
2024-10-25 08:00:00,INV3982,Microwave,Home Appliances,4,7158,28632,Cash,Riverside,Returning
2024-08-15 03:00:00,INV3983,Shoes,Fashion,4,2565,10260,Card,City Center,Returning
2024-08-07 02:00:00,INV3984,Laptop,Electronics,4,60076,240304,Card,City Center,New
2024-12-22 04:00:00,INV3985,Headphones,Electronics,2,1622,3244,UPI,Riverside,New
2024-10-26 10:00:00,INV3986,Smartphone,Electronics,4,20147,80588,UPI,City Center,Returning
2024-09-11 06:00:00,INV3987,Mixer Grinder,Home Appliances,4,3353,13412,UPI,Riverside,New
2024-01-26 19:00:00,INV3988,Pen Set,Books,1,117,117,Card,City Center,New
2024-02-06 18:00:00,INV3989,Jeans,Fashion,5,1803,9015,Online Gateway,City Center,Returning
2024-05-31 18:00:00,INV3990,Shoes,Fashion,4,2619,10476,UPI,City Center,New
2024-02-24 00:00:00,INV3991,Headphones,Electronics,1,1469,1469,Cash,City Center,Returning
2024-12-17 12:00:00,INV3992,Pen Set,Books,5,216,1080,UPI,Riverside,New
2024-04-30 15:00:00,INV3993,T-shirt,Fashion,5,772,3860,Cash,City Center,Returning
2024-10-01 17:00:00,INV3994,Jeans,Fashion,4,1920,7680,Online Gateway,City Center,Returning
2024-02-08 17:00:00,INV3995,Smartphone,Electronics,3,19891,59673,Card,Riverside,Returning
2024-08-11 14:00:00,INV3996,Washing Machine,Home Appliances,4,14900,59600,Card,City Center,Returning
2024-12-28 23:00:00,INV3997,T-shirt,Fashion,4,999,3996,Cash,City Center,Returning
2024-05-13 20:00:00,INV3998,Microwave,Home Appliances,5,7072,35360,Online Gateway,Riverside,New
2024-04-10 09:00:00,INV3999,Novel,Books,5,523,2615,Online Gateway,City Center,New
2024-12-07 15:00:00,INV4000,Jeans,Fashion,5,1895,9475,Card,Riverside,New
2024-05-22 15:00:00,INV4001,Notebook,Books,5,62,310,Cash,Riverside,New
2024-10-17 16:00:00,INV4002,Notebook,Books,2,88,176,Cash,Riverside,New
2024-11-12 10:00:00,INV4003,Notebook,Books,3,286,858,Online Gateway,Riverside,Returning
2024-08-02 22:00:00,INV4004,Notebook,Books,4,191,764,Cash,City Center,New
2024-06-01 19:00:00,INV4005,Headphones,Electronics,3,1577,4731,Card,Riverside,Returning
2024-09-05 21:00:00,INV4006,T-shirt,Fashion,3,693,2079,Online Gateway,Riverside,Returning
2024-09-16 20:00:00,INV4007,Shoes,Fashion,2,2480,4960,UPI,City Center,New
2024-12-10 21:00:00,INV4008,Notebook,Books,2,249,498,UPI,Riverside,New
2024-04-12 20:00:00,INV4009,Shoes,Fashion,5,2593,12965,Cash,Riverside,Returning
2024-09-16 01:00:00,INV4010,Headphones,Electronics,3,1340,4020,UPI,City Center,Returning
2024-05-30 19:00:00,INV4011,Pen Set,Books,4,-59,-236,UPI,Riverside,New
2024-03-09 04:00:00,INV4012,Novel,Books,2,506,1012,Card,City Center,Returning
2024-12-05 19:00:00,INV4013,Mixer Grinder,Home Appliances,5,3700,18500,UPI,City Center,New
2024-05-29 07:00:00,INV4014,Mixer Grinder,Home Appliances,1,3586,3586,Online Gateway,Riverside,Returning
2024-06-16 01:00:00,INV4015,Laptop,Electronics,4,60065,240260,UPI,Riverside,Returning
2024-05-18 14:00:00,INV4016,Laptop,Electronics,5,59964,299820,Online Gateway,Riverside,Returning
2024-12-05 12:00:00,INV4017,Shoes,Fashion,1,2399,2399,UPI,City Center,New
2024-04-02 09:00:00,INV4018,Smartphone,Electronics,4,20106,80424,Online Gateway,City Center,New
2024-07-25 23:00:00,INV4019,Shoes,Fashion,5,2660,13300,UPI,City Center,Returning
2024-04-08 17:00:00,INV4020,Laptop,Electronics,1,59986,59986,Card,Riverside,Returning
2024-05-31 14:00:00,INV4021,Smartphone,Electronics,3,19950,59850,Online Gateway,City Center,Returning
2024-08-26 10:00:00,INV4022,Jeans,Fashion,2,1654,3308,Card,City Center,Returning
2024-07-04 04:00:00,INV4023,Novel,Books,2,514,1028,Online Gateway,City Center,New
2024-11-13 10:00:00,INV4024,Washing Machine,Home Appliances,4,14962,59848,Cash,City Center,Returning
2024-06-13 11:00:00,INV4025,Headphones,Electronics,1,1445,1445,Cash,City Center,Returning
2024-03-10 20:00:00,INV4026,Headphones,Electronics,4,1496,5984,Cash,Riverside,New
2024-02-19 20:00:00,INV4027,Novel,Books,2,687,1374,Online Gateway,City Center,Returning
2024-04-26 03:00:00,INV4028,Jeans,Fashion,2,1720,3440,UPI,Riverside,New
2024-11-05 16:00:00,INV4029,Headphones,Electronics,3,1585,4755,Online Gateway,Riverside,New
2024-11-26 07:00:00,INV4030,Jeans,Fashion,5,1859,9295,Online Gateway,Riverside,Returning
2024-05-18 06:00:00,INV4031,T-shirt,Fashion,3,685,2055,Card,Riverside,Returning
2024-10-05 17:00:00,INV4032,Mixer Grinder,Home Appliances,3,3679,11037,UPI,Riverside,Returning
2024-03-31 16:00:00,INV4033,Jeans,Fashion,3,1964,5892,UPI,City Center,New
2024-06-04 23:00:00,INV4034,T-shirt,Fashion,5,660,3300,Cash,Riverside,Returning
2024-07-03 06:00:00,INV4035,Laptop,Electronics,2,59803,119606,Cash,City Center,New
2024-06-08 08:00:00,INV4036,T-shirt,Fashion,3,927,2781,Card,City Center,New
2024-04-12 03:00:00,INV4037,Shoes,Fashion,2,2629,5258,Cash,Riverside,Returning
2024-01-27 04:00:00,INV4038,Smartphone,Electronics,2,19802,39604,UPI,Riverside,Returning
2024-11-20 02:00:00,INV4039,Laptop,Electronics,5,59904,299520,Online Gateway,City Center,New
2024-06-03 00:00:00,INV4040,T-shirt,Fashion,3,745,2235,Online Gateway,Riverside,Returning
2024-06-02 02:00:00,INV4041,Headphones,Electronics,4,1653,6612,Card,Riverside,Returning
2024-06-12 17:00:00,INV4042,Notebook,Books,4,268,1072,UPI,Riverside,New
2024-04-25 05:00:00,INV4043,Pen Set,Books,1,-84,-84,UPI,City Center,Returning
2024-07-01 01:00:00,INV4044,T-shirt,Fashion,2,635,1270,Card,City Center,New
2024-12-12 03:00:00,INV4045,Pen Set,Books,2,-53,-106,Cash,City Center,New
2024-07-25 12:00:00,INV4046,Novel,Books,2,630,1260,Cash,Riverside,New
2024-01-29 20:00:00,INV4047,Laptop,Electronics,4,60178,240712,Cash,City Center,New
2024-05-11 18:00:00,INV4048,Washing Machine,Home Appliances,3,15050,45150,Card,City Center,Returning
2024-02-16 01:00:00,INV4049,Jeans,Fashion,1,1872,1872,Card,Riverside,Returning
2024-05-05 08:00:00,INV4050,Mixer Grinder,Home Appliances,1,3640,3640,Online Gateway,City Center,New
2024-03-31 01:00:00,INV4051,Jeans,Fashion,4,1837,7348,UPI,Riverside,Returning
2024-12-13 17:00:00,INV4052,Mixer Grinder,Home Appliances,3,3547,10641,Card,Riverside,New
2024-06-03 03:00:00,INV4053,Novel,Books,1,466,466,Card,City Center,Returning
2024-06-06 18:00:00,INV4054,Washing Machine,Home Appliances,5,14923,74615,Cash,Riverside,New
2024-06-24 00:00:00,INV4055,Mixer Grinder,Home Appliances,2,3667,7334,Online Gateway,City Center,Returning
2024-03-20 17:00:00,INV4056,Headphones,Electronics,1,1534,1534,Card,City Center,Returning
2024-08-18 00:00:00,INV4057,Pen Set,Books,2,139,278,Card,City Center,Returning
2024-03-14 20:00:00,INV4058,Headphones,Electronics,2,1379,2758,Card,Riverside,New
2024-04-25 20:00:00,INV4059,Smartphone,Electronics,4,19967,79868,Cash,Riverside,New
2024-11-05 07:00:00,INV4060,Mixer Grinder,Home Appliances,5,3373,16865,Card,City Center,Returning
2024-04-29 15:00:00,INV4061,Notebook,Books,3,259,777,Card,City Center,Returning
2024-01-28 12:00:00,INV4062,Mixer Grinder,Home Appliances,3,3436,10308,Online Gateway,City Center,Returning
2024-09-17 02:00:00,INV4063,Pen Set,Books,4,227,908,Online Gateway,City Center,New
2024-02-17 04:00:00,INV4064,Washing Machine,Home Appliances,3,14926,44778,Cash,Riverside,Returning
2024-01-30 03:00:00,INV4065,T-shirt,Fashion,5,996,4980,Online Gateway,City Center,New
2024-11-07 06:00:00,INV4066,Microwave,Home Appliances,5,7098,35490,Online Gateway,City Center,New
2024-09-19 09:00:00,INV4067,Novel,Books,2,525,1050,Cash,City Center,New
2024-11-21 12:00:00,INV4068,Jeans,Fashion,2,1941,3882,Online Gateway,Riverside,New
2024-07-08 21:00:00,INV4069,Shoes,Fashion,4,2662,10648,UPI,City Center,New
2024-03-31 19:00:00,INV4070,Headphones,Electronics,2,1314,2628,Cash,City Center,Returning
2024-12-10 19:00:00,INV4071,Washing Machine,Home Appliances,1,15080,15080,Card,City Center,New
2024-02-29 06:00:00,INV4072,Laptop,Electronics,3,60189,180567,Online Gateway,Riverside,Returning
2024-05-12 12:00:00,INV4073,Jeans,Fashion,2,1954,3908,UPI,Riverside,New
2024-06-28 20:00:00,INV4074,Shoes,Fashion,5,2501,12505,Cash,City Center,New
2024-10-06 00:00:00,INV4075,Laptop,Electronics,3,59954,179862,Card,Riverside,New
2024-01-26 14:00:00,INV4076,Novel,Books,5,464,2320,Cash,Riverside,New
2024-07-09 10:00:00,INV4077,Jeans,Fashion,2,1707,3414,Cash,City Center,New
2024-01-12 06:00:00,INV4078,Notebook,Books,5,-15,-75,UPI,City Center,New
2024-04-12 20:00:00,INV4079,T-shirt,Fashion,2,844,1688,UPI,City Center,New
2024-05-30 07:00:00,INV4080,Novel,Books,2,302,604,Online Gateway,Riverside,New
2024-05-08 03:00:00,INV4081,Shoes,Fashion,5,2555,12775,Cash,City Center,New
2024-01-13 01:00:00,INV4082,Washing Machine,Home Appliances,1,15124,15124,Card,City Center,New
2024-12-04 08:00:00,INV4083,Shoes,Fashion,2,2360,4720,Online Gateway,Riverside,Returning
2024-10-02 14:00:00,INV4084,Notebook,Books,2,-73,-146,Cash,City Center,New
2024-05-15 12:00:00,INV4085,Smartphone,Electronics,4,20006,80024,Cash,City Center,New
2024-11-04 23:00:00,INV4086,Laptop,Electronics,1,60116,60116,Cash,Riverside,New
2024-10-09 03:00:00,INV4087,Pen Set,Books,3,188,564,Online Gateway,City Center,New
2024-01-12 14:00:00,INV4088,Novel,Books,2,318,636,UPI,City Center,Returning
2024-01-25 04:00:00,INV4089,Washing Machine,Home Appliances,3,14906,44718,Cash,City Center,Returning
2024-07-25 14:00:00,INV4090,Notebook,Books,3,297,891,Cash,City Center,Returning
2024-12-17 21:00:00,INV4091,Headphones,Electronics,1,1346,1346,UPI,City Center,Returning
2024-06-27 04:00:00,INV4092,Notebook,Books,5,-29,-145,UPI,City Center,Returning
2024-11-29 05:00:00,INV4093,Headphones,Electronics,2,1605,3210,UPI,Riverside,New
2024-07-18 00:00:00,INV4094,Laptop,Electronics,5,59899,299495,UPI,Riverside,Returning
2024-02-04 08:00:00,INV4095,Smartphone,Electronics,1,19909,19909,UPI,City Center,Returning
2024-06-08 16:00:00,INV4096,Laptop,Electronics,1,59917,59917,Online Gateway,City Center,New
2024-08-14 21:00:00,INV4097,T-shirt,Fashion,2,817,1634,UPI,Riverside,Returning
2024-02-27 12:00:00,INV4098,Washing Machine,Home Appliances,3,15190,45570,Card,City Center,New
2024-09-29 06:00:00,INV4099,T-shirt,Fashion,1,980,980,Card,City Center,New
2024-05-11 12:00:00,INV4100,Microwave,Home Appliances,1,7016,7016,Cash,Riverside,New
2024-06-28 11:00:00,INV4101,Microwave,Home Appliances,2,7085,14170,Online Gateway,Riverside,New
2024-08-22 18:00:00,INV4102,Headphones,Electronics,5,1617,8085,Cash,Riverside,New
2024-12-23 07:00:00,INV4103,Washing Machine,Home Appliances,4,15102,60408,Cash,Riverside,New
2024-08-30 02:00:00,INV4104,Headphones,Electronics,2,1444,2888,Cash,Riverside,Returning
2024-12-21 13:00:00,INV4105,T-shirt,Fashion,2,950,1900,Cash,City Center,Returning
2024-09-04 06:00:00,INV4106,Laptop,Electronics,2,59830,119660,Cash,City Center,Returning
2024-05-09 13:00:00,INV4107,Washing Machine,Home Appliances,4,15088,60352,Online Gateway,Riverside,Returning
2024-06-19 02:00:00,INV4108,T-shirt,Fashion,5,633,3165,UPI,Riverside,Returning
2024-05-15 00:00:00,INV4109,Jeans,Fashion,3,1817,5451,Card,City Center,Returning
2024-09-08 04:00:00,INV4110,Microwave,Home Appliances,1,6870,6870,UPI,Riverside,Returning
2024-03-18 01:00:00,INV4111,Laptop,Electronics,1,59822,59822,Cash,City Center,New
2024-12-20 01:00:00,INV4112,Laptop,Electronics,2,59813,119626,Online Gateway,City Center,New
2024-04-24 13:00:00,INV4113,Microwave,Home Appliances,4,6941,27764,Cash,Riverside,New
2024-10-05 08:00:00,INV4114,Washing Machine,Home Appliances,5,14821,74105,Cash,City Center,Returning
2024-01-09 13:00:00,INV4115,Microwave,Home Appliances,1,6875,6875,Cash,City Center,Returning
2024-11-02 08:00:00,INV4116,Pen Set,Books,1,87,87,Cash,City Center,New
2024-07-10 07:00:00,INV4117,Washing Machine,Home Appliances,4,14852,59408,Card,City Center,Returning
2024-05-23 18:00:00,INV4118,Pen Set,Books,2,20,40,Cash,City Center,Returning
2024-10-27 14:00:00,INV4119,Jeans,Fashion,5,1741,8705,Online Gateway,Riverside,New
2024-06-07 19:00:00,INV4120,Washing Machine,Home Appliances,2,14858,29716,Card,City Center,New
2024-08-02 05:00:00,INV4121,Novel,Books,4,393,1572,UPI,Riverside,Returning
2024-12-20 05:00:00,INV4122,Washing Machine,Home Appliances,4,15105,60420,UPI,Riverside,New
2024-04-22 20:00:00,INV4123,Shoes,Fashion,1,2587,2587,Cash,Riverside,New
2024-03-23 23:00:00,INV4124,Notebook,Books,2,210,420,Online Gateway,City Center,Returning
2024-12-18 15:00:00,INV4125,T-shirt,Fashion,4,801,3204,Online Gateway,City Center,New
2024-05-16 09:00:00,INV4126,Jeans,Fashion,5,1632,8160,Card,City Center,Returning
2024-07-08 02:00:00,INV4127,Laptop,Electronics,1,59829,59829,UPI,Riverside,Returning
2024-12-29 00:00:00,INV4128,Washing Machine,Home Appliances,1,14959,14959,UPI,City Center,New
2024-06-04 02:00:00,INV4129,Smartphone,Electronics,1,20028,20028,Online Gateway,Riverside,New
2024-05-27 23:00:00,INV4130,T-shirt,Fashion,1,610,610,UPI,City Center,New
2024-04-28 00:00:00,INV4131,Pen Set,Books,5,237,1185,UPI,City Center,Returning
2024-08-24 15:00:00,INV4132,Shoes,Fashion,1,2462,2462,Card,City Center,Returning
2024-10-01 03:00:00,INV4133,Novel,Books,5,556,2780,Cash,Riverside,Returning
2024-01-07 08:00:00,INV4134,Washing Machine,Home Appliances,5,15070,75350,Online Gateway,City Center,New
2024-08-27 18:00:00,INV4135,Shoes,Fashion,4,2602,10408,Online Gateway,City Center,Returning
2024-04-26 16:00:00,INV4136,Washing Machine,Home Appliances,5,15084,75420,UPI,City Center,Returning
2024-08-09 06:00:00,INV4137,Washing Machine,Home Appliances,1,14876,14876,Card,Riverside,Returning
2024-04-18 18:00:00,INV4138,Laptop,Electronics,4,60045,240180,UPI,City Center,New
2024-02-16 00:00:00,INV4139,Headphones,Electronics,3,1523,4569,Card,City Center,Returning
2024-11-02 17:00:00,INV4140,Novel,Books,5,358,1790,Online Gateway,City Center,New
2024-06-23 23:00:00,INV4141,Pen Set,Books,3,-66,-198,Online Gateway,City Center,New
2024-06-09 14:00:00,INV4142,Shoes,Fashion,4,2326,9304,Online Gateway,City Center,New
2024-10-29 15:00:00,INV4143,Smartphone,Electronics,4,19828,79312,Card,City Center,Returning
2024-03-20 18:00:00,INV4144,Smartphone,Electronics,5,19842,99210,Card,Riverside,Returning
2024-11-02 21:00:00,INV4145,Headphones,Electronics,1,1342,1342,Online Gateway,City Center,Returning
2024-05-08 00:00:00,INV4146,Notebook,Books,5,-85,-425,Cash,Riverside,Returning
2024-01-17 22:00:00,INV4147,T-shirt,Fashion,5,670,3350,Card,City Center,Returning
2024-01-07 22:00:00,INV4148,Jeans,Fashion,5,1862,9310,Card,Riverside,Returning
2024-01-22 04:00:00,INV4149,Microwave,Home Appliances,1,7076,7076,Card,City Center,New
2024-03-10 05:00:00,INV4150,T-shirt,Fashion,5,623,3115,Online Gateway,Riverside,Returning
2024-06-01 16:00:00,INV4151,Microwave,Home Appliances,1,6892,6892,Card,Riverside,New
2024-05-25 09:00:00,INV4152,T-shirt,Fashion,5,806,4030,Cash,City Center,New
2024-01-29 08:00:00,INV4153,Mixer Grinder,Home Appliances,4,3645,14580,UPI,City Center,Returning
2024-04-15 04:00:00,INV4154,Mixer Grinder,Home Appliances,5,3377,16885,Online Gateway,Riverside,Returning
2024-03-29 08:00:00,INV4155,Notebook,Books,1,36,36,Cash,Riverside,New
2024-08-07 04:00:00,INV4156,Pen Set,Books,1,-18,-18,Cash,Riverside,New
2024-06-30 13:00:00,INV4157,Jeans,Fashion,4,1622,6488,Online Gateway,City Center,New
2024-02-26 19:00:00,INV4158,Microwave,Home Appliances,3,7145,21435,Card,Riverside,Returning
2024-04-05 12:00:00,INV4159,Jeans,Fashion,1,1998,1998,Online Gateway,Riverside,New
2024-03-05 02:00:00,INV4160,T-shirt,Fashion,1,909,909,Online Gateway,Riverside,Returning
2024-05-22 00:00:00,INV4161,Washing Machine,Home Appliances,5,14927,74635,UPI,Riverside,New
2024-11-18 14:00:00,INV4162,T-shirt,Fashion,4,861,3444,UPI,City Center,New
2024-12-30 16:00:00,INV4163,Microwave,Home Appliances,1,6878,6878,UPI,City Center,Returning
2024-03-20 07:00:00,INV4164,Headphones,Electronics,2,1482,2964,Card,Riverside,Returning
2024-01-08 06:00:00,INV4165,Mixer Grinder,Home Appliances,5,3364,16820,Cash,City Center,Returning
2024-04-02 22:00:00,INV4166,Mixer Grinder,Home Appliances,4,3572,14288,Card,City Center,Returning
2024-06-27 15:00:00,INV4167,Headphones,Electronics,3,1502,4506,Online Gateway,City Center,Returning
2024-06-22 08:00:00,INV4168,Novel,Books,5,334,1670,Online Gateway,City Center,New
2024-10-23 02:00:00,INV4169,Smartphone,Electronics,3,19837,59511,Card,City Center,New
2024-05-12 03:00:00,INV4170,Jeans,Fashion,5,1927,9635,Card,City Center,Returning
2024-03-06 07:00:00,INV4171,Smartphone,Electronics,2,19909,39818,Online Gateway,Riverside,New
2024-02-17 23:00:00,INV4172,Jeans,Fashion,2,1727,3454,Cash,Riverside,Returning
2024-11-13 11:00:00,INV4173,Mixer Grinder,Home Appliances,5,3348,16740,Online Gateway,Riverside,New
2024-09-08 09:00:00,INV4174,Headphones,Electronics,3,1442,4326,UPI,Riverside,New
2024-12-22 16:00:00,INV4175,T-shirt,Fashion,1,915,915,Cash,Riverside,Returning
2024-07-25 02:00:00,INV4176,Notebook,Books,1,-2,-2,UPI,Riverside,New
2024-12-09 02:00:00,INV4177,Novel,Books,4,505,2020,Cash,Riverside,Returning
2024-03-20 11:00:00,INV4178,Pen Set,Books,1,245,245,Card,Riverside,New
2024-05-25 10:00:00,INV4179,Mixer Grinder,Home Appliances,5,3673,18365,Cash,Riverside,Returning
2024-04-15 15:00:00,INV4180,Mixer Grinder,Home Appliances,2,3349,6698,UPI,City Center,Returning
2024-06-22 21:00:00,INV4181,T-shirt,Fashion,4,864,3456,Cash,City Center,Returning
2024-02-23 21:00:00,INV4182,Novel,Books,2,501,1002,Online Gateway,Riverside,Returning
2024-07-17 17:00:00,INV4183,Novel,Books,5,616,3080,Card,Riverside,Returning
2024-07-18 20:00:00,INV4184,T-shirt,Fashion,5,795,3975,UPI,City Center,Returning
2024-10-13 07:00:00,INV4185,Jeans,Fashion,5,1733,8665,UPI,City Center,New
2024-05-03 20:00:00,INV4186,Smartphone,Electronics,5,19869,99345,Card,City Center,Returning
2024-06-12 10:00:00,INV4187,Jeans,Fashion,2,1956,3912,Online Gateway,City Center,Returning
2024-07-27 05:00:00,INV4188,Smartphone,Electronics,1,20042,20042,Cash,Riverside,New
2024-10-20 00:00:00,INV4189,Shoes,Fashion,5,2575,12875,Online Gateway,City Center,Returning
2024-02-11 08:00:00,INV4190,Jeans,Fashion,2,1810,3620,Card,City Center,Returning
2024-12-04 00:00:00,INV4191,Jeans,Fashion,3,1906,5718,Cash,Riverside,Returning
2024-08-08 07:00:00,INV4192,Laptop,Electronics,1,59812,59812,UPI,City Center,Returning
2024-04-03 08:00:00,INV4193,Mixer Grinder,Home Appliances,5,3428,17140,Card,City Center,Returning
2024-03-02 12:00:00,INV4194,Washing Machine,Home Appliances,4,15149,60596,UPI,Riverside,Returning
2024-09-24 18:00:00,INV4195,Microwave,Home Appliances,4,6825,27300,UPI,Riverside,Returning
2024-01-17 05:00:00,INV4196,Headphones,Electronics,1,1459,1459,UPI,Riverside,Returning
2024-02-11 15:00:00,INV4197,Microwave,Home Appliances,4,6974,27896,Cash,Riverside,Returning
2024-03-18 07:00:00,INV4198,Jeans,Fashion,2,1698,3396,Cash,Riverside,New
2024-12-04 13:00:00,INV4199,Shoes,Fashion,3,2432,7296,Online Gateway,Riverside,New
2024-04-25 03:00:00,INV4200,Notebook,Books,2,294,588,Online Gateway,Riverside,Returning
2024-06-01 15:00:00,INV4201,Laptop,Electronics,1,60003,60003,UPI,Riverside,New
2024-07-26 18:00:00,INV4202,Laptop,Electronics,1,60155,60155,Online Gateway,City Center,New
2024-03-02 17:00:00,INV4203,Smartphone,Electronics,2,19877,39754,UPI,City Center,Returning
2024-10-29 08:00:00,INV4204,Washing Machine,Home Appliances,4,15155,60620,Online Gateway,Riverside,Returning
2024-06-04 11:00:00,INV4205,Headphones,Electronics,3,1613,4839,Cash,Riverside,New
2024-10-29 14:00:00,INV4206,Smartphone,Electronics,1,19890,19890,UPI,City Center,New
2024-01-19 19:00:00,INV4207,Jeans,Fashion,5,1728,8640,Online Gateway,City Center,New
2024-05-08 21:00:00,INV4208,Mixer Grinder,Home Appliances,1,3355,3355,Online Gateway,Riverside,Returning
2024-02-06 18:00:00,INV4209,Pen Set,Books,4,136,544,Card,City Center,New
2024-07-02 16:00:00,INV4210,Headphones,Electronics,5,1604,8020,UPI,Riverside,New
2024-06-18 12:00:00,INV4211,T-shirt,Fashion,4,669,2676,Online Gateway,Riverside,New
2024-05-16 13:00:00,INV4212,Notebook,Books,4,-62,-248,Card,City Center,New
2024-12-22 22:00:00,INV4213,Laptop,Electronics,2,60070,120140,UPI,City Center,Returning
2024-11-27 07:00:00,INV4214,Jeans,Fashion,2,1820,3640,UPI,Riverside,New
2024-07-14 10:00:00,INV4215,Microwave,Home Appliances,5,6979,34895,Card,Riverside,Returning
2024-07-10 11:00:00,INV4216,Mixer Grinder,Home Appliances,2,3458,6916,Card,City Center,New
2024-07-08 23:00:00,INV4217,Mixer Grinder,Home Appliances,3,3429,10287,UPI,Riverside,New
2024-10-30 19:00:00,INV4218,Laptop,Electronics,4,59930,239720,UPI,Riverside,Returning
2024-12-06 00:00:00,INV4219,Notebook,Books,4,73,292,Card,City Center,New
2024-01-05 16:00:00,INV4220,Smartphone,Electronics,2,19899,39798,Card,Riverside,Returning
2024-08-01 19:00:00,INV4221,Mixer Grinder,Home Appliances,5,3691,18455,Online Gateway,City Center,Returning
2024-05-13 05:00:00,INV4222,Microwave,Home Appliances,4,7191,28764,Card,City Center,Returning
2024-01-06 19:00:00,INV4223,Notebook,Books,2,150,300,Card,City Center,New
2024-02-29 08:00:00,INV4224,Mixer Grinder,Home Appliances,5,3494,17470,Card,City Center,Returning
2024-05-02 21:00:00,INV4225,Jeans,Fashion,1,1935,1935,Cash,City Center,Returning
2024-05-12 00:00:00,INV4226,Shoes,Fashion,1,2430,2430,UPI,City Center,New
2024-12-28 20:00:00,INV4227,Washing Machine,Home Appliances,5,14917,74585,UPI,City Center,Returning
2024-09-08 19:00:00,INV4228,Novel,Books,2,469,938,Card,Riverside,New
2024-10-18 05:00:00,INV4229,Laptop,Electronics,1,60063,60063,Cash,Riverside,Returning
2024-10-28 12:00:00,INV4230,Microwave,Home Appliances,5,6946,34730,Cash,Riverside,Returning
2024-09-17 21:00:00,INV4231,Headphones,Electronics,3,1430,4290,UPI,Riverside,Returning
2024-02-06 23:00:00,INV4232,T-shirt,Fashion,4,627,2508,Card,Riverside,New
2024-05-09 08:00:00,INV4233,Microwave,Home Appliances,5,7117,35585,Card,Riverside,New
2024-01-03 01:00:00,INV4234,Laptop,Electronics,3,59923,179769,Cash,City Center,Returning
2024-06-13 15:00:00,INV4235,Mixer Grinder,Home Appliances,5,3638,18190,UPI,Riverside,Returning
2024-05-28 08:00:00,INV4236,Novel,Books,5,563,2815,Card,City Center,Returning
2024-01-01 18:00:00,INV4237,Jeans,Fashion,4,1896,7584,Card,Riverside,New
2024-07-19 21:00:00,INV4238,T-shirt,Fashion,4,948,3792,Card,Riverside,Returning
2024-09-21 04:00:00,INV4239,Shoes,Fashion,1,2345,2345,Online Gateway,Riverside,New
2024-12-01 18:00:00,INV4240,T-shirt,Fashion,2,704,1408,Card,Riverside,New
2024-04-18 14:00:00,INV4241,Mixer Grinder,Home Appliances,2,3421,6842,Cash,City Center,New
2024-11-22 22:00:00,INV4242,Notebook,Books,5,155,775,Cash,Riverside,New
2024-12-26 03:00:00,INV4243,Novel,Books,2,388,776,Cash,City Center,New
2024-09-25 00:00:00,INV4244,Headphones,Electronics,1,1322,1322,Cash,City Center,New
2024-06-05 21:00:00,INV4245,Shoes,Fashion,2,2301,4602,Cash,City Center,Returning
2024-04-11 14:00:00,INV4246,Microwave,Home Appliances,4,6994,27976,Cash,City Center,New
2024-09-21 22:00:00,INV4247,Mixer Grinder,Home Appliances,5,3643,18215,Online Gateway,Riverside,New
2024-12-12 15:00:00,INV4248,Laptop,Electronics,5,59842,299210,UPI,City Center,Returning
2024-09-04 13:00:00,INV4249,Washing Machine,Home Appliances,1,14947,14947,Cash,City Center,Returning
2024-11-14 12:00:00,INV4250,Jeans,Fashion,2,1928,3856,Cash,City Center,Returning
2024-07-21 07:00:00,INV4251,T-shirt,Fashion,4,1000,4000,Card,City Center,Returning
2024-09-29 19:00:00,INV4252,T-shirt,Fashion,4,901,3604,UPI,City Center,New
2024-10-26 20:00:00,INV4253,Laptop,Electronics,2,60175,120350,Cash,Riverside,Returning
2024-09-03 07:00:00,INV4254,Headphones,Electronics,1,1489,1489,UPI,Riverside,Returning
2024-09-27 01:00:00,INV4255,Microwave,Home Appliances,1,6969,6969,Cash,City Center,Returning
2024-04-25 01:00:00,INV4256,Washing Machine,Home Appliances,4,15016,60064,UPI,City Center,New
2024-07-04 16:00:00,INV4257,Laptop,Electronics,4,59989,239956,UPI,City Center,New
2024-09-22 01:00:00,INV4258,Pen Set,Books,2,-6,-12,Cash,Riverside,Returning
2024-08-25 05:00:00,INV4259,Smartphone,Electronics,4,20114,80456,UPI,Riverside,New
2024-08-29 04:00:00,INV4260,Mixer Grinder,Home Appliances,5,3307,16535,UPI,City Center,Returning
2024-01-09 09:00:00,INV4261,Washing Machine,Home Appliances,5,14903,74515,UPI,City Center,Returning
2024-09-13 16:00:00,INV4262,Mixer Grinder,Home Appliances,5,3589,17945,Online Gateway,City Center,Returning
2024-01-22 13:00:00,INV4263,Novel,Books,4,307,1228,Card,Riverside,New
2024-11-18 09:00:00,INV4264,Microwave,Home Appliances,5,7149,35745,Online Gateway,City Center,Returning
2024-03-23 20:00:00,INV4265,Laptop,Electronics,3,60102,180306,Online Gateway,City Center,Returning
2024-06-07 10:00:00,INV4266,Microwave,Home Appliances,1,7091,7091,Online Gateway,Riverside,New
2024-08-30 00:00:00,INV4267,Pen Set,Books,5,-29,-145,Card,City Center,New
2024-10-25 10:00:00,INV4268,Headphones,Electronics,4,1659,6636,UPI,Riverside,New
2024-09-17 01:00:00,INV4269,Washing Machine,Home Appliances,1,14954,14954,Cash,City Center,Returning
2024-12-15 23:00:00,INV4270,Headphones,Electronics,1,1536,1536,UPI,Riverside,Returning
2024-08-22 17:00:00,INV4271,Smartphone,Electronics,4,20049,80196,Online Gateway,Riverside,New
2024-08-27 19:00:00,INV4272,Notebook,Books,2,149,298,UPI,Riverside,New
2024-09-19 21:00:00,INV4273,Smartphone,Electronics,1,20077,20077,Card,Riverside,New
2024-06-20 13:00:00,INV4274,Novel,Books,5,506,2530,Card,Riverside,Returning
2024-12-13 17:00:00,INV4275,Headphones,Electronics,2,1372,2744,Online Gateway,Riverside,New
2024-03-04 06:00:00,INV4276,Microwave,Home Appliances,1,7162,7162,UPI,Riverside,Returning
2024-09-13 19:00:00,INV4277,Headphones,Electronics,1,1583,1583,UPI,Riverside,Returning
2024-04-18 08:00:00,INV4278,Microwave,Home Appliances,1,6963,6963,Online Gateway,City Center,New
2024-04-01 11:00:00,INV4279,Novel,Books,2,364,728,UPI,Riverside,New
2024-05-28 02:00:00,INV4280,Pen Set,Books,5,-141,-705,Cash,City Center,Returning
2024-04-28 17:00:00,INV4281,Shoes,Fashion,3,2509,7527,UPI,City Center,Returning
2024-03-13 14:00:00,INV4282,Headphones,Electronics,2,1369,2738,UPI,Riverside,New
2024-02-24 10:00:00,INV4283,Mixer Grinder,Home Appliances,2,3586,7172,UPI,Riverside,New
2024-06-09 09:00:00,INV4284,Laptop,Electronics,1,60048,60048,Card,City Center,Returning
2024-11-09 07:00:00,INV4285,Pen Set,Books,4,-27,-108,Cash,City Center,Returning
2024-06-23 19:00:00,INV4286,Smartphone,Electronics,4,20077,80308,UPI,City Center,Returning
2024-08-03 18:00:00,INV4287,Smartphone,Electronics,1,19979,19979,Cash,City Center,New
2024-04-16 11:00:00,INV4288,Novel,Books,3,300,900,Card,Riverside,New
2024-04-06 01:00:00,INV4289,Notebook,Books,1,61,61,Card,Riverside,New
2024-11-13 11:00:00,INV4290,Pen Set,Books,1,230,230,UPI,City Center,Returning
2024-04-20 02:00:00,INV4291,Laptop,Electronics,5,59869,299345,Card,City Center,New
2024-09-24 01:00:00,INV4292,Microwave,Home Appliances,1,7020,7020,UPI,City Center,New
2024-07-17 05:00:00,INV4293,Microwave,Home Appliances,3,7158,21474,Cash,Riverside,Returning
2024-05-04 18:00:00,INV4294,Pen Set,Books,3,-34,-102,Card,Riverside,Returning
2024-12-30 15:00:00,INV4295,Novel,Books,5,593,2965,Card,Riverside,Returning
2024-02-22 23:00:00,INV4296,Headphones,Electronics,5,1431,7155,UPI,Riverside,New
2024-03-16 13:00:00,INV4297,Washing Machine,Home Appliances,1,15119,15119,Card,Riverside,New
2024-04-12 13:00:00,INV4298,T-shirt,Fashion,5,642,3210,Card,City Center,New
2024-06-20 16:00:00,INV4299,T-shirt,Fashion,3,623,1869,Card,Riverside,Returning
2024-09-12 04:00:00,INV4300,Shoes,Fashion,2,2335,4670,Online Gateway,Riverside,New
2024-12-19 03:00:00,INV4301,Pen Set,Books,3,74,222,UPI,City Center,Returning
2024-07-02 04:00:00,INV4302,Headphones,Electronics,4,1571,6284,Cash,Riverside,Returning
2024-02-04 00:00:00,INV4303,Mixer Grinder,Home Appliances,4,3319,13276,Online Gateway,Riverside,New
2024-10-31 08:00:00,INV4304,Novel,Books,5,412,2060,UPI,Riverside,New
2024-11-01 11:00:00,INV4305,Mixer Grinder,Home Appliances,3,3390,10170,UPI,City Center,Returning
2024-01-04 10:00:00,INV4306,Notebook,Books,3,107,321,Card,City Center,Returning
2024-03-21 00:00:00,INV4307,Jeans,Fashion,1,1828,1828,Online Gateway,Riverside,New
2024-11-21 17:00:00,INV4308,Washing Machine,Home Appliances,3,15029,45087,UPI,Riverside,New
2024-03-28 05:00:00,INV4309,Jeans,Fashion,4,1681,6724,Card,City Center,New
2024-10-21 15:00:00,INV4310,Novel,Books,1,576,576,UPI,Riverside,New
2024-11-27 23:00:00,INV4311,Laptop,Electronics,4,60122,240488,UPI,City Center,New
2024-12-14 15:00:00,INV4312,Shoes,Fashion,1,2342,2342,Cash,Riverside,Returning
2024-08-08 05:00:00,INV4313,Smartphone,Electronics,5,20151,100755,Cash,City Center,Returning
2024-07-24 17:00:00,INV4314,T-shirt,Fashion,4,949,3796,Online Gateway,City Center,New
2024-01-16 09:00:00,INV4315,Headphones,Electronics,1,1507,1507,UPI,City Center,Returning
2024-03-16 18:00:00,INV4316,T-shirt,Fashion,1,949,949,Card,City Center,New
2024-03-28 13:00:00,INV4317,Notebook,Books,2,-7,-14,Online Gateway,Riverside,Returning
2024-05-25 10:00:00,INV4318,Laptop,Electronics,1,59880,59880,Online Gateway,City Center,New
2024-03-15 03:00:00,INV4319,Jeans,Fashion,1,1772,1772,Card,City Center,Returning
2024-11-15 18:00:00,INV4320,Notebook,Books,5,32,160,Online Gateway,Riverside,New
2024-02-26 20:00:00,INV4321,Microwave,Home Appliances,3,6822,20466,Online Gateway,City Center,Returning
2024-10-30 22:00:00,INV4322,Pen Set,Books,2,-84,-168,Online Gateway,City Center,Returning
2024-06-02 04:00:00,INV4323,Pen Set,Books,5,195,975,UPI,City Center,New
2024-04-11 02:00:00,INV4324,Notebook,Books,1,-76,-76,Cash,Riverside,Returning
2024-12-10 08:00:00,INV4325,Notebook,Books,5,10,50,UPI,City Center,New
2024-12-03 01:00:00,INV4326,Pen Set,Books,5,-90,-450,Cash,Riverside,Returning
2024-05-03 10:00:00,INV4327,Headphones,Electronics,1,1409,1409,Online Gateway,City Center,Returning
2024-02-05 19:00:00,INV4328,Smartphone,Electronics,1,20077,20077,UPI,City Center,New
2024-06-21 10:00:00,INV4329,Notebook,Books,3,215,645,Card,Riverside,Returning
2024-04-11 00:00:00,INV4330,Shoes,Fashion,3,2651,7953,UPI,City Center,New
2024-06-16 09:00:00,INV4331,Jeans,Fashion,4,1636,6544,Cash,City Center,Returning
2024-12-22 16:00:00,INV4332,Microwave,Home Appliances,5,7095,35475,Cash,City Center,Returning
2024-12-13 14:00:00,INV4333,Novel,Books,4,580,2320,Cash,City Center,Returning
2024-02-17 06:00:00,INV4334,Pen Set,Books,4,94,376,UPI,City Center,New
2024-08-03 06:00:00,INV4335,Microwave,Home Appliances,5,6936,34680,Card,City Center,New
2024-08-01 07:00:00,INV4336,Novel,Books,3,457,1371,UPI,City Center,New
2024-08-25 06:00:00,INV4337,Laptop,Electronics,4,60051,240204,Online Gateway,Riverside,New
2024-09-12 16:00:00,INV4338,Jeans,Fashion,3,1604,4812,Card,City Center,Returning
2024-08-16 13:00:00,INV4339,Laptop,Electronics,1,60052,60052,Card,Riverside,Returning
2024-06-22 12:00:00,INV4340,T-shirt,Fashion,2,800,1600,Card,Riverside,New
2024-04-07 18:00:00,INV4341,Microwave,Home Appliances,5,6930,34650,Card,City Center,New
2024-07-28 23:00:00,INV4342,Notebook,Books,5,259,1295,Card,City Center,New
2024-07-23 01:00:00,INV4343,T-shirt,Fashion,3,648,1944,Cash,City Center,New
2024-12-09 20:00:00,INV4344,Novel,Books,1,629,629,Online Gateway,City Center,Returning
2024-07-29 01:00:00,INV4345,Shoes,Fashion,1,2626,2626,Online Gateway,Riverside,New
2024-06-11 13:00:00,INV4346,Laptop,Electronics,2,59859,119718,Cash,Riverside,Returning
2024-02-25 17:00:00,INV4347,Microwave,Home Appliances,2,6869,13738,Cash,Riverside,Returning
2024-02-19 08:00:00,INV4348,Microwave,Home Appliances,3,7186,21558,Online Gateway,Riverside,New
2024-07-03 10:00:00,INV4349,Smartphone,Electronics,2,20103,40206,Online Gateway,Riverside,New
2024-03-05 15:00:00,INV4350,Washing Machine,Home Appliances,1,14918,14918,Card,Riverside,New
2024-03-08 21:00:00,INV4351,Laptop,Electronics,2,60034,120068,UPI,Riverside,New
2024-03-04 14:00:00,INV4352,Smartphone,Electronics,3,20036,60108,Online Gateway,City Center,New
2024-02-26 17:00:00,INV4353,Laptop,Electronics,4,59858,239432,Cash,Riverside,New
2024-07-01 02:00:00,INV4354,Shoes,Fashion,5,2303,11515,Card,City Center,Returning
2024-08-08 03:00:00,INV4355,Pen Set,Books,2,-100,-200,Card,City Center,Returning
2024-11-13 02:00:00,INV4356,Mixer Grinder,Home Appliances,1,3567,3567,Online Gateway,City Center,Returning
2024-03-24 01:00:00,INV4357,Novel,Books,1,522,522,Cash,City Center,Returning
2024-02-06 05:00:00,INV4358,Shoes,Fashion,5,2490,12450,UPI,City Center,Returning
2024-02-12 06:00:00,INV4359,Novel,Books,4,653,2612,Online Gateway,City Center,New
2024-01-26 02:00:00,INV4360,Washing Machine,Home Appliances,5,15064,75320,Cash,City Center,Returning
2024-01-29 18:00:00,INV4361,Shoes,Fashion,4,2573,10292,Card,City Center,Returning
2024-12-27 21:00:00,INV4362,Novel,Books,2,560,1120,Online Gateway,City Center,Returning
2024-01-21 09:00:00,INV4363,Jeans,Fashion,3,1627,4881,Cash,City Center,New
2024-10-13 00:00:00,INV4364,Pen Set,Books,4,-67,-268,Cash,City Center,New
2024-10-28 16:00:00,INV4365,Mixer Grinder,Home Appliances,2,3614,7228,UPI,City Center,New
2024-11-20 10:00:00,INV4366,Headphones,Electronics,2,1330,2660,UPI,City Center,Returning
2024-11-30 08:00:00,INV4367,T-shirt,Fashion,4,742,2968,Card,City Center,New
2024-01-13 06:00:00,INV4368,Smartphone,Electronics,4,19984,79936,Card,City Center,New
2024-08-16 16:00:00,INV4369,Pen Set,Books,1,-85,-85,Cash,City Center,New
2024-06-16 19:00:00,INV4370,T-shirt,Fashion,2,712,1424,Card,City Center,Returning
2024-05-01 08:00:00,INV4371,Microwave,Home Appliances,3,6865,20595,Cash,City Center,Returning
2024-07-16 16:00:00,INV4372,Pen Set,Books,2,-129,-258,Card,City Center,Returning
2024-03-19 01:00:00,INV4373,Jeans,Fashion,1,1808,1808,UPI,Riverside,New
2024-05-15 18:00:00,INV4374,Laptop,Electronics,1,59976,59976,Card,Riverside,Returning
2024-04-27 09:00:00,INV4375,Microwave,Home Appliances,3,7003,21009,Cash,City Center,New
2024-12-25 20:00:00,INV4376,Smartphone,Electronics,1,20133,20133,Card,City Center,Returning
2024-05-31 17:00:00,INV4377,Notebook,Books,1,140,140,UPI,Riverside,New
2024-07-04 18:00:00,INV4378,Headphones,Electronics,5,1683,8415,Card,City Center,New
2024-08-09 03:00:00,INV4379,T-shirt,Fashion,2,979,1958,UPI,City Center,Returning
2024-03-26 01:00:00,INV4380,Washing Machine,Home Appliances,2,14877,29754,Cash,City Center,New
2024-01-29 07:00:00,INV4381,Washing Machine,Home Appliances,4,14807,59228,Cash,Riverside,Returning
2024-08-27 02:00:00,INV4382,Mixer Grinder,Home Appliances,3,3513,10539,Online Gateway,Riverside,New
2024-08-24 04:00:00,INV4383,Washing Machine,Home Appliances,2,15158,30316,Online Gateway,City Center,New
2024-11-16 17:00:00,INV4384,Novel,Books,5,501,2505,UPI,Riverside,New
2024-11-30 17:00:00,INV4385,T-shirt,Fashion,5,746,3730,UPI,Riverside,New
2024-01-03 14:00:00,INV4386,Microwave,Home Appliances,4,7000,28000,Card,Riverside,New
2024-11-22 05:00:00,INV4387,Pen Set,Books,2,140,280,Online Gateway,Riverside,New
2024-11-02 08:00:00,INV4388,T-shirt,Fashion,5,792,3960,Card,Riverside,New
2024-10-15 03:00:00,INV4389,Headphones,Electronics,2,1497,2994,Card,Riverside,New
2024-12-12 22:00:00,INV4390,Smartphone,Electronics,3,19875,59625,UPI,City Center,Returning
2024-05-31 20:00:00,INV4391,Notebook,Books,2,278,556,UPI,Riverside,Returning
2024-07-26 02:00:00,INV4392,Notebook,Books,2,-49,-98,Cash,Riverside,New
2024-11-29 11:00:00,INV4393,Pen Set,Books,5,58,290,Card,City Center,Returning
2024-05-16 14:00:00,INV4394,Pen Set,Books,1,186,186,Online Gateway,Riverside,New
2024-10-31 00:00:00,INV4395,Shoes,Fashion,5,2473,12365,Card,City Center,Returning
2024-05-08 02:00:00,INV4396,Microwave,Home Appliances,2,6987,13974,Cash,Riverside,New
2024-12-12 08:00:00,INV4397,Shoes,Fashion,2,2433,4866,Card,City Center,New
2024-11-10 16:00:00,INV4398,Smartphone,Electronics,1,20161,20161,UPI,Riverside,Returning
2024-03-09 05:00:00,INV4399,Laptop,Electronics,3,60168,180504,UPI,Riverside,Returning
2024-07-31 15:00:00,INV4400,Pen Set,Books,4,203,812,UPI,Riverside,Returning
2024-01-27 20:00:00,INV4401,Microwave,Home Appliances,4,7100,28400,UPI,Riverside,New
2024-03-25 16:00:00,INV4402,Jeans,Fashion,2,1823,3646,UPI,Riverside,Returning
2024-04-25 01:00:00,INV4403,Washing Machine,Home Appliances,4,15172,60688,Online Gateway,City Center,Returning
2024-03-27 04:00:00,INV4404,Shoes,Fashion,3,2364,7092,Cash,City Center,Returning
2024-01-11 01:00:00,INV4405,T-shirt,Fashion,3,611,1833,Cash,Riverside,Returning
2024-04-21 04:00:00,INV4406,Mixer Grinder,Home Appliances,1,3474,3474,Card,Riverside,New
2024-02-03 10:00:00,INV4407,Jeans,Fashion,3,1894,5682,Online Gateway,Riverside,Returning
2024-07-29 19:00:00,INV4408,Microwave,Home Appliances,2,6857,13714,Card,City Center,Returning
2024-01-09 03:00:00,INV4409,T-shirt,Fashion,2,722,1444,UPI,City Center,Returning
2024-04-01 03:00:00,INV4410,Headphones,Electronics,4,1362,5448,UPI,City Center,Returning
2024-04-07 02:00:00,INV4411,Notebook,Books,5,198,990,Card,City Center,New
2024-07-20 17:00:00,INV4412,Washing Machine,Home Appliances,1,14954,14954,UPI,Riverside,New
2024-05-30 06:00:00,INV4413,Pen Set,Books,1,81,81,Online Gateway,City Center,Returning
2024-12-18 20:00:00,INV4414,Shoes,Fashion,1,2648,2648,Cash,City Center,New
2024-01-03 12:00:00,INV4415,Microwave,Home Appliances,5,6982,34910,Card,City Center,New
2024-06-12 15:00:00,INV4416,Smartphone,Electronics,3,20173,60519,Online Gateway,City Center,Returning
2024-09-19 08:00:00,INV4417,Jeans,Fashion,2,1707,3414,UPI,Riverside,New
2024-04-17 23:00:00,INV4418,Washing Machine,Home Appliances,5,15035,75175,UPI,Riverside,Returning
2024-12-30 22:00:00,INV4419,Laptop,Electronics,1,60054,60054,Card,City Center,New
2024-09-12 01:00:00,INV4420,Pen Set,Books,5,60,300,UPI,City Center,New
2024-02-20 00:00:00,INV4421,Microwave,Home Appliances,4,7031,28124,Card,Riverside,Returning
2024-04-28 22:00:00,INV4422,Notebook,Books,3,108,324,Card,City Center,Returning
2024-10-19 16:00:00,INV4423,Laptop,Electronics,1,59942,59942,Cash,City Center,Returning
2024-10-17 12:00:00,INV4424,Headphones,Electronics,4,1574,6296,Cash,City Center,Returning
2024-01-06 16:00:00,INV4425,Jeans,Fashion,5,1937,9685,Cash,City Center,New
2024-02-12 21:00:00,INV4426,Headphones,Electronics,4,1649,6596,Card,City Center,New
2024-04-18 02:00:00,INV4427,T-shirt,Fashion,2,763,1526,Online Gateway,City Center,New
2024-10-27 06:00:00,INV4428,Washing Machine,Home Appliances,1,15109,15109,UPI,City Center,New
2024-01-28 13:00:00,INV4429,Shoes,Fashion,4,2570,10280,Cash,Riverside,New
2024-04-13 00:00:00,INV4430,Laptop,Electronics,2,59862,119724,Card,Riverside,Returning
2024-01-04 14:00:00,INV4431,Jeans,Fashion,2,1865,3730,Online Gateway,City Center,New
2024-09-16 03:00:00,INV4432,Novel,Books,2,594,1188,Online Gateway,City Center,Returning
2024-12-05 07:00:00,INV4433,Headphones,Electronics,3,1615,4845,UPI,City Center,New
2024-10-17 08:00:00,INV4434,Headphones,Electronics,2,1377,2754,Online Gateway,City Center,New
2024-04-25 13:00:00,INV4435,Mixer Grinder,Home Appliances,5,3611,18055,Card,City Center,Returning
2024-03-11 20:00:00,INV4436,Jeans,Fashion,4,1953,7812,Card,Riverside,New
2024-04-22 12:00:00,INV4437,Headphones,Electronics,2,1516,3032,Online Gateway,City Center,Returning
2024-10-10 23:00:00,INV4438,Laptop,Electronics,4,60003,240012,Cash,City Center,Returning
2024-03-09 15:00:00,INV4439,Laptop,Electronics,5,59895,299475,Online Gateway,Riverside,New
2024-09-08 14:00:00,INV4440,Mixer Grinder,Home Appliances,2,3402,6804,Online Gateway,City Center,New
2024-08-03 04:00:00,INV4441,Laptop,Electronics,4,59863,239452,Card,Riverside,New
2024-08-18 00:00:00,INV4442,Jeans,Fashion,5,1713,8565,Card,City Center,Returning
2024-06-02 15:00:00,INV4443,Notebook,Books,4,262,1048,UPI,Riverside,Returning
2024-01-25 20:00:00,INV4444,Microwave,Home Appliances,2,6966,13932,Online Gateway,Riverside,New
2024-07-08 09:00:00,INV4445,Headphones,Electronics,2,1410,2820,Card,City Center,New
2024-12-27 12:00:00,INV4446,Pen Set,Books,5,-142,-710,Cash,Riverside,Returning
2024-07-17 05:00:00,INV4447,Headphones,Electronics,3,1586,4758,Card,City Center,New
2024-07-01 16:00:00,INV4448,Pen Set,Books,3,57,171,Cash,Riverside,New
2024-07-16 05:00:00,INV4449,Novel,Books,3,408,1224,UPI,City Center,Returning
2024-10-22 01:00:00,INV4450,Shoes,Fashion,4,2425,9700,Cash,City Center,New
2024-12-28 02:00:00,INV4451,T-shirt,Fashion,4,950,3800,Online Gateway,Riverside,New
2024-10-23 13:00:00,INV4452,Shoes,Fashion,1,2548,2548,UPI,City Center,Returning
2024-07-16 01:00:00,INV4453,Smartphone,Electronics,5,19965,99825,Card,City Center,New
2024-03-10 17:00:00,INV4454,Shoes,Fashion,4,2389,9556,Online Gateway,City Center,Returning
2024-12-12 02:00:00,INV4455,Notebook,Books,4,17,68,Online Gateway,Riverside,Returning
2024-10-26 02:00:00,INV4456,Smartphone,Electronics,3,20174,60522,UPI,Riverside,New
2024-04-05 14:00:00,INV4457,Jeans,Fashion,3,1728,5184,Cash,City Center,New
2024-05-31 06:00:00,INV4458,Jeans,Fashion,1,1819,1819,UPI,City Center,New
2024-01-07 02:00:00,INV4459,Novel,Books,3,468,1404,Online Gateway,Riverside,New
2024-05-23 21:00:00,INV4460,Novel,Books,1,595,595,Online Gateway,City Center,Returning
2024-07-06 19:00:00,INV4461,Microwave,Home Appliances,5,7054,35270,UPI,City Center,New
2024-08-28 23:00:00,INV4462,Microwave,Home Appliances,1,6870,6870,Cash,Riverside,New
2024-11-18 23:00:00,INV4463,Washing Machine,Home Appliances,2,15141,30282,Cash,City Center,Returning
2024-08-22 12:00:00,INV4464,Smartphone,Electronics,2,20173,40346,Cash,City Center,Returning
2024-12-13 00:00:00,INV4465,Smartphone,Electronics,2,20092,40184,Card,Riverside,Returning
2024-05-20 00:00:00,INV4466,Microwave,Home Appliances,5,7090,35450,Online Gateway,Riverside,New
2024-05-05 05:00:00,INV4467,Novel,Books,5,542,2710,Card,City Center,New
2024-05-28 00:00:00,INV4468,Washing Machine,Home Appliances,4,15047,60188,Card,City Center,New
2024-01-01 18:00:00,INV4469,Headphones,Electronics,4,1633,6532,Online Gateway,City Center,Returning
2024-04-03 10:00:00,INV4470,Jeans,Fashion,5,1871,9355,Online Gateway,Riverside,Returning
2024-09-20 06:00:00,INV4471,Shoes,Fashion,2,2623,5246,UPI,City Center,New
2024-07-31 09:00:00,INV4472,Novel,Books,1,622,622,Online Gateway,Riverside,Returning
2024-12-26 00:00:00,INV4473,Shoes,Fashion,1,2562,2562,UPI,City Center,New
2024-03-22 04:00:00,INV4474,Smartphone,Electronics,2,19823,39646,Card,City Center,New
2024-08-22 02:00:00,INV4475,Jeans,Fashion,1,1996,1996,UPI,Riverside,Returning
2024-06-25 12:00:00,INV4476,T-shirt,Fashion,3,888,2664,Online Gateway,Riverside,Returning
2024-10-14 13:00:00,INV4477,Laptop,Electronics,1,59800,59800,Card,Riverside,Returning
2024-03-21 00:00:00,INV4478,Washing Machine,Home Appliances,3,14958,44874,Online Gateway,Riverside,Returning
2024-06-23 12:00:00,INV4479,T-shirt,Fashion,5,829,4145,Online Gateway,Riverside,New
2024-01-10 22:00:00,INV4480,Washing Machine,Home Appliances,2,14997,29994,UPI,Riverside,New
2024-01-09 12:00:00,INV4481,T-shirt,Fashion,3,616,1848,Cash,Riverside,New
2024-08-19 08:00:00,INV4482,Jeans,Fashion,3,1957,5871,Card,Riverside,New
2024-07-24 07:00:00,INV4483,Laptop,Electronics,5,60178,300890,Online Gateway,Riverside,Returning
2024-07-01 22:00:00,INV4484,Novel,Books,2,537,1074,Online Gateway,City Center,New
2024-04-21 23:00:00,INV4485,Notebook,Books,5,232,1160,UPI,City Center,Returning
2024-07-25 07:00:00,INV4486,Shoes,Fashion,3,2405,7215,Cash,Riverside,Returning
2024-09-13 16:00:00,INV4487,Pen Set,Books,1,-59,-59,UPI,Riverside,New
2024-08-12 12:00:00,INV4488,Headphones,Electronics,5,1382,6910,Online Gateway,Riverside,New
2024-08-01 14:00:00,INV4489,Washing Machine,Home Appliances,3,14920,44760,Cash,Riverside,Returning
2024-02-04 00:00:00,INV4490,Mixer Grinder,Home Appliances,5,3586,17930,UPI,Riverside,Returning
2024-01-09 00:00:00,INV4491,T-shirt,Fashion,4,936,3744,Online Gateway,City Center,Returning
2024-03-15 00:00:00,INV4492,Jeans,Fashion,3,1749,5247,Card,Riverside,Returning
2024-05-31 21:00:00,INV4493,Smartphone,Electronics,3,20113,60339,Cash,Riverside,New
2024-09-20 02:00:00,INV4494,Novel,Books,2,661,1322,UPI,Riverside,Returning
2024-12-17 18:00:00,INV4495,T-shirt,Fashion,2,894,1788,UPI,Riverside,Returning
2024-03-15 12:00:00,INV4496,Laptop,Electronics,5,60188,300940,Card,City Center,New
2024-11-03 06:00:00,INV4497,Laptop,Electronics,5,59968,299840,Online Gateway,City Center,Returning
2024-06-03 04:00:00,INV4498,Pen Set,Books,2,144,288,UPI,City Center,New
2024-06-11 05:00:00,INV4499,Headphones,Electronics,1,1304,1304,Online Gateway,City Center,New
2024-10-10 19:00:00,INV4500,Pen Set,Books,2,-92,-184,Online Gateway,City Center,Returning
2024-04-21 15:00:00,INV4501,Jeans,Fashion,3,1865,5595,UPI,City Center,Returning
2024-06-11 16:00:00,INV4502,Notebook,Books,4,89,356,UPI,Riverside,New
2024-10-29 12:00:00,INV4503,Headphones,Electronics,1,1425,1425,Cash,City Center,Returning
2024-01-22 00:00:00,INV4504,T-shirt,Fashion,5,821,4105,UPI,Riverside,New
2024-10-09 05:00:00,INV4505,Headphones,Electronics,5,1414,7070,Cash,City Center,New
2024-06-08 00:00:00,INV4506,Pen Set,Books,3,-96,-288,Card,City Center,New
2024-01-30 21:00:00,INV4507,Pen Set,Books,4,20,80,Online Gateway,Riverside,Returning
2024-07-03 18:00:00,INV4508,Shoes,Fashion,3,2598,7794,UPI,Riverside,New
2024-01-28 10:00:00,INV4509,Mixer Grinder,Home Appliances,4,3340,13360,Card,City Center,Returning
2024-07-29 17:00:00,INV4510,Pen Set,Books,3,132,396,UPI,City Center,Returning
2024-06-16 00:00:00,INV4511,Pen Set,Books,3,53,159,Online Gateway,City Center,New
2024-07-27 02:00:00,INV4512,Smartphone,Electronics,2,20077,40154,UPI,City Center,New
2024-06-25 10:00:00,INV4513,T-shirt,Fashion,2,697,1394,Online Gateway,City Center,New
2024-06-05 20:00:00,INV4514,Laptop,Electronics,2,59899,119798,UPI,Riverside,Returning
2024-07-12 05:00:00,INV4515,Headphones,Electronics,3,1508,4524,Card,City Center,New
2024-03-28 16:00:00,INV4516,T-shirt,Fashion,2,939,1878,Online Gateway,Riverside,Returning
2024-10-10 09:00:00,INV4517,Mixer Grinder,Home Appliances,1,3316,3316,UPI,City Center,Returning
2024-12-23 07:00:00,INV4518,Washing Machine,Home Appliances,5,14825,74125,Card,City Center,Returning
2024-04-18 15:00:00,INV4519,Microwave,Home Appliances,3,6832,20496,Online Gateway,Riverside,New
2024-12-15 09:00:00,INV4520,Laptop,Electronics,3,59906,179718,UPI,City Center,New
2024-06-03 23:00:00,INV4521,Shoes,Fashion,5,2487,12435,Cash,City Center,New
2024-04-17 13:00:00,INV4522,Mixer Grinder,Home Appliances,5,3443,17215,Online Gateway,Riverside,Returning
2024-04-16 21:00:00,INV4523,Headphones,Electronics,4,1684,6736,UPI,City Center,New
2024-04-25 03:00:00,INV4524,Shoes,Fashion,2,2566,5132,Card,City Center,New
2024-09-20 16:00:00,INV4525,Headphones,Electronics,1,1368,1368,UPI,Riverside,New
2024-09-06 15:00:00,INV4526,Shoes,Fashion,2,2305,4610,Card,City Center,New
2024-05-21 22:00:00,INV4527,Shoes,Fashion,3,2509,7527,Online Gateway,Riverside,New
2024-07-18 04:00:00,INV4528,Pen Set,Books,1,193,193,Online Gateway,Riverside,Returning
2024-06-23 01:00:00,INV4529,Laptop,Electronics,4,60018,240072,Card,Riverside,Returning
2024-09-26 20:00:00,INV4530,Jeans,Fashion,2,1983,3966,Cash,City Center,Returning
2024-04-18 12:00:00,INV4531,Notebook,Books,3,7,21,Cash,City Center,New
2024-12-06 21:00:00,INV4532,Shoes,Fashion,5,2584,12920,UPI,Riverside,New
2024-04-09 06:00:00,INV4533,Shoes,Fashion,1,2410,2410,UPI,City Center,New
2024-01-23 03:00:00,INV4534,Headphones,Electronics,5,1451,7255,Online Gateway,City Center,New
2024-09-10 07:00:00,INV4535,Smartphone,Electronics,4,20167,80668,Card,City Center,New
2024-01-27 10:00:00,INV4536,T-shirt,Fashion,1,791,791,Cash,Riverside,Returning
2024-01-01 02:00:00,INV4537,T-shirt,Fashion,5,836,4180,Cash,Riverside,Returning
2024-12-15 21:00:00,INV4538,Jeans,Fashion,3,1811,5433,Cash,City Center,Returning
2024-09-04 23:00:00,INV4539,Laptop,Electronics,4,59984,239936,Card,Riverside,New
2024-08-22 10:00:00,INV4540,Notebook,Books,4,222,888,Card,Riverside,New
2024-11-18 11:00:00,INV4541,Headphones,Electronics,2,1462,2924,Cash,Riverside,Returning
2024-09-07 03:00:00,INV4542,Washing Machine,Home Appliances,5,14944,74720,UPI,City Center,New
2024-04-30 10:00:00,INV4543,Microwave,Home Appliances,2,7121,14242,Card,Riverside,New
2024-09-16 23:00:00,INV4544,Headphones,Electronics,1,1366,1366,Cash,City Center,New
2024-11-30 10:00:00,INV4545,Smartphone,Electronics,5,20034,100170,Cash,City Center,Returning
2024-05-17 18:00:00,INV4546,Pen Set,Books,5,62,310,Cash,City Center,Returning
2024-02-07 09:00:00,INV4547,Laptop,Electronics,4,59949,239796,Cash,City Center,New
2024-01-28 22:00:00,INV4548,Jeans,Fashion,1,1900,1900,UPI,Riverside,New
2024-10-30 19:00:00,INV4549,Novel,Books,3,676,2028,Cash,Riverside,New
2024-03-03 17:00:00,INV4550,Headphones,Electronics,2,1372,2744,Online Gateway,Riverside,Returning
2024-09-26 04:00:00,INV4551,Shoes,Fashion,2,2585,5170,Online Gateway,City Center,New
2024-08-03 07:00:00,INV4552,Laptop,Electronics,3,59948,179844,Card,City Center,New
2024-08-06 23:00:00,INV4553,Washing Machine,Home Appliances,2,14992,29984,UPI,Riverside,Returning
2024-01-11 09:00:00,INV4554,Shoes,Fashion,2,2678,5356,Cash,City Center,New
2024-09-26 01:00:00,INV4555,T-shirt,Fashion,3,754,2262,Online Gateway,City Center,Returning
2024-03-19 20:00:00,INV4556,Mixer Grinder,Home Appliances,5,3555,17775,UPI,City Center,Returning
2024-05-23 07:00:00,INV4557,Microwave,Home Appliances,1,6885,6885,Cash,Riverside,Returning
2024-04-28 22:00:00,INV4558,Mixer Grinder,Home Appliances,3,3336,10008,UPI,City Center,Returning
2024-06-07 00:00:00,INV4559,Microwave,Home Appliances,3,7119,21357,Card,Riverside,Returning
2024-08-10 02:00:00,INV4560,Notebook,Books,2,-19,-38,UPI,Riverside,New
2024-11-23 23:00:00,INV4561,T-shirt,Fashion,2,831,1662,Online Gateway,Riverside,Returning
2024-12-09 03:00:00,INV4562,Headphones,Electronics,2,1483,2966,Card,City Center,Returning
2024-05-30 12:00:00,INV4563,Smartphone,Electronics,4,19978,79912,Cash,City Center,New
2024-04-19 02:00:00,INV4564,Laptop,Electronics,3,60093,180279,Card,City Center,Returning
2024-07-13 22:00:00,INV4565,Smartphone,Electronics,1,19965,19965,Online Gateway,City Center,New
2024-05-11 19:00:00,INV4566,Headphones,Electronics,5,1462,7310,UPI,Riverside,New
2024-05-02 14:00:00,INV4567,Washing Machine,Home Appliances,2,15037,30074,Card,Riverside,New
2024-12-16 11:00:00,INV4568,Novel,Books,3,640,1920,Card,City Center,Returning
2024-03-21 05:00:00,INV4569,Washing Machine,Home Appliances,1,14971,14971,UPI,City Center,Returning
2024-05-03 20:00:00,INV4570,Smartphone,Electronics,2,19904,39808,Cash,City Center,New
2024-02-11 06:00:00,INV4571,Laptop,Electronics,3,60093,180279,Card,City Center,New
2024-03-16 12:00:00,INV4572,Notebook,Books,1,-10,-10,Card,City Center,New
2024-01-21 09:00:00,INV4573,Smartphone,Electronics,3,20183,60549,UPI,City Center,Returning
2024-09-01 20:00:00,INV4574,Mixer Grinder,Home Appliances,2,3522,7044,Online Gateway,Riverside,Returning
2024-05-31 21:00:00,INV4575,T-shirt,Fashion,1,653,653,Cash,Riverside,Returning
2024-10-22 01:00:00,INV4576,Mixer Grinder,Home Appliances,5,3329,16645,Online Gateway,Riverside,Returning
2024-04-30 11:00:00,INV4577,Headphones,Electronics,1,1321,1321,Online Gateway,City Center,Returning
2024-05-26 12:00:00,INV4578,Microwave,Home Appliances,5,7045,35225,Card,Riverside,Returning
2024-05-19 04:00:00,INV4579,Pen Set,Books,4,176,704,Online Gateway,Riverside,Returning
2024-09-24 02:00:00,INV4580,Pen Set,Books,3,246,738,Cash,Riverside,New
2024-01-03 05:00:00,INV4581,Shoes,Fashion,3,2637,7911,Card,City Center,New
2024-04-17 07:00:00,INV4582,Pen Set,Books,4,-76,-304,Card,City Center,New
2024-01-26 15:00:00,INV4583,Headphones,Electronics,1,1456,1456,Cash,City Center,Returning
2024-09-04 16:00:00,INV4584,Headphones,Electronics,5,1429,7145,Card,City Center,Returning
2024-11-04 12:00:00,INV4585,Pen Set,Books,4,111,444,Cash,City Center,Returning
2024-02-09 18:00:00,INV4586,Novel,Books,4,378,1512,Online Gateway,Riverside,New
2024-03-08 21:00:00,INV4587,Notebook,Books,2,163,326,Card,City Center,New
2024-10-12 19:00:00,INV4588,Laptop,Electronics,2,60021,120042,Online Gateway,Riverside,New
2024-05-16 14:00:00,INV4589,Pen Set,Books,2,211,422,Cash,City Center,New
2024-08-15 07:00:00,INV4590,Jeans,Fashion,2,1982,3964,Card,Riverside,New
2024-06-07 09:00:00,INV4591,Mixer Grinder,Home Appliances,4,3396,13584,Cash,City Center,Returning
2024-04-16 17:00:00,INV4592,Notebook,Books,1,67,67,Card,Riverside,New
2024-09-29 11:00:00,INV4593,Mixer Grinder,Home Appliances,2,3581,7162,Cash,Riverside,New
2024-01-16 10:00:00,INV4594,Washing Machine,Home Appliances,5,14887,74435,Cash,City Center,Returning
2024-02-05 17:00:00,INV4595,Washing Machine,Home Appliances,5,15157,75785,Online Gateway,City Center,Returning
2024-07-22 14:00:00,INV4596,Washing Machine,Home Appliances,2,14916,29832,Card,City Center,Returning
2024-11-07 21:00:00,INV4597,Notebook,Books,2,9,18,Online Gateway,Riverside,New
2024-01-16 23:00:00,INV4598,Mixer Grinder,Home Appliances,3,3625,10875,Cash,Riverside,New
2024-06-29 14:00:00,INV4599,Washing Machine,Home Appliances,4,14853,59412,Card,Riverside,Returning
2024-06-27 18:00:00,INV4600,Smartphone,Electronics,1,19838,19838,Card,City Center,New
2024-04-23 13:00:00,INV4601,Shoes,Fashion,2,2667,5334,Card,City Center,New
2024-09-15 12:00:00,INV4602,Jeans,Fashion,2,1836,3672,Cash,Riverside,Returning
2024-09-11 15:00:00,INV4603,Pen Set,Books,1,57,57,Online Gateway,Riverside,Returning
2024-06-26 03:00:00,INV4604,Smartphone,Electronics,1,20016,20016,UPI,City Center,New
2024-02-08 10:00:00,INV4605,Notebook,Books,5,167,835,Cash,Riverside,New
2024-05-01 11:00:00,INV4606,Smartphone,Electronics,5,19865,99325,Online Gateway,Riverside,Returning
2024-11-27 13:00:00,INV4607,Smartphone,Electronics,4,20057,80228,Cash,Riverside,Returning
2024-05-06 22:00:00,INV4608,Novel,Books,5,629,3145,Card,Riverside,Returning
2024-02-21 06:00:00,INV4609,Notebook,Books,4,-9,-36,Cash,City Center,Returning
2024-11-14 15:00:00,INV4610,Washing Machine,Home Appliances,3,15156,45468,Online Gateway,Riverside,New
2024-07-24 13:00:00,INV4611,Novel,Books,3,594,1782,Cash,City Center,Returning
2024-06-13 04:00:00,INV4612,Microwave,Home Appliances,2,6957,13914,Card,Riverside,Returning
2024-09-27 03:00:00,INV4613,Shoes,Fashion,5,2439,12195,Online Gateway,City Center,Returning
2024-01-09 11:00:00,INV4614,Pen Set,Books,3,-81,-243,Cash,Riverside,Returning
2024-01-07 16:00:00,INV4615,Notebook,Books,4,-27,-108,Online Gateway,Riverside,Returning
2024-06-05 04:00:00,INV4616,Smartphone,Electronics,4,20093,80372,Online Gateway,Riverside,New
2024-10-06 22:00:00,INV4617,Mixer Grinder,Home Appliances,1,3583,3583,Online Gateway,Riverside,Returning
2024-04-17 13:00:00,INV4618,T-shirt,Fashion,5,780,3900,UPI,Riverside,Returning
2024-02-15 13:00:00,INV4619,Smartphone,Electronics,5,19899,99495,UPI,City Center,Returning
2024-07-06 12:00:00,INV4620,Microwave,Home Appliances,2,6947,13894,Online Gateway,Riverside,New
2024-08-25 22:00:00,INV4621,Washing Machine,Home Appliances,5,15074,75370,Cash,Riverside,Returning
2024-04-29 19:00:00,INV4622,Novel,Books,5,314,1570,UPI,Riverside,Returning
2024-05-12 23:00:00,INV4623,Laptop,Electronics,5,59885,299425,Online Gateway,City Center,Returning
2024-03-17 13:00:00,INV4624,Headphones,Electronics,1,1316,1316,Card,Riverside,New
2024-01-29 17:00:00,INV4625,Microwave,Home Appliances,1,7003,7003,Online Gateway,Riverside,New
2024-06-05 15:00:00,INV4626,Laptop,Electronics,5,59891,299455,UPI,Riverside,Returning
2024-03-28 15:00:00,INV4627,Mixer Grinder,Home Appliances,1,3694,3694,Card,City Center,New
2024-01-16 05:00:00,INV4628,Notebook,Books,1,68,68,Online Gateway,Riverside,New
2024-12-03 04:00:00,INV4629,Novel,Books,5,677,3385,Online Gateway,Riverside,New
2024-06-22 20:00:00,INV4630,Mixer Grinder,Home Appliances,3,3512,10536,Card,City Center,New
2024-09-08 09:00:00,INV4631,Microwave,Home Appliances,3,6806,20418,Cash,City Center,New
2024-04-09 02:00:00,INV4632,Laptop,Electronics,3,60168,180504,Online Gateway,Riverside,New
2024-02-20 05:00:00,INV4633,Novel,Books,5,482,2410,Card,City Center,Returning
2024-07-26 20:00:00,INV4634,Washing Machine,Home Appliances,3,14849,44547,UPI,City Center,Returning
2024-08-24 05:00:00,INV4635,Mixer Grinder,Home Appliances,3,3521,10563,Online Gateway,City Center,Returning
2024-04-23 23:00:00,INV4636,Pen Set,Books,1,184,184,Cash,Riverside,New
2024-12-19 18:00:00,INV4637,Washing Machine,Home Appliances,1,14815,14815,Cash,City Center,Returning
2024-02-09 20:00:00,INV4638,Jeans,Fashion,1,1624,1624,Card,Riverside,Returning
2024-10-02 23:00:00,INV4639,T-shirt,Fashion,3,667,2001,Cash,Riverside,Returning
2024-03-02 10:00:00,INV4640,T-shirt,Fashion,3,816,2448,Online Gateway,Riverside,New
2024-07-04 20:00:00,INV4641,T-shirt,Fashion,1,793,793,Card,City Center,New
2024-10-18 18:00:00,INV4642,Jeans,Fashion,3,1912,5736,Online Gateway,Riverside,New
2024-09-23 12:00:00,INV4643,Jeans,Fashion,4,1993,7972,Card,City Center,New
2024-04-27 20:00:00,INV4644,Smartphone,Electronics,5,19804,99020,UPI,City Center,New
2024-04-28 18:00:00,INV4645,Notebook,Books,3,125,375,Cash,Riverside,Returning
2024-05-03 12:00:00,INV4646,T-shirt,Fashion,4,799,3196,UPI,Riverside,Returning
2024-07-10 10:00:00,INV4647,Jeans,Fashion,5,1714,8570,Online Gateway,Riverside,New
2024-10-03 20:00:00,INV4648,Smartphone,Electronics,2,20073,40146,Card,Riverside,New
2024-04-28 18:00:00,INV4649,Microwave,Home Appliances,1,6870,6870,UPI,Riverside,Returning
2024-01-07 21:00:00,INV4650,Shoes,Fashion,1,2385,2385,Cash,City Center,New
2024-02-08 07:00:00,INV4651,Washing Machine,Home Appliances,2,15137,30274,Card,City Center,New
2024-12-12 01:00:00,INV4652,Pen Set,Books,4,-29,-116,Card,Riverside,Returning
2024-05-26 00:00:00,INV4653,Headphones,Electronics,4,1695,6780,UPI,City Center,Returning
2024-02-11 07:00:00,INV4654,Mixer Grinder,Home Appliances,3,3664,10992,UPI,Riverside,New
2024-09-08 23:00:00,INV4655,Headphones,Electronics,5,1642,8210,UPI,City Center,Returning
2024-06-08 23:00:00,INV4656,Headphones,Electronics,3,1351,4053,Online Gateway,City Center,Returning
2024-02-22 10:00:00,INV4657,Microwave,Home Appliances,3,7114,21342,Cash,Riverside,New
2024-11-13 01:00:00,INV4658,Laptop,Electronics,3,59826,179478,Cash,Riverside,Returning
2024-12-28 18:00:00,INV4659,Novel,Books,1,432,432,Online Gateway,Riverside,Returning
2024-07-19 04:00:00,INV4660,T-shirt,Fashion,4,717,2868,UPI,City Center,Returning
2024-01-03 19:00:00,INV4661,Headphones,Electronics,3,1524,4572,UPI,City Center,Returning
2024-08-23 20:00:00,INV4662,Smartphone,Electronics,3,20097,60291,UPI,Riverside,New
2024-07-05 14:00:00,INV4663,T-shirt,Fashion,3,908,2724,Card,City Center,Returning
2024-12-08 02:00:00,INV4664,Shoes,Fashion,4,2561,10244,Cash,City Center,New
2024-05-26 17:00:00,INV4665,Smartphone,Electronics,5,19911,99555,Online Gateway,City Center,New
2024-01-24 20:00:00,INV4666,Pen Set,Books,2,-28,-56,Card,Riverside,New
2024-10-22 02:00:00,INV4667,Mixer Grinder,Home Appliances,4,3559,14236,Card,City Center,Returning
2024-11-22 08:00:00,INV4668,Headphones,Electronics,4,1578,6312,Online Gateway,City Center,New
2024-08-12 19:00:00,INV4669,T-shirt,Fashion,5,822,4110,Card,Riverside,New
2024-04-04 02:00:00,INV4670,Jeans,Fashion,2,1662,3324,Online Gateway,Riverside,Returning
2024-09-08 15:00:00,INV4671,Jeans,Fashion,2,1767,3534,Card,Riverside,New
2024-01-28 02:00:00,INV4672,Smartphone,Electronics,5,20089,100445,Cash,Riverside,Returning
2024-08-27 05:00:00,INV4673,Notebook,Books,4,-4,-16,UPI,Riverside,Returning
2024-10-11 22:00:00,INV4674,Microwave,Home Appliances,1,7176,7176,Online Gateway,Riverside,Returning
2024-04-17 19:00:00,INV4675,Headphones,Electronics,5,1503,7515,Cash,Riverside,New
2024-11-24 04:00:00,INV4676,Shoes,Fashion,4,2369,9476,UPI,Riverside,Returning
2024-05-15 22:00:00,INV4677,T-shirt,Fashion,3,626,1878,Cash,City Center,New
2024-02-25 18:00:00,INV4678,Laptop,Electronics,5,60104,300520,UPI,Riverside,New
2024-07-27 04:00:00,INV4679,Novel,Books,1,572,572,Card,Riverside,New
2024-08-28 20:00:00,INV4680,Smartphone,Electronics,1,20076,20076,Online Gateway,Riverside,Returning
2024-04-27 19:00:00,INV4681,Headphones,Electronics,3,1499,4497,UPI,Riverside,Returning
2024-08-06 00:00:00,INV4682,Novel,Books,3,524,1572,Card,Riverside,Returning
2024-04-02 09:00:00,INV4683,Jeans,Fashion,5,1778,8890,Card,City Center,New
2024-05-27 11:00:00,INV4684,Headphones,Electronics,2,1336,2672,Online Gateway,Riverside,New
2024-11-22 21:00:00,INV4685,Headphones,Electronics,3,1570,4710,Card,Riverside,New
2024-07-01 15:00:00,INV4686,Microwave,Home Appliances,1,6968,6968,UPI,Riverside,Returning
2024-05-03 09:00:00,INV4687,Smartphone,Electronics,3,19905,59715,Online Gateway,Riverside,New
2024-05-14 10:00:00,INV4688,Mixer Grinder,Home Appliances,4,3567,14268,Cash,City Center,New
2024-10-11 21:00:00,INV4689,Pen Set,Books,2,176,352,Cash,City Center,Returning
2024-10-19 23:00:00,INV4690,Washing Machine,Home Appliances,5,14858,74290,Cash,City Center,Returning
2024-06-03 20:00:00,INV4691,Mixer Grinder,Home Appliances,1,3440,3440,UPI,City Center,New
2024-05-22 06:00:00,INV4692,Pen Set,Books,5,186,930,Card,City Center,Returning
2024-03-01 08:00:00,INV4693,Microwave,Home Appliances,5,6824,34120,UPI,Riverside,New
2024-01-24 18:00:00,INV4694,Mixer Grinder,Home Appliances,4,3516,14064,Card,City Center,Returning
2024-05-01 00:00:00,INV4695,Smartphone,Electronics,3,20181,60543,Cash,Riverside,New
2024-04-14 09:00:00,INV4696,Notebook,Books,3,-1,-3,Card,Riverside,New
2024-02-08 05:00:00,INV4697,Pen Set,Books,1,-88,-88,Card,City Center,New
2024-10-17 22:00:00,INV4698,Shoes,Fashion,5,2364,11820,Online Gateway,Riverside,New
2024-11-05 11:00:00,INV4699,Notebook,Books,3,78,234,Cash,City Center,Returning
2024-09-21 00:00:00,INV4700,Laptop,Electronics,5,59830,299150,UPI,City Center,New
2024-03-10 22:00:00,INV4701,Laptop,Electronics,3,59967,179901,Cash,City Center,Returning
2024-01-26 15:00:00,INV4702,Shoes,Fashion,4,2405,9620,Online Gateway,City Center,Returning
2024-10-22 06:00:00,INV4703,Pen Set,Books,5,104,520,Card,Riverside,Returning
2024-07-16 21:00:00,INV4704,Headphones,Electronics,4,1340,5360,Card,Riverside,Returning
2024-05-26 01:00:00,INV4705,Novel,Books,2,407,814,UPI,City Center,New
2024-07-07 17:00:00,INV4706,Pen Set,Books,1,170,170,UPI,Riverside,Returning
2024-02-17 07:00:00,INV4707,Smartphone,Electronics,3,20124,60372,UPI,Riverside,New
2024-12-22 22:00:00,INV4708,Smartphone,Electronics,3,19997,59991,Online Gateway,City Center,Returning
2024-10-28 02:00:00,INV4709,Novel,Books,2,482,964,UPI,City Center,New
2024-08-03 02:00:00,INV4710,Washing Machine,Home Appliances,3,14926,44778,Online Gateway,City Center,New
2024-01-09 14:00:00,INV4711,Mixer Grinder,Home Appliances,2,3541,7082,Online Gateway,City Center,Returning
2024-07-22 03:00:00,INV4712,Laptop,Electronics,2,60078,120156,Online Gateway,Riverside,Returning
2024-02-24 23:00:00,INV4713,Laptop,Electronics,3,59927,179781,UPI,City Center,New
2024-02-17 13:00:00,INV4714,Washing Machine,Home Appliances,3,14931,44793,Cash,Riverside,New
2024-07-11 19:00:00,INV4715,Laptop,Electronics,1,60119,60119,Online Gateway,Riverside,New
2024-11-03 21:00:00,INV4716,Jeans,Fashion,5,1925,9625,UPI,Riverside,Returning
2024-04-22 02:00:00,INV4717,Laptop,Electronics,3,59863,179589,Cash,City Center,New
2024-11-01 03:00:00,INV4718,Headphones,Electronics,4,1409,5636,Cash,Riverside,New
2024-05-15 15:00:00,INV4719,Microwave,Home Appliances,4,6906,27624,Online Gateway,City Center,New
2024-12-11 01:00:00,INV4720,T-shirt,Fashion,3,946,2838,UPI,Riverside,New
2024-08-05 05:00:00,INV4721,Mixer Grinder,Home Appliances,5,3417,17085,UPI,City Center,New
2024-06-20 04:00:00,INV4722,Novel,Books,4,594,2376,Cash,Riverside,Returning
2024-05-05 20:00:00,INV4723,Washing Machine,Home Appliances,3,15155,45465,Cash,City Center,New
2024-03-18 09:00:00,INV4724,Mixer Grinder,Home Appliances,5,3690,18450,UPI,Riverside,Returning
2024-04-26 05:00:00,INV4725,Jeans,Fashion,3,1657,4971,Card,Riverside,Returning
2024-06-10 11:00:00,INV4726,Headphones,Electronics,4,1363,5452,Online Gateway,Riverside,New
2024-11-12 21:00:00,INV4727,Laptop,Electronics,4,60083,240332,Cash,City Center,Returning
2024-12-04 23:00:00,INV4728,T-shirt,Fashion,1,703,703,UPI,City Center,New
2024-09-09 07:00:00,INV4729,Mixer Grinder,Home Appliances,4,3405,13620,Online Gateway,Riverside,Returning
2024-06-10 18:00:00,INV4730,Mixer Grinder,Home Appliances,2,3674,7348,Card,City Center,Returning
2024-10-25 23:00:00,INV4731,T-shirt,Fashion,4,830,3320,Cash,Riverside,New
2024-10-24 01:00:00,INV4732,Shoes,Fashion,1,2609,2609,Cash,City Center,Returning
2024-07-28 05:00:00,INV4733,Shoes,Fashion,5,2626,13130,Online Gateway,City Center,New
2024-07-16 07:00:00,INV4734,Mixer Grinder,Home Appliances,2,3502,7004,Card,Riverside,Returning
2024-04-09 11:00:00,INV4735,Headphones,Electronics,1,1434,1434,Cash,City Center,New
2024-10-01 06:00:00,INV4736,Smartphone,Electronics,5,19817,99085,UPI,Riverside,Returning
2024-09-01 10:00:00,INV4737,Headphones,Electronics,1,1437,1437,UPI,City Center,New
2024-04-16 22:00:00,INV4738,Laptop,Electronics,4,60153,240612,UPI,City Center,New
2024-02-10 15:00:00,INV4739,Headphones,Electronics,3,1490,4470,Card,City Center,New
2024-10-27 12:00:00,INV4740,Novel,Books,4,665,2660,UPI,City Center,New
2024-02-22 14:00:00,INV4741,Headphones,Electronics,3,1578,4734,Online Gateway,City Center,Returning
2024-07-29 07:00:00,INV4742,Headphones,Electronics,4,1430,5720,Online Gateway,City Center,New
2024-11-03 14:00:00,INV4743,Headphones,Electronics,3,1340,4020,Online Gateway,Riverside,New
2024-09-16 15:00:00,INV4744,Headphones,Electronics,3,1307,3921,UPI,City Center,New
2024-05-18 15:00:00,INV4745,Washing Machine,Home Appliances,1,14855,14855,Cash,City Center,New
2024-08-22 14:00:00,INV4746,T-shirt,Fashion,4,869,3476,Online Gateway,City Center,Returning
2024-04-04 03:00:00,INV4747,Shoes,Fashion,1,2543,2543,Cash,City Center,Returning
2024-02-22 09:00:00,INV4748,Microwave,Home Appliances,2,6828,13656,Card,City Center,New
2024-01-20 08:00:00,INV4749,Novel,Books,3,699,2097,Card,Riverside,Returning
2024-05-17 06:00:00,INV4750,Pen Set,Books,2,-115,-230,UPI,City Center,Returning
2024-10-09 06:00:00,INV4751,Mixer Grinder,Home Appliances,5,3315,16575,Cash,Riverside,Returning
2024-11-05 15:00:00,INV4752,Microwave,Home Appliances,5,6960,34800,Cash,City Center,New
2024-02-21 06:00:00,INV4753,Microwave,Home Appliances,2,6869,13738,UPI,City Center,New
2024-06-07 13:00:00,INV4754,Microwave,Home Appliances,2,7115,14230,Online Gateway,City Center,New
2024-09-24 11:00:00,INV4755,Laptop,Electronics,4,59887,239548,Card,City Center,New
2024-08-27 14:00:00,INV4756,Shoes,Fashion,5,2494,12470,Cash,Riverside,New
2024-06-09 16:00:00,INV4757,Notebook,Books,4,153,612,Card,City Center,New
2024-05-10 15:00:00,INV4758,Laptop,Electronics,3,59961,179883,UPI,Riverside,New
2024-10-16 17:00:00,INV4759,Microwave,Home Appliances,1,7091,7091,Card,City Center,Returning
2024-09-08 10:00:00,INV4760,Laptop,Electronics,4,59931,239724,UPI,City Center,Returning
2024-07-10 05:00:00,INV4761,Laptop,Electronics,2,59915,119830,UPI,Riverside,New
2024-03-05 10:00:00,INV4762,Headphones,Electronics,3,1373,4119,Cash,Riverside,New
2024-09-09 17:00:00,INV4763,Headphones,Electronics,3,1392,4176,Card,Riverside,New
2024-02-15 14:00:00,INV4764,Headphones,Electronics,1,1598,1598,UPI,Riverside,Returning
2024-04-10 11:00:00,INV4765,Microwave,Home Appliances,2,6992,13984,Cash,City Center,New
2024-04-19 01:00:00,INV4766,Washing Machine,Home Appliances,3,14961,44883,Cash,City Center,New
2024-06-21 17:00:00,INV4767,Microwave,Home Appliances,4,6840,27360,Online Gateway,Riverside,New
2024-04-25 15:00:00,INV4768,Notebook,Books,2,38,76,UPI,Riverside,Returning
2024-10-03 04:00:00,INV4769,Smartphone,Electronics,4,19818,79272,Card,City Center,New
2024-05-11 11:00:00,INV4770,Novel,Books,1,463,463,Cash,City Center,Returning
2024-06-14 10:00:00,INV4771,Mixer Grinder,Home Appliances,4,3687,14748,UPI,Riverside,Returning
2024-11-28 04:00:00,INV4772,Microwave,Home Appliances,5,7019,35095,Online Gateway,City Center,New
2024-08-13 15:00:00,INV4773,Microwave,Home Appliances,4,6830,27320,Cash,Riverside,Returning
2024-06-29 11:00:00,INV4774,Microwave,Home Appliances,3,6812,20436,Card,Riverside,New
2024-03-21 22:00:00,INV4775,Novel,Books,1,592,592,Cash,Riverside,Returning
2024-09-08 02:00:00,INV4776,Novel,Books,5,366,1830,Cash,Riverside,Returning
2024-12-11 21:00:00,INV4777,Laptop,Electronics,1,60006,60006,Card,Riverside,New
2024-01-08 23:00:00,INV4778,Shoes,Fashion,3,2417,7251,UPI,Riverside,Returning
2024-02-05 21:00:00,INV4779,T-shirt,Fashion,4,620,2480,Card,City Center,New
2024-10-06 15:00:00,INV4780,Novel,Books,5,510,2550,UPI,Riverside,Returning
2024-01-28 01:00:00,INV4781,Headphones,Electronics,2,1665,3330,Cash,City Center,New
2024-06-21 06:00:00,INV4782,Headphones,Electronics,2,1680,3360,Online Gateway,City Center,New
2024-11-12 03:00:00,INV4783,Jeans,Fashion,3,1600,4800,Card,City Center,New
2024-02-13 04:00:00,INV4784,Laptop,Electronics,1,59809,59809,Online Gateway,City Center,Returning
2024-06-21 03:00:00,INV4785,Pen Set,Books,4,82,328,Card,City Center,New
2024-03-30 12:00:00,INV4786,Laptop,Electronics,5,60066,300330,Cash,City Center,Returning
2024-08-15 09:00:00,INV4787,Smartphone,Electronics,4,19801,79204,Cash,City Center,Returning
2024-09-10 07:00:00,INV4788,Novel,Books,2,420,840,Card,Riverside,New
2024-04-11 06:00:00,INV4789,Microwave,Home Appliances,5,7144,35720,Online Gateway,City Center,Returning
2024-03-19 07:00:00,INV4790,Laptop,Electronics,5,60175,300875,UPI,Riverside,New
2024-11-10 06:00:00,INV4791,Mixer Grinder,Home Appliances,4,3545,14180,UPI,Riverside,New
2024-03-24 19:00:00,INV4792,Laptop,Electronics,1,59811,59811,UPI,City Center,New
2024-05-20 13:00:00,INV4793,Washing Machine,Home Appliances,1,14849,14849,Card,Riverside,New
2024-11-02 13:00:00,INV4794,Smartphone,Electronics,5,19843,99215,UPI,City Center,Returning
2024-02-23 17:00:00,INV4795,Pen Set,Books,3,18,54,Card,Riverside,New
2024-03-01 07:00:00,INV4796,Laptop,Electronics,2,60125,120250,UPI,City Center,New
2024-05-13 07:00:00,INV4797,Jeans,Fashion,2,1765,3530,Card,Riverside,Returning
2024-09-22 21:00:00,INV4798,Washing Machine,Home Appliances,1,15028,15028,UPI,Riverside,Returning
2024-11-09 10:00:00,INV4799,T-shirt,Fashion,5,960,4800,UPI,Riverside,Returning
2024-09-09 11:00:00,INV4800,Microwave,Home Appliances,2,7166,14332,Cash,City Center,New
2024-05-12 15:00:00,INV4801,Mixer Grinder,Home Appliances,2,3436,6872,Cash,City Center,New
2024-08-15 14:00:00,INV4802,Pen Set,Books,5,-73,-365,Card,City Center,Returning
2024-05-14 00:00:00,INV4803,Novel,Books,3,300,900,Card,Riverside,New
2024-05-10 16:00:00,INV4804,Laptop,Electronics,5,59977,299885,Cash,Riverside,Returning
2024-05-18 06:00:00,INV4805,Pen Set,Books,3,-81,-243,Online Gateway,City Center,Returning
2024-04-25 22:00:00,INV4806,Notebook,Books,2,110,220,UPI,City Center,New
2024-11-15 01:00:00,INV4807,Jeans,Fashion,4,1608,6432,Cash,Riverside,New
2024-07-24 00:00:00,INV4808,Headphones,Electronics,5,1348,6740,Card,Riverside,New
2024-09-20 12:00:00,INV4809,Mixer Grinder,Home Appliances,1,3651,3651,Online Gateway,City Center,New
2024-09-20 15:00:00,INV4810,Notebook,Books,3,77,231,Cash,Riverside,Returning
2024-12-16 17:00:00,INV4811,Smartphone,Electronics,1,19831,19831,Online Gateway,City Center,New
2024-02-02 08:00:00,INV4812,Laptop,Electronics,3,60018,180054,Online Gateway,City Center,New
2024-08-05 00:00:00,INV4813,Smartphone,Electronics,2,20087,40174,Card,City Center,Returning
2024-01-29 15:00:00,INV4814,Smartphone,Electronics,1,19845,19845,Card,City Center,New
2024-01-23 01:00:00,INV4815,Novel,Books,4,335,1340,UPI,City Center,New
2024-07-30 03:00:00,INV4816,Laptop,Electronics,3,60072,180216,UPI,City Center,Returning
2024-12-02 16:00:00,INV4817,Pen Set,Books,4,72,288,UPI,City Center,Returning
2024-08-17 22:00:00,INV4818,T-shirt,Fashion,4,971,3884,Cash,Riverside,New
2024-03-30 17:00:00,INV4819,Headphones,Electronics,4,1514,6056,Card,Riverside,Returning
2024-09-10 22:00:00,INV4820,Laptop,Electronics,1,60118,60118,Cash,Riverside,New
2024-10-17 14:00:00,INV4821,Laptop,Electronics,3,60055,180165,Card,Riverside,Returning
2024-07-17 22:00:00,INV4822,Headphones,Electronics,3,1420,4260,UPI,Riverside,New
2024-11-16 12:00:00,INV4823,Microwave,Home Appliances,4,7073,28292,Card,City Center,Returning
2024-05-09 07:00:00,INV4824,Smartphone,Electronics,2,20034,40068,Card,Riverside,Returning
2024-04-11 16:00:00,INV4825,Laptop,Electronics,5,60000,300000,Online Gateway,Riverside,Returning
2024-06-21 07:00:00,INV4826,Pen Set,Books,4,-72,-288,Card,Riverside,New
2024-10-23 20:00:00,INV4827,Novel,Books,4,509,2036,Online Gateway,Riverside,Returning
2024-08-04 17:00:00,INV4828,Microwave,Home Appliances,4,6841,27364,Card,City Center,New
2024-02-05 04:00:00,INV4829,Jeans,Fashion,1,1618,1618,Online Gateway,City Center,Returning
2024-01-19 14:00:00,INV4830,Mixer Grinder,Home Appliances,5,3547,17735,UPI,City Center,New
2024-06-12 03:00:00,INV4831,Shoes,Fashion,3,2439,7317,Card,Riverside,New
2024-05-09 13:00:00,INV4832,T-shirt,Fashion,4,978,3912,Online Gateway,City Center,New
2024-02-21 10:00:00,INV4833,Headphones,Electronics,1,1472,1472,Online Gateway,Riverside,Returning
2024-10-01 11:00:00,INV4834,Headphones,Electronics,3,1431,4293,Card,City Center,Returning
2024-01-10 10:00:00,INV4835,Notebook,Books,3,44,132,Cash,City Center,New
2024-06-21 15:00:00,INV4836,Notebook,Books,5,152,760,Card,City Center,New
2024-10-26 09:00:00,INV4837,Microwave,Home Appliances,2,6801,13602,Online Gateway,City Center,Returning
2024-08-19 14:00:00,INV4838,Shoes,Fashion,3,2646,7938,UPI,City Center,New
2024-01-08 18:00:00,INV4839,Mixer Grinder,Home Appliances,5,3441,17205,Online Gateway,City Center,Returning
2024-04-15 15:00:00,INV4840,Washing Machine,Home Appliances,3,15196,45588,Cash,Riverside,New
2024-03-21 12:00:00,INV4841,Smartphone,Electronics,1,19893,19893,Cash,City Center,Returning
2024-03-25 16:00:00,INV4842,T-shirt,Fashion,2,936,1872,UPI,City Center,New
2024-02-22 04:00:00,INV4843,Shoes,Fashion,1,2360,2360,Online Gateway,City Center,Returning
2024-08-17 13:00:00,INV4844,Novel,Books,5,517,2585,Cash,City Center,Returning
2024-07-30 10:00:00,INV4845,Headphones,Electronics,1,1665,1665,Online Gateway,City Center,New
2024-03-19 09:00:00,INV4846,Shoes,Fashion,2,2331,4662,Card,City Center,Returning
2024-01-12 05:00:00,INV4847,Mixer Grinder,Home Appliances,5,3618,18090,Cash,City Center,New
2024-03-08 22:00:00,INV4848,T-shirt,Fashion,1,606,606,Card,Riverside,Returning
2024-07-02 13:00:00,INV4849,Smartphone,Electronics,2,19854,39708,Online Gateway,City Center,Returning
2024-09-12 19:00:00,INV4850,Notebook,Books,5,112,560,Cash,City Center,Returning
2024-03-06 14:00:00,INV4851,Headphones,Electronics,3,1650,4950,Cash,Riverside,New
2024-03-11 15:00:00,INV4852,Novel,Books,3,625,1875,Online Gateway,Riverside,Returning
2024-05-15 18:00:00,INV4853,Laptop,Electronics,1,59839,59839,Card,Riverside,Returning
2024-05-15 22:00:00,INV4854,Shoes,Fashion,3,2571,7713,Card,City Center,New
2024-03-01 05:00:00,INV4855,Microwave,Home Appliances,2,7085,14170,Online Gateway,City Center,Returning
2024-09-17 23:00:00,INV4856,Headphones,Electronics,4,1606,6424,Cash,City Center,Returning
2024-12-16 11:00:00,INV4857,Smartphone,Electronics,4,19854,79416,Online Gateway,City Center,New
2024-01-03 04:00:00,INV4858,Novel,Books,4,379,1516,Card,City Center,Returning
2024-08-20 02:00:00,INV4859,T-shirt,Fashion,4,851,3404,Cash,City Center,Returning
2024-11-11 19:00:00,INV4860,Jeans,Fashion,2,1620,3240,Online Gateway,Riverside,New
2024-03-10 10:00:00,INV4861,Laptop,Electronics,2,59946,119892,Cash,Riverside,Returning
2024-10-14 13:00:00,INV4862,Microwave,Home Appliances,5,6816,34080,Cash,City Center,Returning
2024-04-26 01:00:00,INV4863,Notebook,Books,3,-1,-3,Card,City Center,Returning
2024-01-30 23:00:00,INV4864,Headphones,Electronics,2,1362,2724,Online Gateway,City Center,Returning
2024-12-24 05:00:00,INV4865,Novel,Books,4,582,2328,UPI,Riverside,Returning
2024-10-12 15:00:00,INV4866,Washing Machine,Home Appliances,4,14810,59240,Online Gateway,Riverside,Returning
2024-04-05 14:00:00,INV4867,Smartphone,Electronics,4,20117,80468,Cash,City Center,Returning
2024-12-10 07:00:00,INV4868,Pen Set,Books,2,-105,-210,UPI,City Center,New
2024-07-05 18:00:00,INV4869,Washing Machine,Home Appliances,3,14874,44622,Online Gateway,City Center,New
2024-01-30 02:00:00,INV4870,Microwave,Home Appliances,1,6911,6911,Card,Riverside,New
2024-10-28 19:00:00,INV4871,Notebook,Books,5,292,1460,UPI,City Center,Returning
2024-09-03 14:00:00,INV4872,Shoes,Fashion,1,2617,2617,Card,City Center,Returning
2024-01-15 12:00:00,INV4873,Mixer Grinder,Home Appliances,3,3557,10671,Cash,City Center,New
2024-08-11 22:00:00,INV4874,Laptop,Electronics,3,59854,179562,Online Gateway,City Center,New
2024-11-23 21:00:00,INV4875,Jeans,Fashion,2,1623,3246,Card,City Center,Returning
2024-01-13 19:00:00,INV4876,Smartphone,Electronics,4,20043,80172,UPI,Riverside,Returning
2024-05-22 08:00:00,INV4877,Washing Machine,Home Appliances,2,14918,29836,UPI,City Center,Returning
2024-07-19 20:00:00,INV4878,Mixer Grinder,Home Appliances,1,3347,3347,Cash,Riverside,New
2024-05-28 06:00:00,INV4879,Smartphone,Electronics,3,20055,60165,Online Gateway,Riverside,New
2024-07-05 14:00:00,INV4880,Microwave,Home Appliances,5,7099,35495,Online Gateway,City Center,Returning
2024-09-29 03:00:00,INV4881,Microwave,Home Appliances,2,7082,14164,UPI,Riverside,New
2024-07-11 12:00:00,INV4882,Headphones,Electronics,5,1694,8470,Cash,Riverside,Returning
2024-05-04 09:00:00,INV4883,Jeans,Fashion,1,1668,1668,Card,Riverside,Returning
2024-12-04 00:00:00,INV4884,Mixer Grinder,Home Appliances,1,3474,3474,UPI,Riverside,New
2024-12-18 19:00:00,INV4885,Washing Machine,Home Appliances,1,15190,15190,Online Gateway,City Center,New
2024-04-16 03:00:00,INV4886,Pen Set,Books,4,-141,-564,Card,Riverside,Returning
2024-01-15 00:00:00,INV4887,Washing Machine,Home Appliances,3,15195,45585,UPI,Riverside,Returning
2024-05-04 03:00:00,INV4888,Microwave,Home Appliances,2,6818,13636,UPI,City Center,Returning
2024-06-14 08:00:00,INV4889,Smartphone,Electronics,1,20035,20035,Card,City Center,Returning
2024-02-07 22:00:00,INV4890,Smartphone,Electronics,3,19996,59988,UPI,Riverside,New
2024-03-24 04:00:00,INV4891,Microwave,Home Appliances,1,6910,6910,Cash,Riverside,Returning
2024-05-10 09:00:00,INV4892,T-shirt,Fashion,2,871,1742,Cash,City Center,Returning
2024-08-14 23:00:00,INV4893,T-shirt,Fashion,1,754,754,UPI,Riverside,New
2024-09-12 09:00:00,INV4894,Washing Machine,Home Appliances,1,14882,14882,Card,Riverside,Returning
2024-08-31 18:00:00,INV4895,Washing Machine,Home Appliances,5,15006,75030,Card,Riverside,New
2024-06-24 04:00:00,INV4896,Mixer Grinder,Home Appliances,5,3453,17265,Cash,Riverside,Returning
2024-11-06 06:00:00,INV4897,Washing Machine,Home Appliances,3,14869,44607,Cash,Riverside,Returning
2024-12-20 23:00:00,INV4898,Notebook,Books,2,-27,-54,Online Gateway,City Center,New
2024-01-14 02:00:00,INV4899,Jeans,Fashion,2,1972,3944,Online Gateway,Riverside,Returning
2024-02-17 06:00:00,INV4900,Pen Set,Books,2,33,66,Card,City Center,Returning
2024-07-22 04:00:00,INV4901,Pen Set,Books,5,93,465,Cash,Riverside,New
2024-12-03 14:00:00,INV4902,T-shirt,Fashion,5,867,4335,Online Gateway,City Center,New
2024-12-13 19:00:00,INV4903,Laptop,Electronics,3,60199,180597,UPI,City Center,Returning
2024-08-21 00:00:00,INV4904,Laptop,Electronics,3,59813,179439,Card,Riverside,New
2024-03-12 20:00:00,INV4905,Novel,Books,4,680,2720,Cash,Riverside,Returning
2024-05-19 07:00:00,INV4906,Washing Machine,Home Appliances,3,15197,45591,Cash,Riverside,New
2024-02-06 22:00:00,INV4907,Notebook,Books,3,110,330,Online Gateway,City Center,Returning
2024-01-31 01:00:00,INV4908,Mixer Grinder,Home Appliances,5,3537,17685,Online Gateway,Riverside,Returning
2024-11-15 22:00:00,INV4909,T-shirt,Fashion,2,823,1646,Cash,City Center,New
2024-05-19 21:00:00,INV4910,Mixer Grinder,Home Appliances,3,3375,10125,Card,Riverside,New
2024-02-06 06:00:00,INV4911,Washing Machine,Home Appliances,2,15033,30066,Card,City Center,New
2024-10-08 07:00:00,INV4912,Pen Set,Books,2,-61,-122,Card,Riverside,New
2024-01-21 17:00:00,INV4913,Smartphone,Electronics,1,20037,20037,UPI,Riverside,Returning
2024-03-14 04:00:00,INV4914,Novel,Books,1,551,551,Cash,Riverside,New
2024-02-16 13:00:00,INV4915,Laptop,Electronics,3,59880,179640,UPI,City Center,Returning
2024-04-27 20:00:00,INV4916,T-shirt,Fashion,5,806,4030,Card,City Center,Returning
2024-03-09 15:00:00,INV4917,Headphones,Electronics,1,1517,1517,Cash,City Center,New
2024-10-18 08:00:00,INV4918,Headphones,Electronics,1,1392,1392,Online Gateway,City Center,New
2024-10-09 03:00:00,INV4919,T-shirt,Fashion,2,947,1894,Online Gateway,Riverside,Returning
2024-01-06 22:00:00,INV4920,Smartphone,Electronics,1,20016,20016,Cash,City Center,Returning
2024-04-25 01:00:00,INV4921,Microwave,Home Appliances,1,6910,6910,Cash,Riverside,New
2024-05-23 03:00:00,INV4922,Microwave,Home Appliances,1,6975,6975,Cash,City Center,Returning
2024-10-02 22:00:00,INV4923,Novel,Books,2,406,812,Card,Riverside,Returning
2024-10-21 13:00:00,INV4924,Headphones,Electronics,3,1443,4329,Online Gateway,City Center,New
2024-07-07 00:00:00,INV4925,Microwave,Home Appliances,2,7088,14176,UPI,Riverside,Returning
2024-03-18 00:00:00,INV4926,Shoes,Fashion,5,2302,11510,Card,City Center,Returning
2024-04-22 08:00:00,INV4927,Jeans,Fashion,3,1631,4893,Card,Riverside,Returning
2024-03-12 13:00:00,INV4928,Smartphone,Electronics,5,19912,99560,Card,City Center,Returning
2024-05-08 00:00:00,INV4929,Pen Set,Books,2,238,476,Online Gateway,City Center,New
2024-04-26 02:00:00,INV4930,Headphones,Electronics,5,1360,6800,Online Gateway,City Center,Returning
2024-06-06 23:00:00,INV4931,Notebook,Books,1,52,52,Online Gateway,City Center,New
2024-06-10 07:00:00,INV4932,Washing Machine,Home Appliances,4,15031,60124,Online Gateway,Riverside,New
2024-03-16 06:00:00,INV4933,Microwave,Home Appliances,2,7083,14166,UPI,Riverside,New
2024-03-03 16:00:00,INV4934,Novel,Books,4,435,1740,UPI,City Center,Returning
2024-05-17 20:00:00,INV4935,Pen Set,Books,1,108,108,Online Gateway,Riverside,New
2024-10-23 13:00:00,INV4936,Washing Machine,Home Appliances,4,14986,59944,Online Gateway,City Center,New
2024-07-29 08:00:00,INV4937,Laptop,Electronics,5,59805,299025,Cash,City Center,New
2024-12-10 07:00:00,INV4938,Headphones,Electronics,2,1695,3390,Cash,Riverside,Returning
2024-03-11 10:00:00,INV4939,Shoes,Fashion,5,2316,11580,UPI,Riverside,New
2024-05-17 15:00:00,INV4940,Novel,Books,2,388,776,Card,Riverside,New
2024-05-09 17:00:00,INV4941,Shoes,Fashion,2,2388,4776,Cash,City Center,New
2024-11-23 02:00:00,INV4942,Jeans,Fashion,1,1620,1620,Card,Riverside,Returning
2024-09-24 08:00:00,INV4943,Jeans,Fashion,1,1658,1658,Card,Riverside,Returning
2024-03-03 16:00:00,INV4944,Jeans,Fashion,1,1715,1715,Online Gateway,Riverside,New
2024-06-12 12:00:00,INV4945,Novel,Books,2,686,1372,Card,City Center,New
2024-12-24 23:00:00,INV4946,T-shirt,Fashion,2,801,1602,Card,Riverside,New
2024-07-05 21:00:00,INV4947,Laptop,Electronics,5,59813,299065,UPI,City Center,New
2024-12-03 12:00:00,INV4948,Headphones,Electronics,3,1685,5055,UPI,City Center,New
2024-12-27 20:00:00,INV4949,Novel,Books,1,527,527,UPI,Riverside,Returning
2024-01-08 23:00:00,INV4950,Novel,Books,5,614,3070,Card,City Center,New
2024-12-28 02:00:00,INV4951,Headphones,Electronics,2,1554,3108,Online Gateway,City Center,New
2024-07-23 21:00:00,INV4952,Microwave,Home Appliances,4,6958,27832,UPI,Riverside,New
2024-08-30 23:00:00,INV4953,Smartphone,Electronics,1,19996,19996,Card,Riverside,New
2024-06-29 02:00:00,INV4954,Novel,Books,2,529,1058,UPI,City Center,New
2024-10-18 15:00:00,INV4955,Headphones,Electronics,4,1528,6112,Cash,City Center,New
2024-10-30 10:00:00,INV4956,Microwave,Home Appliances,3,6918,20754,Online Gateway,City Center,Returning
2024-03-19 02:00:00,INV4957,T-shirt,Fashion,4,763,3052,Card,Riverside,Returning
2024-07-17 11:00:00,INV4958,Washing Machine,Home Appliances,1,14872,14872,Cash,Riverside,New
2024-12-18 16:00:00,INV4959,Microwave,Home Appliances,2,6813,13626,Cash,City Center,Returning
2024-02-13 19:00:00,INV4960,Jeans,Fashion,2,1738,3476,Cash,City Center,New
2024-11-10 02:00:00,INV4961,Pen Set,Books,1,-118,-118,UPI,City Center,Returning
2024-11-04 19:00:00,INV4962,Jeans,Fashion,1,1762,1762,Cash,Riverside,New
2024-09-20 08:00:00,INV4963,Pen Set,Books,2,-99,-198,Cash,Riverside,New
2024-03-28 17:00:00,INV4964,Notebook,Books,1,164,164,Online Gateway,Riverside,Returning
2024-01-13 19:00:00,INV4965,Notebook,Books,2,33,66,Online Gateway,City Center,Returning
2024-11-18 09:00:00,INV4966,Pen Set,Books,3,-83,-249,Card,City Center,New
2024-05-19 23:00:00,INV4967,Pen Set,Books,3,171,513,UPI,City Center,New
2024-05-12 08:00:00,INV4968,Pen Set,Books,1,4,4,Online Gateway,Riverside,New
2024-02-22 03:00:00,INV4969,Washing Machine,Home Appliances,4,15124,60496,Online Gateway,City Center,New
2024-08-11 14:00:00,INV4970,Shoes,Fashion,2,2601,5202,Online Gateway,Riverside,New
2024-03-04 05:00:00,INV4971,Jeans,Fashion,5,1629,8145,Card,Riverside,Returning
2024-09-16 10:00:00,INV4972,Pen Set,Books,5,190,950,UPI,Riverside,Returning
2024-08-09 01:00:00,INV4973,Laptop,Electronics,5,59970,299850,UPI,City Center,New
2024-09-01 13:00:00,INV4974,Jeans,Fashion,4,1963,7852,Online Gateway,City Center,Returning
2024-11-30 23:00:00,INV4975,Headphones,Electronics,1,1678,1678,UPI,Riverside,Returning
2024-07-22 19:00:00,INV4976,Headphones,Electronics,5,1698,8490,Card,Riverside,Returning
2024-07-27 00:00:00,INV4977,Shoes,Fashion,3,2677,8031,UPI,City Center,Returning
2024-03-22 17:00:00,INV4978,Headphones,Electronics,5,1381,6905,Card,City Center,Returning
2024-04-29 07:00:00,INV4979,Laptop,Electronics,1,60073,60073,Card,Riverside,Returning
2024-10-02 03:00:00,INV4980,Headphones,Electronics,3,1528,4584,Card,Riverside,New
2024-07-09 07:00:00,INV4981,Novel,Books,3,392,1176,Cash,City Center,New
2024-09-28 09:00:00,INV4982,Headphones,Electronics,2,1440,2880,Cash,Riverside,New
2024-06-15 21:00:00,INV4983,Novel,Books,1,306,306,Online Gateway,Riverside,New
2024-01-08 15:00:00,INV4984,Pen Set,Books,4,-130,-520,Card,Riverside,Returning
2024-11-19 03:00:00,INV4985,Laptop,Electronics,3,59975,179925,Cash,Riverside,Returning
2024-05-19 22:00:00,INV4986,Shoes,Fashion,2,2334,4668,Online Gateway,Riverside,New
2024-10-02 15:00:00,INV4987,Laptop,Electronics,2,60114,120228,Cash,City Center,New
2024-10-10 05:00:00,INV4988,Novel,Books,2,425,850,UPI,City Center,New
2024-12-29 16:00:00,INV4989,Headphones,Electronics,2,1452,2904,Online Gateway,City Center,New
2024-11-15 22:00:00,INV4990,Novel,Books,2,495,990,Cash,City Center,Returning
2024-08-25 10:00:00,INV4991,Laptop,Electronics,5,59873,299365,Online Gateway,Riverside,New
2024-02-23 01:00:00,INV4992,Jeans,Fashion,4,1743,6972,Online Gateway,City Center,Returning
2024-10-04 05:00:00,INV4993,Laptop,Electronics,4,60023,240092,Card,Riverside,Returning
2024-02-15 16:00:00,INV4994,Shoes,Fashion,5,2665,13325,UPI,City Center,New
2024-11-29 10:00:00,INV4995,Novel,Books,3,416,1248,Online Gateway,City Center,New
2024-06-25 23:00:00,INV4996,T-shirt,Fashion,4,646,2584,Online Gateway,Riverside,New
2024-08-09 10:00:00,INV4997,Shoes,Fashion,1,2405,2405,Card,Riverside,New
2024-05-19 18:00:00,INV4998,Laptop,Electronics,5,59932,299660,UPI,City Center,Returning
2024-01-12 06:00:00,INV4999,T-shirt,Fashion,2,702,1404,Cash,Riverside,Returning
2024-02-19 10:00:00,INV5000,T-shirt,Fashion,3,659,1977,Card,Riverside,New
2024-09-19 17:00:00,INV5001,Microwave,Home Appliances,4,7137,28548,Online Gateway,Riverside,Returning
2024-04-09 22:00:00,INV5002,Washing Machine,Home Appliances,1,15016,15016,Card,Riverside,Returning
2024-10-18 11:00:00,INV5003,Headphones,Electronics,5,1323,6615,UPI,Riverside,New
2024-10-31 03:00:00,INV5004,Microwave,Home Appliances,3,6974,20922,Cash,Riverside,New
2024-06-23 06:00:00,INV5005,Smartphone,Electronics,4,20117,80468,Card,City Center,Returning
2024-04-02 22:00:00,INV5006,Pen Set,Books,2,-129,-258,Card,Riverside,New
2024-09-28 07:00:00,INV5007,Microwave,Home Appliances,3,6936,20808,UPI,City Center,Returning
2024-01-06 08:00:00,INV5008,Headphones,Electronics,2,1437,2874,UPI,Riverside,Returning
2024-06-02 00:00:00,INV5009,Shoes,Fashion,5,2499,12495,UPI,Riverside,New
2024-07-17 13:00:00,INV5010,Headphones,Electronics,3,1450,4350,UPI,City Center,Returning
2024-06-14 10:00:00,INV5011,Headphones,Electronics,4,1586,6344,Cash,Riverside,Returning
2024-11-10 09:00:00,INV5012,Headphones,Electronics,2,1564,3128,Online Gateway,Riverside,New
2024-08-19 08:00:00,INV5013,Notebook,Books,1,-99,-99,UPI,City Center,Returning
2024-01-27 03:00:00,INV5014,Notebook,Books,3,146,438,UPI,City Center,New
2024-10-01 13:00:00,INV5015,Washing Machine,Home Appliances,3,14920,44760,UPI,City Center,New
2024-03-26 04:00:00,INV5016,Novel,Books,2,544,1088,Cash,Riverside,Returning
2024-04-07 13:00:00,INV5017,Laptop,Electronics,3,60050,180150,Online Gateway,City Center,Returning
2024-09-02 04:00:00,INV5018,Shoes,Fashion,4,2558,10232,UPI,Riverside,New
2024-12-07 01:00:00,INV5019,Microwave,Home Appliances,1,7002,7002,Online Gateway,City Center,Returning
2024-01-11 09:00:00,INV5020,Notebook,Books,3,112,336,UPI,Riverside,Returning
2024-05-01 21:00:00,INV5021,Headphones,Electronics,4,1686,6744,Card,Riverside,New
2024-07-29 03:00:00,INV5022,Jeans,Fashion,3,1955,5865,Cash,Riverside,New
2024-02-10 14:00:00,INV5023,Laptop,Electronics,2,60031,120062,Online Gateway,City Center,New
2024-10-26 16:00:00,INV5024,Laptop,Electronics,5,59957,299785,UPI,City Center,Returning
2024-04-21 08:00:00,INV5025,Notebook,Books,5,97,485,Cash,Riverside,New
2024-10-30 07:00:00,INV5026,Jeans,Fashion,4,1985,7940,Online Gateway,City Center,Returning
2024-11-09 19:00:00,INV5027,Laptop,Electronics,2,60161,120322,Card,Riverside,Returning
2024-12-26 22:00:00,INV5028,Washing Machine,Home Appliances,5,15060,75300,Card,City Center,New
2024-03-23 19:00:00,INV5029,Washing Machine,Home Appliances,4,15130,60520,Online Gateway,City Center,New
2024-01-04 18:00:00,INV5030,Washing Machine,Home Appliances,4,15158,60632,Cash,City Center,New
2024-12-29 09:00:00,INV5031,Pen Set,Books,2,65,130,Online Gateway,Riverside,Returning
2024-06-18 03:00:00,INV5032,Smartphone,Electronics,5,19808,99040,Online Gateway,Riverside,Returning
2024-04-25 13:00:00,INV5033,Shoes,Fashion,5,2689,13445,UPI,City Center,Returning
2024-12-15 07:00:00,INV5034,Microwave,Home Appliances,2,7093,14186,Online Gateway,City Center,Returning
2024-11-04 17:00:00,INV5035,Notebook,Books,2,256,512,Online Gateway,Riverside,New
2024-07-04 00:00:00,INV5036,Pen Set,Books,3,176,528,UPI,City Center,Returning
2024-11-02 03:00:00,INV5037,Novel,Books,2,371,742,Cash,Riverside,New
2024-02-12 00:00:00,INV5038,T-shirt,Fashion,5,816,4080,Cash,Riverside,Returning
2024-06-06 15:00:00,INV5039,Laptop,Electronics,4,60000,240000,Card,City Center,New
2024-10-03 22:00:00,INV5040,Smartphone,Electronics,4,20190,80760,Card,City Center,Returning
2024-06-28 02:00:00,INV5041,Shoes,Fashion,5,2597,12985,Card,City Center,New
2024-07-13 12:00:00,INV5042,Microwave,Home Appliances,1,7087,7087,Card,Riverside,Returning
2024-06-27 15:00:00,INV5043,Shoes,Fashion,2,2537,5074,Cash,Riverside,New
2024-03-26 12:00:00,INV5044,Mixer Grinder,Home Appliances,4,3457,13828,UPI,City Center,Returning
2024-09-07 09:00:00,INV5045,Novel,Books,3,380,1140,Cash,City Center,New
2024-03-12 12:00:00,INV5046,Smartphone,Electronics,2,19967,39934,UPI,City Center,New
2024-01-13 22:00:00,INV5047,T-shirt,Fashion,3,996,2988,Online Gateway,Riverside,New
2024-07-08 02:00:00,INV5048,Washing Machine,Home Appliances,5,14891,74455,Cash,Riverside,Returning
2024-02-22 12:00:00,INV5049,Shoes,Fashion,1,2488,2488,UPI,City Center,Returning
2024-06-12 20:00:00,INV5050,Shoes,Fashion,5,2562,12810,UPI,City Center,New
2024-01-25 08:00:00,INV5051,Pen Set,Books,2,250,500,Cash,Riverside,New
2024-11-13 08:00:00,INV5052,Washing Machine,Home Appliances,4,15057,60228,Cash,Riverside,Returning
2024-12-22 07:00:00,INV5053,Notebook,Books,3,239,717,Card,City Center,Returning
2024-04-29 10:00:00,INV5054,Notebook,Books,5,196,980,Cash,City Center,Returning
2024-09-02 18:00:00,INV5055,Notebook,Books,3,295,885,Card,City Center,Returning
2024-03-24 19:00:00,INV5056,Laptop,Electronics,2,60029,120058,Cash,City Center,Returning
2024-09-17 11:00:00,INV5057,Laptop,Electronics,5,59879,299395,Online Gateway,Riverside,New
2024-07-24 19:00:00,INV5058,Microwave,Home Appliances,1,6904,6904,Cash,City Center,New
2024-06-15 22:00:00,INV5059,Microwave,Home Appliances,2,7005,14010,Card,City Center,Returning
2024-03-08 17:00:00,INV5060,Mixer Grinder,Home Appliances,2,3633,7266,UPI,Riverside,Returning
2024-02-07 02:00:00,INV5061,Laptop,Electronics,1,60034,60034,Card,Riverside,New
2024-09-10 06:00:00,INV5062,Notebook,Books,4,223,892,UPI,City Center,New
2024-10-20 04:00:00,INV5063,Washing Machine,Home Appliances,5,14801,74005,Online Gateway,City Center,Returning
2024-06-14 01:00:00,INV5064,Smartphone,Electronics,2,20041,40082,Online Gateway,Riverside,New
2024-04-14 08:00:00,INV5065,Laptop,Electronics,5,59816,299080,Card,City Center,New
2024-06-07 14:00:00,INV5066,Novel,Books,1,533,533,Cash,City Center,Returning
2024-09-11 04:00:00,INV5067,Shoes,Fashion,3,2443,7329,UPI,City Center,Returning
2024-03-12 15:00:00,INV5068,Novel,Books,4,622,2488,Card,Riverside,Returning
2024-10-05 14:00:00,INV5069,Mixer Grinder,Home Appliances,4,3303,13212,Cash,City Center,New
2024-03-07 03:00:00,INV5070,Pen Set,Books,3,188,564,Card,Riverside,New
2024-10-18 16:00:00,INV5071,Notebook,Books,3,10,30,Online Gateway,City Center,New
2024-02-07 08:00:00,INV5072,Headphones,Electronics,2,1534,3068,UPI,City Center,New
2024-08-19 14:00:00,INV5073,Headphones,Electronics,5,1436,7180,Online Gateway,Riverside,New
2024-12-18 21:00:00,INV5074,Shoes,Fashion,5,2492,12460,Online Gateway,City Center,New
2024-07-12 15:00:00,INV5075,T-shirt,Fashion,2,792,1584,UPI,City Center,Returning
2024-04-11 08:00:00,INV5076,Laptop,Electronics,3,59981,179943,Card,Riverside,Returning
2024-06-11 16:00:00,INV5077,Mixer Grinder,Home Appliances,1,3658,3658,Online Gateway,Riverside,Returning
2024-10-11 21:00:00,INV5078,Notebook,Books,1,24,24,Online Gateway,Riverside,New
2024-03-01 09:00:00,INV5079,Smartphone,Electronics,3,20167,60501,Online Gateway,Riverside,New
2024-07-06 12:00:00,INV5080,Mixer Grinder,Home Appliances,3,3441,10323,Online Gateway,Riverside,New
2024-08-15 06:00:00,INV5081,Shoes,Fashion,2,2418,4836,Online Gateway,City Center,Returning
2024-06-20 13:00:00,INV5082,Washing Machine,Home Appliances,4,15109,60436,Online Gateway,Riverside,New
2024-03-25 12:00:00,INV5083,Headphones,Electronics,3,1597,4791,UPI,Riverside,New
2024-10-12 05:00:00,INV5084,Headphones,Electronics,1,1431,1431,Card,Riverside,New
2024-06-05 14:00:00,INV5085,Headphones,Electronics,4,1588,6352,Card,City Center,Returning
2024-09-03 00:00:00,INV5086,Washing Machine,Home Appliances,4,14837,59348,Online Gateway,Riverside,New
2024-07-11 16:00:00,INV5087,Shoes,Fashion,3,2493,7479,Card,City Center,New
2024-01-07 21:00:00,INV5088,Jeans,Fashion,5,1976,9880,Online Gateway,Riverside,Returning
2024-07-10 07:00:00,INV5089,Pen Set,Books,4,80,320,Card,Riverside,Returning
2024-01-25 13:00:00,INV5090,Laptop,Electronics,3,59862,179586,Card,Riverside,New
2024-07-07 12:00:00,INV5091,Laptop,Electronics,5,59928,299640,Card,City Center,Returning
2024-04-27 13:00:00,INV5092,Shoes,Fashion,5,2570,12850,Card,City Center,New
2024-09-28 05:00:00,INV5093,Headphones,Electronics,4,1305,5220,Cash,City Center,New
2024-11-16 13:00:00,INV5094,T-shirt,Fashion,3,625,1875,Online Gateway,Riverside,New
2024-01-03 23:00:00,INV5095,Novel,Books,1,456,456,Card,City Center,Returning
2024-05-29 04:00:00,INV5096,Pen Set,Books,5,-114,-570,Card,Riverside,New
2024-11-27 18:00:00,INV5097,Laptop,Electronics,2,60064,120128,Online Gateway,Riverside,New
2024-01-12 04:00:00,INV5098,Notebook,Books,5,140,700,Card,City Center,Returning
2024-04-12 14:00:00,INV5099,Notebook,Books,3,243,729,Online Gateway,Riverside,New
2024-02-12 07:00:00,INV5100,Pen Set,Books,2,1,2,Cash,Riverside,New
2024-11-28 16:00:00,INV5101,Laptop,Electronics,5,59893,299465,Card,Riverside,New
2024-01-17 22:00:00,INV5102,Laptop,Electronics,5,60048,300240,Online Gateway,Riverside,New
2024-11-03 16:00:00,INV5103,Novel,Books,3,586,1758,Online Gateway,City Center,New
2024-09-09 01:00:00,INV5104,Notebook,Books,3,105,315,Card,City Center,New
2024-09-14 01:00:00,INV5105,Microwave,Home Appliances,3,6925,20775,Cash,Riverside,Returning
2024-11-28 14:00:00,INV5106,Washing Machine,Home Appliances,1,15069,15069,Online Gateway,Riverside,Returning
2024-02-11 01:00:00,INV5107,Headphones,Electronics,3,1303,3909,UPI,City Center,Returning
2024-07-05 21:00:00,INV5108,Microwave,Home Appliances,3,6861,20583,Card,Riverside,New
2024-04-19 02:00:00,INV5109,Smartphone,Electronics,2,20046,40092,UPI,Riverside,New
2024-09-19 01:00:00,INV5110,Laptop,Electronics,1,60054,60054,Online Gateway,Riverside,New
2024-10-15 16:00:00,INV5111,Notebook,Books,2,-63,-126,Online Gateway,Riverside,New
2024-08-11 16:00:00,INV5112,Shoes,Fashion,4,2344,9376,Card,City Center,New
2024-07-11 13:00:00,INV5113,Pen Set,Books,3,168,504,Cash,City Center,Returning
2024-11-11 06:00:00,INV5114,Shoes,Fashion,2,2535,5070,Cash,City Center,Returning
2024-07-13 14:00:00,INV5115,Pen Set,Books,2,0,0,UPI,Riverside,Returning
2024-11-15 02:00:00,INV5116,T-shirt,Fashion,5,911,4555,Cash,Riverside,Returning
2024-02-11 19:00:00,INV5117,Washing Machine,Home Appliances,1,15027,15027,Online Gateway,City Center,New
2024-11-08 16:00:00,INV5118,Jeans,Fashion,1,1602,1602,Online Gateway,Riverside,Returning
2024-04-12 18:00:00,INV5119,Smartphone,Electronics,5,19836,99180,Online Gateway,City Center,Returning
2024-03-21 19:00:00,INV5120,Smartphone,Electronics,4,20155,80620,Card,City Center,Returning
2024-03-09 03:00:00,INV5121,Smartphone,Electronics,3,19980,59940,Online Gateway,City Center,Returning
2024-12-03 07:00:00,INV5122,Laptop,Electronics,5,59837,299185,UPI,City Center,Returning
2024-09-18 01:00:00,INV5123,Jeans,Fashion,5,1979,9895,Cash,City Center,Returning
2024-03-19 23:00:00,INV5124,Microwave,Home Appliances,3,6938,20814,Online Gateway,Riverside,New
2024-09-28 20:00:00,INV5125,Novel,Books,1,503,503,Cash,Riverside,Returning
2024-02-14 17:00:00,INV5126,Laptop,Electronics,1,59945,59945,Cash,City Center,New
2024-08-04 00:00:00,INV5127,Pen Set,Books,3,13,39,UPI,City Center,Returning
2024-04-10 02:00:00,INV5128,Laptop,Electronics,2,60109,120218,Card,City Center,New
2024-07-22 23:00:00,INV5129,Mixer Grinder,Home Appliances,1,3648,3648,Card,Riverside,Returning
2024-11-01 11:00:00,INV5130,Headphones,Electronics,1,1422,1422,UPI,Riverside,Returning
2024-03-22 12:00:00,INV5131,Notebook,Books,1,237,237,Online Gateway,City Center,New
2024-10-19 15:00:00,INV5132,Washing Machine,Home Appliances,3,14880,44640,UPI,City Center,Returning
2024-06-11 19:00:00,INV5133,T-shirt,Fashion,4,963,3852,Card,City Center,New
2024-02-03 15:00:00,INV5134,Jeans,Fashion,4,1667,6668,Card,City Center,New
2024-12-15 02:00:00,INV5135,Novel,Books,4,453,1812,UPI,City Center,New
2024-07-20 03:00:00,INV5136,Washing Machine,Home Appliances,4,14821,59284,Online Gateway,City Center,New
2024-07-07 12:00:00,INV5137,Laptop,Electronics,1,60106,60106,Cash,Riverside,New
2024-04-05 04:00:00,INV5138,Smartphone,Electronics,1,19902,19902,Card,Riverside,Returning
2024-08-09 09:00:00,INV5139,Smartphone,Electronics,1,19971,19971,UPI,Riverside,New
2024-02-01 13:00:00,INV5140,Jeans,Fashion,2,1804,3608,Card,City Center,New
2024-07-22 15:00:00,INV5141,Smartphone,Electronics,5,20135,100675,Online Gateway,City Center,Returning
2024-06-09 14:00:00,INV5142,Microwave,Home Appliances,2,6875,13750,Cash,Riverside,New
2024-05-28 06:00:00,INV5143,Novel,Books,4,647,2588,Cash,Riverside,Returning
2024-02-10 01:00:00,INV5144,T-shirt,Fashion,3,964,2892,UPI,Riverside,Returning
2024-06-09 07:00:00,INV5145,Pen Set,Books,1,122,122,Card,City Center,New
2024-10-07 06:00:00,INV5146,Microwave,Home Appliances,1,6948,6948,Online Gateway,City Center,Returning
2024-05-28 23:00:00,INV5147,Pen Set,Books,2,145,290,UPI,Riverside,Returning
2024-04-10 18:00:00,INV5148,Washing Machine,Home Appliances,4,14867,59468,Online Gateway,City Center,New
2024-06-23 22:00:00,INV5149,Jeans,Fashion,5,1792,8960,Cash,Riverside,New
2024-02-11 17:00:00,INV5150,Laptop,Electronics,2,60183,120366,Online Gateway,City Center,Returning
2024-08-06 12:00:00,INV5151,Laptop,Electronics,2,59991,119982,Online Gateway,Riverside,New
2024-10-23 15:00:00,INV5152,Shoes,Fashion,4,2564,10256,Online Gateway,City Center,Returning
2024-06-18 10:00:00,INV5153,Laptop,Electronics,4,59921,239684,Cash,Riverside,Returning
2024-04-28 13:00:00,INV5154,Shoes,Fashion,4,2304,9216,UPI,City Center,New
2024-08-09 12:00:00,INV5155,Pen Set,Books,5,178,890,Cash,Riverside,Returning
2024-01-18 14:00:00,INV5156,Laptop,Electronics,5,60079,300395,Cash,City Center,New
2024-10-06 19:00:00,INV5157,Novel,Books,1,603,603,Cash,City Center,New
2024-06-26 18:00:00,INV5158,Pen Set,Books,2,177,354,Cash,City Center,Returning
2024-11-10 13:00:00,INV5159,Headphones,Electronics,1,1611,1611,UPI,Riverside,New
2024-09-20 04:00:00,INV5160,Pen Set,Books,2,242,484,Online Gateway,Riverside,Returning
2024-04-22 22:00:00,INV5161,Pen Set,Books,5,37,185,Card,City Center,New
2024-12-26 04:00:00,INV5162,Washing Machine,Home Appliances,1,14825,14825,Online Gateway,City Center,New
2024-12-02 05:00:00,INV5163,Microwave,Home Appliances,3,7052,21156,UPI,Riverside,Returning
2024-03-10 01:00:00,INV5164,T-shirt,Fashion,5,670,3350,Cash,Riverside,Returning
2024-04-15 21:00:00,INV5165,Pen Set,Books,5,159,795,UPI,Riverside,Returning
2024-10-08 19:00:00,INV5166,Shoes,Fashion,5,2346,11730,Cash,City Center,New
2024-05-08 03:00:00,INV5167,Pen Set,Books,5,154,770,Online Gateway,Riverside,Returning
2024-05-11 20:00:00,INV5168,Mixer Grinder,Home Appliances,2,3445,6890,UPI,Riverside,Returning
2024-03-26 13:00:00,INV5169,Washing Machine,Home Appliances,2,14885,29770,UPI,City Center,New
2024-12-19 07:00:00,INV5170,Microwave,Home Appliances,5,7053,35265,Cash,Riverside,Returning
2024-08-27 01:00:00,INV5171,Washing Machine,Home Appliances,1,14920,14920,Online Gateway,City Center,Returning
2024-05-14 01:00:00,INV5172,Headphones,Electronics,3,1577,4731,Online Gateway,City Center,Returning
2024-03-01 07:00:00,INV5173,Laptop,Electronics,3,60029,180087,Card,Riverside,Returning
2024-09-07 09:00:00,INV5174,Laptop,Electronics,2,59900,119800,UPI,City Center,Returning
2024-01-26 07:00:00,INV5175,Mixer Grinder,Home Appliances,3,3313,9939,Cash,Riverside,New
2024-07-08 16:00:00,INV5176,Notebook,Books,1,-66,-66,Online Gateway,City Center,New
2024-03-14 12:00:00,INV5177,Washing Machine,Home Appliances,4,14848,59392,UPI,Riverside,New
2024-04-21 07:00:00,INV5178,Jeans,Fashion,5,1825,9125,Cash,Riverside,New
2024-09-28 15:00:00,INV5179,Headphones,Electronics,3,1454,4362,Cash,City Center,New
2024-06-14 02:00:00,INV5180,Novel,Books,3,457,1371,Online Gateway,Riverside,New
2024-05-12 09:00:00,INV5181,Pen Set,Books,4,-15,-60,UPI,City Center,New
2024-06-04 02:00:00,INV5182,Notebook,Books,3,255,765,Online Gateway,City Center,Returning
2024-07-23 10:00:00,INV5183,Pen Set,Books,4,-87,-348,Cash,Riverside,Returning
2024-10-29 15:00:00,INV5184,Pen Set,Books,3,217,651,Online Gateway,City Center,Returning
2024-07-29 14:00:00,INV5185,Jeans,Fashion,4,1663,6652,Card,City Center,Returning
2024-02-03 16:00:00,INV5186,Pen Set,Books,5,103,515,UPI,Riverside,Returning
2024-01-31 05:00:00,INV5187,Mixer Grinder,Home Appliances,1,3491,3491,Online Gateway,City Center,New
2024-11-16 21:00:00,INV5188,Shoes,Fashion,4,2542,10168,Cash,Riverside,New
2024-02-20 16:00:00,INV5189,Laptop,Electronics,1,60088,60088,Card,City Center,New
2024-06-17 19:00:00,INV5190,Novel,Books,3,521,1563,Online Gateway,City Center,New
2024-04-01 13:00:00,INV5191,Shoes,Fashion,2,2653,5306,Online Gateway,City Center,New
2024-04-26 22:00:00,INV5192,Shoes,Fashion,5,2507,12535,UPI,Riverside,New
2024-02-10 12:00:00,INV5193,Headphones,Electronics,5,1368,6840,UPI,City Center,New
2024-08-22 18:00:00,INV5194,Washing Machine,Home Appliances,4,14992,59968,Card,Riverside,New
2024-11-07 19:00:00,INV5195,Microwave,Home Appliances,4,6921,27684,Card,City Center,Returning
2024-03-29 11:00:00,INV5196,Notebook,Books,2,-77,-154,Card,City Center,New
2024-01-10 08:00:00,INV5197,Laptop,Electronics,5,59848,299240,UPI,City Center,New
2024-03-16 14:00:00,INV5198,Washing Machine,Home Appliances,5,14896,74480,Card,City Center,Returning
2024-02-16 02:00:00,INV5199,T-shirt,Fashion,2,708,1416,UPI,Riverside,New
2024-01-06 04:00:00,INV5200,Novel,Books,5,568,2840,Card,City Center,Returning
2024-05-15 06:00:00,INV5201,Jeans,Fashion,3,1643,4929,UPI,Riverside,Returning
2024-05-02 03:00:00,INV5202,Headphones,Electronics,4,1329,5316,Online Gateway,Riverside,Returning
2024-05-03 19:00:00,INV5203,Novel,Books,5,618,3090,Cash,City Center,New
2024-03-25 01:00:00,INV5204,Smartphone,Electronics,1,19801,19801,Online Gateway,Riverside,New
2024-11-04 23:00:00,INV5205,Shoes,Fashion,2,2394,4788,Online Gateway,City Center,New
2024-04-10 15:00:00,INV5206,Microwave,Home Appliances,4,7039,28156,Online Gateway,City Center,New
2024-05-09 00:00:00,INV5207,Smartphone,Electronics,4,20171,80684,Cash,Riverside,Returning
2024-03-08 01:00:00,INV5208,T-shirt,Fashion,4,614,2456,Online Gateway,City Center,New
2024-01-30 21:00:00,INV5209,Mixer Grinder,Home Appliances,3,3326,9978,Card,Riverside,New
2024-05-28 09:00:00,INV5210,Jeans,Fashion,5,1760,8800,Card,Riverside,New
2024-10-09 14:00:00,INV5211,Notebook,Books,3,-57,-171,Cash,Riverside,Returning
2024-02-13 16:00:00,INV5212,Pen Set,Books,1,-83,-83,Online Gateway,Riverside,New
2024-12-12 03:00:00,INV5213,Notebook,Books,4,142,568,UPI,City Center,Returning
2024-11-25 09:00:00,INV5214,Microwave,Home Appliances,4,6870,27480,UPI,City Center,Returning
2024-08-20 10:00:00,INV5215,Headphones,Electronics,1,1320,1320,Card,Riverside,New
2024-03-08 12:00:00,INV5216,Mixer Grinder,Home Appliances,3,3624,10872,Online Gateway,Riverside,Returning
2024-09-29 20:00:00,INV5217,Pen Set,Books,1,-6,-6,Online Gateway,Riverside,Returning
2024-11-03 13:00:00,INV5218,Novel,Books,4,630,2520,Card,City Center,New
2024-07-18 04:00:00,INV5219,Novel,Books,5,647,3235,Online Gateway,Riverside,New
2024-06-07 00:00:00,INV5220,T-shirt,Fashion,5,961,4805,Online Gateway,City Center,Returning
2024-05-02 13:00:00,INV5221,Jeans,Fashion,1,1744,1744,Card,City Center,Returning
2024-08-25 07:00:00,INV5222,Washing Machine,Home Appliances,3,14910,44730,Card,City Center,New
2024-09-23 17:00:00,INV5223,Novel,Books,3,495,1485,Cash,City Center,New
2024-09-15 05:00:00,INV5224,Headphones,Electronics,5,1599,7995,Cash,City Center,Returning
2024-08-15 02:00:00,INV5225,Novel,Books,3,587,1761,UPI,City Center,Returning
2024-12-17 08:00:00,INV5226,Laptop,Electronics,1,60158,60158,Cash,City Center,Returning
2024-09-01 18:00:00,INV5227,Washing Machine,Home Appliances,2,14870,29740,Card,Riverside,Returning
2024-03-05 17:00:00,INV5228,T-shirt,Fashion,2,926,1852,Card,Riverside,Returning
2024-02-12 04:00:00,INV5229,Pen Set,Books,4,232,928,Online Gateway,City Center,New
2024-12-15 02:00:00,INV5230,Headphones,Electronics,2,1530,3060,Online Gateway,City Center,Returning
2024-03-19 09:00:00,INV5231,Notebook,Books,5,48,240,Cash,Riverside,New
2024-10-10 07:00:00,INV5232,Washing Machine,Home Appliances,1,15174,15174,Card,Riverside,Returning
2024-07-10 02:00:00,INV5233,Washing Machine,Home Appliances,3,15039,45117,UPI,Riverside,New
2024-12-25 06:00:00,INV5234,Notebook,Books,3,163,489,Online Gateway,Riverside,Returning
2024-12-17 06:00:00,INV5235,Novel,Books,4,398,1592,Card,City Center,Returning
2024-09-25 15:00:00,INV5236,Headphones,Electronics,2,1502,3004,Cash,City Center,New
2024-04-07 17:00:00,INV5237,Novel,Books,2,513,1026,Cash,Riverside,Returning
2024-01-04 03:00:00,INV5238,Headphones,Electronics,1,1350,1350,Online Gateway,Riverside,Returning
2024-09-01 21:00:00,INV5239,Jeans,Fashion,4,1950,7800,Online Gateway,Riverside,Returning
2024-10-09 17:00:00,INV5240,Microwave,Home Appliances,5,7004,35020,UPI,Riverside,Returning
2024-07-24 02:00:00,INV5241,Microwave,Home Appliances,3,6851,20553,Card,Riverside,Returning
2024-12-03 02:00:00,INV5242,Washing Machine,Home Appliances,3,14802,44406,Cash,City Center,Returning
2024-04-07 02:00:00,INV5243,Mixer Grinder,Home Appliances,4,3472,13888,Online Gateway,City Center,Returning
2024-07-14 06:00:00,INV5244,Notebook,Books,1,82,82,Cash,Riverside,Returning
2024-03-20 06:00:00,INV5245,Jeans,Fashion,3,1766,5298,Cash,City Center,New
2024-07-13 14:00:00,INV5246,T-shirt,Fashion,3,733,2199,Cash,Riverside,Returning
2024-10-24 15:00:00,INV5247,Laptop,Electronics,2,59903,119806,Card,Riverside,Returning
2024-03-26 19:00:00,INV5248,Laptop,Electronics,5,60197,300985,Card,Riverside,Returning
2024-01-06 20:00:00,INV5249,Laptop,Electronics,1,60031,60031,Cash,City Center,Returning
2024-03-15 13:00:00,INV5250,Shoes,Fashion,1,2618,2618,UPI,Riverside,New
2024-01-01 16:00:00,INV5251,Shoes,Fashion,5,2629,13145,Online Gateway,City Center,New
2024-01-20 08:00:00,INV5252,Laptop,Electronics,3,60174,180522,Cash,City Center,New
2024-07-05 07:00:00,INV5253,Novel,Books,3,682,2046,Cash,City Center,Returning
2024-03-17 03:00:00,INV5254,Notebook,Books,5,-94,-470,Online Gateway,City Center,Returning
2024-12-28 23:00:00,INV5255,Novel,Books,4,594,2376,Online Gateway,City Center,Returning
2024-09-05 04:00:00,INV5256,Jeans,Fashion,2,1884,3768,UPI,City Center,New
2024-01-04 17:00:00,INV5257,Jeans,Fashion,4,1912,7648,UPI,City Center,Returning
2024-07-19 15:00:00,INV5258,Jeans,Fashion,1,1837,1837,Card,Riverside,Returning
2024-04-28 19:00:00,INV5259,Pen Set,Books,4,3,12,Cash,Riverside,Returning
2024-04-28 11:00:00,INV5260,Notebook,Books,2,193,386,UPI,City Center,Returning
2024-09-29 15:00:00,INV5261,Novel,Books,5,323,1615,Card,Riverside,New
2024-09-02 21:00:00,INV5262,Headphones,Electronics,5,1428,7140,UPI,City Center,New
2024-02-10 09:00:00,INV5263,Shoes,Fashion,1,2481,2481,Card,Riverside,Returning
2024-02-15 14:00:00,INV5264,Novel,Books,1,539,539,Card,Riverside,New
2024-09-12 04:00:00,INV5265,Laptop,Electronics,2,59849,119698,Online Gateway,Riverside,Returning
2024-11-02 03:00:00,INV5266,T-shirt,Fashion,5,823,4115,Online Gateway,Riverside,Returning
2024-05-13 03:00:00,INV5267,Smartphone,Electronics,3,19834,59502,Online Gateway,Riverside,New
2024-02-28 12:00:00,INV5268,Shoes,Fashion,1,2556,2556,Card,Riverside,Returning
2024-10-16 04:00:00,INV5269,Pen Set,Books,5,-9,-45,Cash,Riverside,New
2024-06-27 18:00:00,INV5270,Shoes,Fashion,2,2386,4772,Online Gateway,City Center,Returning
2024-06-14 22:00:00,INV5271,Pen Set,Books,5,42,210,UPI,City Center,Returning
2024-08-19 11:00:00,INV5272,Washing Machine,Home Appliances,4,14949,59796,Card,City Center,Returning
2024-11-27 10:00:00,INV5273,Shoes,Fashion,1,2496,2496,Online Gateway,City Center,New
2024-07-15 09:00:00,INV5274,Notebook,Books,1,90,90,Cash,City Center,Returning
2024-05-08 20:00:00,INV5275,Mixer Grinder,Home Appliances,5,3376,16880,UPI,City Center,Returning
2024-06-22 07:00:00,INV5276,Jeans,Fashion,3,1888,5664,UPI,Riverside,New
2024-09-19 20:00:00,INV5277,Washing Machine,Home Appliances,2,14920,29840,Card,Riverside,New
2024-11-07 14:00:00,INV5278,Shoes,Fashion,4,2360,9440,Online Gateway,City Center,New
2024-12-19 04:00:00,INV5279,Headphones,Electronics,2,1541,3082,Cash,City Center,Returning
2024-07-24 13:00:00,INV5280,Jeans,Fashion,3,1965,5895,Online Gateway,City Center,Returning
2024-07-24 06:00:00,INV5281,Microwave,Home Appliances,4,7097,28388,UPI,Riverside,New
2024-06-14 09:00:00,INV5282,Notebook,Books,4,115,460,Online Gateway,Riverside,Returning
2024-05-03 13:00:00,INV5283,Shoes,Fashion,5,2568,12840,Cash,City Center,Returning
2024-06-28 23:00:00,INV5284,Pen Set,Books,2,86,172,Cash,Riverside,New
2024-10-23 04:00:00,INV5285,Jeans,Fashion,4,1908,7632,Cash,Riverside,Returning
2024-06-13 03:00:00,INV5286,Mixer Grinder,Home Appliances,5,3690,18450,Online Gateway,City Center,Returning
2024-01-02 20:00:00,INV5287,Mixer Grinder,Home Appliances,2,3558,7116,UPI,Riverside,Returning
2024-03-16 10:00:00,INV5288,Shoes,Fashion,5,2311,11555,Card,City Center,Returning
2024-07-09 06:00:00,INV5289,Washing Machine,Home Appliances,1,14877,14877,Card,Riverside,New
2024-03-20 13:00:00,INV5290,Headphones,Electronics,1,1623,1623,Cash,Riverside,New
2024-09-22 04:00:00,INV5291,Mixer Grinder,Home Appliances,5,3351,16755,Card,Riverside,New
2024-04-17 13:00:00,INV5292,Mixer Grinder,Home Appliances,2,3313,6626,Online Gateway,City Center,Returning
2024-01-29 19:00:00,INV5293,Washing Machine,Home Appliances,5,14818,74090,Cash,City Center,Returning
2024-02-08 19:00:00,INV5294,Novel,Books,2,412,824,Online Gateway,City Center,New
2024-11-25 14:00:00,INV5295,Washing Machine,Home Appliances,5,15110,75550,Card,City Center,Returning
2024-09-22 22:00:00,INV5296,Pen Set,Books,5,189,945,Online Gateway,Riverside,Returning
2024-05-21 22:00:00,INV5297,Laptop,Electronics,2,60165,120330,UPI,City Center,Returning
2024-12-13 11:00:00,INV5298,Microwave,Home Appliances,3,7035,21105,Online Gateway,City Center,New
2024-02-13 00:00:00,INV5299,Jeans,Fashion,3,1953,5859,Online Gateway,City Center,Returning
2024-02-24 15:00:00,INV5300,Microwave,Home Appliances,2,7178,14356,Cash,City Center,New
2024-12-23 11:00:00,INV5301,Smartphone,Electronics,3,19968,59904,UPI,City Center,Returning
2024-05-10 01:00:00,INV5302,Microwave,Home Appliances,1,6983,6983,Card,City Center,Returning
2024-03-19 01:00:00,INV5303,Novel,Books,5,645,3225,Card,Riverside,Returning
2024-10-09 13:00:00,INV5304,T-shirt,Fashion,1,759,759,UPI,City Center,New
2024-06-05 04:00:00,INV5305,Smartphone,Electronics,3,19832,59496,UPI,Riverside,New
2024-01-12 13:00:00,INV5306,Notebook,Books,1,285,285,Card,City Center,Returning
2024-03-18 11:00:00,INV5307,Laptop,Electronics,2,60005,120010,Online Gateway,City Center,Returning
2024-09-04 01:00:00,INV5308,Notebook,Books,4,297,1188,Cash,City Center,Returning
2024-10-10 00:00:00,INV5309,Microwave,Home Appliances,5,7028,35140,Cash,City Center,New
2024-07-15 09:00:00,INV5310,Notebook,Books,3,298,894,UPI,Riverside,Returning
2024-07-13 19:00:00,INV5311,Mixer Grinder,Home Appliances,3,3434,10302,Online Gateway,Riverside,Returning
2024-02-18 18:00:00,INV5312,Laptop,Electronics,2,60195,120390,Online Gateway,Riverside,Returning
2024-12-27 17:00:00,INV5313,Laptop,Electronics,1,60021,60021,Card,City Center,Returning
2024-08-09 04:00:00,INV5314,Microwave,Home Appliances,2,7188,14376,Online Gateway,City Center,New
2024-04-12 14:00:00,INV5315,Jeans,Fashion,5,1855,9275,UPI,Riverside,New
2024-01-12 23:00:00,INV5316,Novel,Books,2,639,1278,Online Gateway,City Center,New
2024-09-05 01:00:00,INV5317,Mixer Grinder,Home Appliances,4,3586,14344,Card,City Center,New
2024-06-27 10:00:00,INV5318,Novel,Books,1,469,469,UPI,Riverside,New
2024-03-20 11:00:00,INV5319,Shoes,Fashion,2,2389,4778,UPI,City Center,Returning
2024-02-18 09:00:00,INV5320,Pen Set,Books,3,-115,-345,UPI,Riverside,New
2024-01-06 09:00:00,INV5321,Novel,Books,4,499,1996,Cash,Riverside,New
2024-09-21 01:00:00,INV5322,T-shirt,Fashion,3,796,2388,Online Gateway,Riverside,Returning
2024-04-08 11:00:00,INV5323,Headphones,Electronics,1,1476,1476,UPI,Riverside,New
2024-12-05 15:00:00,INV5324,Notebook,Books,4,37,148,Cash,Riverside,New
2024-09-06 07:00:00,INV5325,Microwave,Home Appliances,1,6972,6972,Cash,City Center,New
2024-01-06 23:00:00,INV5326,Smartphone,Electronics,5,20140,100700,Cash,Riverside,New
2024-12-07 23:00:00,INV5327,Notebook,Books,3,-50,-150,Card,Riverside,Returning
2024-11-07 05:00:00,INV5328,Notebook,Books,4,97,388,Cash,Riverside,New
2024-01-11 04:00:00,INV5329,Pen Set,Books,4,80,320,UPI,City Center,New
2024-02-08 14:00:00,INV5330,Novel,Books,2,574,1148,Online Gateway,Riverside,New
2024-05-12 10:00:00,INV5331,Shoes,Fashion,1,2377,2377,Online Gateway,Riverside,New
2024-03-31 16:00:00,INV5332,Novel,Books,5,496,2480,Card,City Center,New
2024-07-27 10:00:00,INV5333,Washing Machine,Home Appliances,4,15031,60124,Online Gateway,City Center,Returning
2024-02-06 22:00:00,INV5334,Washing Machine,Home Appliances,4,15022,60088,Cash,City Center,New
2024-12-21 12:00:00,INV5335,Jeans,Fashion,4,1723,6892,UPI,City Center,New
2024-05-21 14:00:00,INV5336,Headphones,Electronics,2,1368,2736,Card,Riverside,New
2024-12-20 01:00:00,INV5337,Smartphone,Electronics,2,20171,40342,Online Gateway,Riverside,New
2024-04-20 14:00:00,INV5338,Washing Machine,Home Appliances,4,14983,59932,Cash,City Center,Returning
2024-11-04 00:00:00,INV5339,Microwave,Home Appliances,5,6836,34180,UPI,City Center,Returning
2024-02-27 03:00:00,INV5340,T-shirt,Fashion,4,661,2644,UPI,Riverside,New
2024-10-24 07:00:00,INV5341,Novel,Books,2,408,816,Card,Riverside,New
2024-01-14 08:00:00,INV5342,Microwave,Home Appliances,3,7002,21006,UPI,Riverside,Returning
2024-07-12 22:00:00,INV5343,Headphones,Electronics,4,1326,5304,Cash,Riverside,New
2024-08-08 20:00:00,INV5344,Microwave,Home Appliances,2,6994,13988,Card,City Center,Returning
2024-10-08 17:00:00,INV5345,Pen Set,Books,4,163,652,UPI,Riverside,New
2024-10-12 14:00:00,INV5346,Notebook,Books,2,148,296,Online Gateway,Riverside,Returning
2024-08-17 09:00:00,INV5347,Smartphone,Electronics,3,20111,60333,Cash,City Center,New
2024-09-30 01:00:00,INV5348,Mixer Grinder,Home Appliances,3,3301,9903,Card,Riverside,Returning
2024-06-17 10:00:00,INV5349,Smartphone,Electronics,2,20200,40400,UPI,Riverside,Returning
2024-11-08 10:00:00,INV5350,Mixer Grinder,Home Appliances,4,3546,14184,Card,City Center,New
2024-10-03 12:00:00,INV5351,Novel,Books,1,453,453,Online Gateway,City Center,New
2024-11-02 18:00:00,INV5352,Smartphone,Electronics,3,19984,59952,UPI,Riverside,New
2024-01-01 11:00:00,INV5353,Jeans,Fashion,4,1749,6996,Card,City Center,Returning
2024-01-09 02:00:00,INV5354,Smartphone,Electronics,1,19933,19933,Online Gateway,Riverside,Returning
2024-04-15 17:00:00,INV5355,Shoes,Fashion,1,2368,2368,Cash,Riverside,New
2024-04-28 10:00:00,INV5356,Novel,Books,3,446,1338,Card,Riverside,Returning
2024-04-02 21:00:00,INV5357,Notebook,Books,4,117,468,Cash,City Center,New
2024-05-05 09:00:00,INV5358,Pen Set,Books,5,41,205,Cash,City Center,New
2024-11-28 16:00:00,INV5359,Pen Set,Books,5,95,475,Card,City Center,Returning
2024-03-27 13:00:00,INV5360,Shoes,Fashion,5,2343,11715,UPI,City Center,New
2024-11-22 21:00:00,INV5361,T-shirt,Fashion,2,821,1642,Online Gateway,Riverside,New
2024-06-10 03:00:00,INV5362,Notebook,Books,1,-93,-93,Online Gateway,City Center,Returning
2024-07-22 01:00:00,INV5363,Smartphone,Electronics,1,20114,20114,Online Gateway,Riverside,Returning
2024-12-25 19:00:00,INV5364,T-shirt,Fashion,2,769,1538,Online Gateway,City Center,Returning
2024-01-13 09:00:00,INV5365,Notebook,Books,5,233,1165,Cash,City Center,Returning
2024-09-01 00:00:00,INV5366,Novel,Books,2,425,850,Cash,Riverside,Returning
2024-02-12 07:00:00,INV5367,Headphones,Electronics,2,1306,2612,Online Gateway,City Center,New
2024-02-27 16:00:00,INV5368,Headphones,Electronics,2,1327,2654,Card,Riverside,Returning
2024-12-30 09:00:00,INV5369,Notebook,Books,3,256,768,Cash,Riverside,New
2024-04-07 22:00:00,INV5370,Headphones,Electronics,3,1679,5037,Cash,City Center,Returning
2024-02-22 21:00:00,INV5371,Headphones,Electronics,1,1506,1506,Online Gateway,Riverside,New
2024-02-22 12:00:00,INV5372,Smartphone,Electronics,3,19838,59514,UPI,Riverside,New
2024-11-16 21:00:00,INV5373,Laptop,Electronics,1,60005,60005,Online Gateway,City Center,New
2024-12-15 00:00:00,INV5374,Pen Set,Books,5,-78,-390,Card,City Center,New
2024-07-09 03:00:00,INV5375,T-shirt,Fashion,1,616,616,UPI,City Center,New
2024-10-14 09:00:00,INV5376,Headphones,Electronics,2,1324,2648,UPI,Riverside,New
2024-08-24 08:00:00,INV5377,Notebook,Books,1,-52,-52,Cash,City Center,New
2024-08-21 01:00:00,INV5378,Shoes,Fashion,3,2573,7719,UPI,City Center,New
2024-09-13 11:00:00,INV5379,Novel,Books,1,398,398,Card,City Center,Returning
2024-08-18 23:00:00,INV5380,Headphones,Electronics,5,1493,7465,Cash,City Center,New
2024-10-28 16:00:00,INV5381,Shoes,Fashion,5,2430,12150,UPI,Riverside,Returning
2024-07-14 03:00:00,INV5382,Jeans,Fashion,2,1710,3420,UPI,City Center,Returning
2024-03-19 09:00:00,INV5383,T-shirt,Fashion,3,912,2736,Online Gateway,Riverside,New
2024-12-29 01:00:00,INV5384,Headphones,Electronics,3,1598,4794,Online Gateway,Riverside,New
2024-06-07 17:00:00,INV5385,T-shirt,Fashion,2,981,1962,Cash,Riverside,New
2024-08-29 23:00:00,INV5386,Washing Machine,Home Appliances,4,15125,60500,Online Gateway,City Center,Returning
2024-07-22 11:00:00,INV5387,Notebook,Books,5,181,905,UPI,City Center,Returning
2024-10-27 06:00:00,INV5388,Shoes,Fashion,3,2507,7521,Cash,Riverside,New
2024-06-22 03:00:00,INV5389,Washing Machine,Home Appliances,4,14989,59956,UPI,City Center,Returning
2024-07-13 17:00:00,INV5390,Microwave,Home Appliances,4,6880,27520,UPI,City Center,New
2024-02-28 17:00:00,INV5391,Novel,Books,4,513,2052,UPI,City Center,Returning
2024-08-04 13:00:00,INV5392,Microwave,Home Appliances,3,6912,20736,Card,Riverside,Returning
2024-11-06 12:00:00,INV5393,Headphones,Electronics,3,1526,4578,UPI,Riverside,Returning
2024-12-29 06:00:00,INV5394,Pen Set,Books,3,191,573,Card,Riverside,New
2024-03-31 12:00:00,INV5395,Mixer Grinder,Home Appliances,5,3657,18285,Online Gateway,City Center,Returning
2024-01-12 15:00:00,INV5396,Pen Set,Books,2,-72,-144,UPI,City Center,Returning
2024-06-14 17:00:00,INV5397,Microwave,Home Appliances,5,6877,34385,UPI,City Center,Returning
2024-04-21 05:00:00,INV5398,Microwave,Home Appliances,1,6880,6880,Online Gateway,Riverside,New
2024-11-22 01:00:00,INV5399,Pen Set,Books,5,-36,-180,UPI,Riverside,New
2024-06-14 21:00:00,INV5400,Notebook,Books,3,110,330,UPI,Riverside,New
2024-07-17 17:00:00,INV5401,Notebook,Books,5,-87,-435,Online Gateway,City Center,Returning
2024-08-06 15:00:00,INV5402,Pen Set,Books,5,-75,-375,UPI,Riverside,New
2024-07-03 11:00:00,INV5403,Novel,Books,5,685,3425,Cash,Riverside,New
2024-09-12 15:00:00,INV5404,Jeans,Fashion,2,1944,3888,Cash,City Center,Returning
2024-08-20 05:00:00,INV5405,Mixer Grinder,Home Appliances,2,3655,7310,Online Gateway,City Center,New
2024-06-21 03:00:00,INV5406,Shoes,Fashion,1,2554,2554,Card,Riverside,New
2024-10-26 13:00:00,INV5407,Washing Machine,Home Appliances,1,15041,15041,Card,City Center,New
2024-07-07 23:00:00,INV5408,T-shirt,Fashion,5,914,4570,Online Gateway,Riverside,New
2024-04-25 16:00:00,INV5409,Mixer Grinder,Home Appliances,2,3497,6994,UPI,City Center,New
2024-11-16 17:00:00,INV5410,Headphones,Electronics,1,1446,1446,Online Gateway,City Center,Returning
2024-12-15 10:00:00,INV5411,Microwave,Home Appliances,4,6894,27576,UPI,Riverside,New
2024-01-28 14:00:00,INV5412,Pen Set,Books,5,174,870,Card,Riverside,Returning
2024-12-27 07:00:00,INV5413,Jeans,Fashion,4,1705,6820,Card,City Center,Returning
2024-12-01 04:00:00,INV5414,Headphones,Electronics,5,1601,8005,UPI,City Center,New
2024-06-24 18:00:00,INV5415,Washing Machine,Home Appliances,5,14934,74670,Cash,City Center,New
2024-07-29 20:00:00,INV5416,Notebook,Books,4,259,1036,Online Gateway,Riverside,Returning
2024-09-01 18:00:00,INV5417,Smartphone,Electronics,5,20009,100045,Online Gateway,City Center,Returning
2024-08-20 13:00:00,INV5418,Notebook,Books,5,14,70,Card,Riverside,New
2024-03-24 22:00:00,INV5419,Novel,Books,1,316,316,Cash,Riverside,New
2024-06-06 21:00:00,INV5420,Headphones,Electronics,3,1695,5085,Cash,City Center,Returning
2024-10-24 20:00:00,INV5421,Pen Set,Books,2,140,280,UPI,City Center,New
2024-11-19 14:00:00,INV5422,Shoes,Fashion,2,2418,4836,UPI,Riverside,New
2024-04-08 12:00:00,INV5423,Microwave,Home Appliances,4,7046,28184,Card,Riverside,New
2024-05-31 05:00:00,INV5424,T-shirt,Fashion,1,888,888,UPI,City Center,New
2024-09-03 15:00:00,INV5425,Smartphone,Electronics,4,20052,80208,Card,City Center,New
2024-08-24 11:00:00,INV5426,T-shirt,Fashion,5,646,3230,Cash,Riverside,New
2024-10-03 14:00:00,INV5427,T-shirt,Fashion,5,935,4675,Cash,City Center,New
2024-07-12 19:00:00,INV5428,T-shirt,Fashion,2,619,1238,Card,Riverside,Returning
2024-01-26 09:00:00,INV5429,Smartphone,Electronics,4,20078,80312,Cash,City Center,New
2024-11-26 20:00:00,INV5430,Shoes,Fashion,3,2373,7119,Cash,City Center,Returning
2024-06-10 02:00:00,INV5431,Mixer Grinder,Home Appliances,3,3454,10362,UPI,City Center,New
2024-01-16 11:00:00,INV5432,Shoes,Fashion,3,2401,7203,Cash,Riverside,New
2024-10-18 14:00:00,INV5433,Pen Set,Books,4,139,556,Cash,Riverside,New
2024-01-26 15:00:00,INV5434,Shoes,Fashion,5,2495,12475,Cash,City Center,Returning
2024-10-14 23:00:00,INV5435,Microwave,Home Appliances,1,7159,7159,Cash,Riverside,New
2024-09-07 10:00:00,INV5436,Shoes,Fashion,2,2700,5400,Cash,Riverside,New
2024-04-03 21:00:00,INV5437,Headphones,Electronics,3,1537,4611,Cash,City Center,New
2024-07-24 22:00:00,INV5438,T-shirt,Fashion,1,661,661,Card,Riverside,Returning
2024-02-06 00:00:00,INV5439,Jeans,Fashion,2,1848,3696,Cash,City Center,Returning
2024-02-22 20:00:00,INV5440,Microwave,Home Appliances,5,6988,34940,Online Gateway,Riverside,Returning
2024-11-06 14:00:00,INV5441,Washing Machine,Home Appliances,2,15109,30218,Cash,City Center,New
2024-07-09 11:00:00,INV5442,Laptop,Electronics,4,59954,239816,Cash,Riverside,New
2024-08-05 21:00:00,INV5443,Novel,Books,3,386,1158,Card,City Center,New
2024-04-03 05:00:00,INV5444,Jeans,Fashion,3,1624,4872,Cash,City Center,New
2024-06-17 22:00:00,INV5445,Jeans,Fashion,2,1769,3538,Cash,Riverside,Returning
2024-02-08 23:00:00,INV5446,Notebook,Books,2,98,196,Cash,Riverside,Returning
2024-09-23 10:00:00,INV5447,Jeans,Fashion,3,1685,5055,UPI,City Center,Returning
2024-11-24 19:00:00,INV5448,Pen Set,Books,3,-112,-336,Cash,City Center,Returning
2024-01-14 13:00:00,INV5449,T-shirt,Fashion,4,968,3872,Cash,Riverside,Returning
2024-11-19 22:00:00,INV5450,Mixer Grinder,Home Appliances,5,3483,17415,Online Gateway,Riverside,Returning
2024-06-09 21:00:00,INV5451,Mixer Grinder,Home Appliances,5,3606,18030,Card,City Center,New
2024-03-23 17:00:00,INV5452,Jeans,Fashion,1,1902,1902,UPI,Riverside,Returning
2024-07-24 12:00:00,INV5453,Jeans,Fashion,4,1706,6824,UPI,Riverside,Returning
2024-07-10 19:00:00,INV5454,Headphones,Electronics,2,1529,3058,Cash,Riverside,New
2024-04-25 18:00:00,INV5455,Washing Machine,Home Appliances,4,14868,59472,UPI,Riverside,Returning
2024-11-19 02:00:00,INV5456,Laptop,Electronics,3,59995,179985,Cash,Riverside,New
2024-06-18 22:00:00,INV5457,Notebook,Books,1,-58,-58,UPI,Riverside,New
2024-02-26 23:00:00,INV5458,Shoes,Fashion,1,2493,2493,Online Gateway,City Center,Returning
2024-06-17 10:00:00,INV5459,Laptop,Electronics,5,60027,300135,Cash,City Center,New
2024-04-17 07:00:00,INV5460,Notebook,Books,4,109,436,Cash,Riverside,New
2024-10-08 10:00:00,INV5461,Microwave,Home Appliances,2,7074,14148,Card,City Center,Returning
2024-03-06 21:00:00,INV5462,Washing Machine,Home Appliances,2,14898,29796,Cash,City Center,Returning
2024-03-23 18:00:00,INV5463,Notebook,Books,2,-29,-58,Card,City Center,New
2024-04-03 08:00:00,INV5464,Headphones,Electronics,2,1584,3168,Card,Riverside,New
2024-06-14 06:00:00,INV5465,Mixer Grinder,Home Appliances,3,3541,10623,UPI,City Center,New
2024-11-12 20:00:00,INV5466,Jeans,Fashion,5,1902,9510,UPI,City Center,New
2024-12-12 16:00:00,INV5467,T-shirt,Fashion,1,619,619,UPI,Riverside,New
2024-09-05 16:00:00,INV5468,Shoes,Fashion,3,2700,8100,Cash,City Center,New
2024-11-08 05:00:00,INV5469,Jeans,Fashion,1,1996,1996,UPI,City Center,Returning
2024-06-19 23:00:00,INV5470,Microwave,Home Appliances,2,6884,13768,Card,City Center,Returning
2024-03-27 12:00:00,INV5471,T-shirt,Fashion,1,927,927,UPI,Riverside,New
2024-08-05 23:00:00,INV5472,Novel,Books,4,568,2272,Card,City Center,New
2024-05-04 18:00:00,INV5473,Mixer Grinder,Home Appliances,1,3337,3337,Cash,Riverside,New
2024-06-05 00:00:00,INV5474,Novel,Books,3,664,1992,UPI,City Center,Returning
2024-08-21 02:00:00,INV5475,Smartphone,Electronics,5,19970,99850,Card,City Center,Returning
2024-11-09 19:00:00,INV5476,T-shirt,Fashion,4,884,3536,Online Gateway,Riverside,Returning
2024-11-03 03:00:00,INV5477,Pen Set,Books,2,131,262,Cash,City Center,New
2024-03-09 12:00:00,INV5478,Notebook,Books,5,245,1225,Card,City Center,Returning
2024-05-11 00:00:00,INV5479,Shoes,Fashion,3,2554,7662,Cash,City Center,Returning
2024-01-11 02:00:00,INV5480,Mixer Grinder,Home Appliances,5,3695,18475,Cash,City Center,New
2024-06-19 05:00:00,INV5481,Shoes,Fashion,5,2671,13355,Online Gateway,Riverside,New
2024-11-27 10:00:00,INV5482,Pen Set,Books,4,155,620,Cash,Riverside,Returning
2024-10-29 21:00:00,INV5483,Mixer Grinder,Home Appliances,3,3476,10428,Online Gateway,Riverside,Returning
2024-10-24 02:00:00,INV5484,Pen Set,Books,1,128,128,UPI,City Center,New
2024-10-11 12:00:00,INV5485,Washing Machine,Home Appliances,5,15020,75100,Cash,Riverside,Returning
2024-12-14 10:00:00,INV5486,Headphones,Electronics,5,1611,8055,Online Gateway,City Center,Returning
2024-09-20 19:00:00,INV5487,Smartphone,Electronics,1,19998,19998,UPI,Riverside,Returning
2024-05-26 08:00:00,INV5488,Shoes,Fashion,2,2531,5062,UPI,Riverside,Returning
2024-03-03 11:00:00,INV5489,Laptop,Electronics,1,60004,60004,UPI,City Center,Returning
2024-03-30 22:00:00,INV5490,Washing Machine,Home Appliances,1,14914,14914,Online Gateway,City Center,Returning
2024-08-03 02:00:00,INV5491,Novel,Books,5,329,1645,Card,Riverside,New
2024-06-17 07:00:00,INV5492,Notebook,Books,1,162,162,UPI,City Center,Returning
2024-03-25 19:00:00,INV5493,Pen Set,Books,4,165,660,Card,Riverside,Returning
2024-11-28 09:00:00,INV5494,T-shirt,Fashion,3,835,2505,Online Gateway,City Center,Returning
2024-02-05 17:00:00,INV5495,Laptop,Electronics,5,59944,299720,Card,City Center,New
2024-06-08 07:00:00,INV5496,T-shirt,Fashion,2,708,1416,UPI,City Center,New
2024-10-09 02:00:00,INV5497,T-shirt,Fashion,1,832,832,Card,Riverside,New
2024-01-13 10:00:00,INV5498,Pen Set,Books,3,25,75,Card,Riverside,New
2024-10-28 20:00:00,INV5499,Jeans,Fashion,5,1773,8865,UPI,Riverside,Returning
2024-02-08 11:00:00,INV5500,Novel,Books,1,496,496,Card,Riverside,Returning
2024-06-25 08:00:00,INV5501,Laptop,Electronics,2,59942,119884,Card,Riverside,Returning
2024-06-28 10:00:00,INV5502,Laptop,Electronics,2,60190,120380,Card,City Center,New
2024-04-26 15:00:00,INV5503,Novel,Books,3,645,1935,UPI,Riverside,New
2024-10-01 02:00:00,INV5504,Shoes,Fashion,1,2464,2464,Card,Riverside,New
2024-07-22 03:00:00,INV5505,Laptop,Electronics,3,59810,179430,Card,Riverside,Returning
2024-08-09 22:00:00,INV5506,Headphones,Electronics,5,1607,8035,Cash,Riverside,New
2024-10-01 06:00:00,INV5507,Smartphone,Electronics,4,19951,79804,Card,City Center,New
2024-03-16 02:00:00,INV5508,Laptop,Electronics,3,59844,179532,Online Gateway,Riverside,New
2024-04-20 17:00:00,INV5509,Smartphone,Electronics,3,20150,60450,Card,City Center,Returning
2024-05-19 10:00:00,INV5510,Washing Machine,Home Appliances,5,14907,74535,Online Gateway,City Center,Returning
2024-05-02 21:00:00,INV5511,Shoes,Fashion,2,2481,4962,Cash,City Center,New
2024-02-09 05:00:00,INV5512,Shoes,Fashion,5,2380,11900,Cash,Riverside,Returning
2024-03-20 11:00:00,INV5513,Laptop,Electronics,2,59877,119754,Cash,Riverside,New
2024-07-20 13:00:00,INV5514,Notebook,Books,5,-76,-380,Cash,City Center,New
2024-12-03 17:00:00,INV5515,Shoes,Fashion,3,2616,7848,Card,Riverside,Returning
2024-02-21 19:00:00,INV5516,Smartphone,Electronics,5,19831,99155,Cash,City Center,New
2024-08-25 08:00:00,INV5517,Headphones,Electronics,5,1631,8155,UPI,Riverside,New
2024-03-02 02:00:00,INV5518,Washing Machine,Home Appliances,2,14894,29788,UPI,Riverside,Returning
2024-06-13 21:00:00,INV5519,Pen Set,Books,4,-118,-472,UPI,Riverside,Returning
2024-03-22 22:00:00,INV5520,Laptop,Electronics,4,60096,240384,Card,City Center,New
2024-01-16 15:00:00,INV5521,T-shirt,Fashion,3,972,2916,Card,City Center,New
2024-01-11 22:00:00,INV5522,Smartphone,Electronics,4,20133,80532,Online Gateway,Riverside,New
2024-06-30 18:00:00,INV5523,T-shirt,Fashion,3,792,2376,UPI,Riverside,Returning
2024-09-27 22:00:00,INV5524,Shoes,Fashion,4,2306,9224,Cash,Riverside,Returning
2024-11-22 09:00:00,INV5525,Shoes,Fashion,5,2658,13290,Cash,City Center,Returning
2024-03-19 21:00:00,INV5526,Microwave,Home Appliances,4,7015,28060,Online Gateway,Riverside,New
2024-12-03 18:00:00,INV5527,Jeans,Fashion,2,1937,3874,Online Gateway,Riverside,New
2024-03-09 20:00:00,INV5528,Headphones,Electronics,1,1594,1594,Card,City Center,Returning
2024-08-18 20:00:00,INV5529,Microwave,Home Appliances,5,6828,34140,Online Gateway,City Center,New
2024-06-11 04:00:00,INV5530,Headphones,Electronics,2,1425,2850,Cash,City Center,Returning
2024-01-25 23:00:00,INV5531,Microwave,Home Appliances,5,7148,35740,Online Gateway,City Center,Returning
2024-07-19 15:00:00,INV5532,Notebook,Books,4,223,892,Online Gateway,City Center,Returning
2024-03-20 16:00:00,INV5533,Shoes,Fashion,2,2377,4754,Card,Riverside,New
2024-12-23 04:00:00,INV5534,Mixer Grinder,Home Appliances,3,3599,10797,Card,City Center,New
2024-06-24 13:00:00,INV5535,Washing Machine,Home Appliances,5,15168,75840,UPI,Riverside,Returning
2024-05-31 13:00:00,INV5536,Shoes,Fashion,4,2342,9368,Cash,Riverside,New
2024-08-21 07:00:00,INV5537,Novel,Books,3,398,1194,Cash,City Center,New
2024-09-25 16:00:00,INV5538,Pen Set,Books,2,82,164,UPI,City Center,New
2024-12-22 13:00:00,INV5539,Shoes,Fashion,1,2406,2406,Card,Riverside,Returning
2024-11-03 14:00:00,INV5540,Jeans,Fashion,5,1937,9685,Online Gateway,Riverside,New
2024-05-28 17:00:00,INV5541,Headphones,Electronics,4,1686,6744,UPI,City Center,Returning
2024-11-17 03:00:00,INV5542,Notebook,Books,5,3,15,Online Gateway,Riverside,Returning
2024-02-01 02:00:00,INV5543,Novel,Books,1,474,474,Card,City Center,New
2024-12-20 08:00:00,INV5544,Smartphone,Electronics,1,20198,20198,UPI,City Center,Returning
2024-07-12 01:00:00,INV5545,Jeans,Fashion,2,1958,3916,Online Gateway,Riverside,Returning
2024-02-08 08:00:00,INV5546,Headphones,Electronics,4,1527,6108,Card,Riverside,New
2024-10-19 00:00:00,INV5547,Headphones,Electronics,4,1393,5572,UPI,Riverside,Returning
2024-04-09 05:00:00,INV5548,Shoes,Fashion,2,2550,5100,UPI,Riverside,Returning
2024-05-30 18:00:00,INV5549,Washing Machine,Home Appliances,5,15040,75200,Online Gateway,Riverside,Returning
2024-07-04 03:00:00,INV5550,Mixer Grinder,Home Appliances,3,3601,10803,Online Gateway,City Center,New
2024-01-12 08:00:00,INV5551,T-shirt,Fashion,5,747,3735,UPI,City Center,New
2024-03-14 21:00:00,INV5552,T-shirt,Fashion,4,920,3680,Card,Riverside,New
2024-04-16 03:00:00,INV5553,Washing Machine,Home Appliances,5,14866,74330,Online Gateway,Riverside,Returning
2024-05-11 20:00:00,INV5554,Mixer Grinder,Home Appliances,3,3356,10068,Card,City Center,Returning
2024-07-18 04:00:00,INV5555,Headphones,Electronics,4,1513,6052,Online Gateway,City Center,New
2024-02-09 10:00:00,INV5556,Pen Set,Books,3,209,627,Cash,Riverside,New
2024-01-22 02:00:00,INV5557,T-shirt,Fashion,3,670,2010,Cash,City Center,New
2024-10-06 23:00:00,INV5558,T-shirt,Fashion,4,1000,4000,UPI,City Center,New
2024-12-17 11:00:00,INV5559,Headphones,Electronics,2,1449,2898,Online Gateway,Riverside,New
2024-12-28 09:00:00,INV5560,T-shirt,Fashion,3,852,2556,Online Gateway,City Center,Returning
2024-09-22 00:00:00,INV5561,Smartphone,Electronics,5,19949,99745,Cash,Riverside,New
2024-11-15 01:00:00,INV5562,Shoes,Fashion,2,2632,5264,Card,City Center,Returning
2024-05-29 14:00:00,INV5563,Microwave,Home Appliances,5,7148,35740,Card,City Center,New
2024-02-19 16:00:00,INV5564,Microwave,Home Appliances,2,7155,14310,Cash,Riverside,Returning
2024-03-02 00:00:00,INV5565,Smartphone,Electronics,4,20049,80196,Online Gateway,Riverside,New
2024-01-17 06:00:00,INV5566,Washing Machine,Home Appliances,2,15008,30016,Card,City Center,Returning
2024-08-21 23:00:00,INV5567,Shoes,Fashion,1,2357,2357,Cash,City Center,New
2024-09-11 10:00:00,INV5568,Laptop,Electronics,1,60168,60168,UPI,Riverside,New
2024-04-16 16:00:00,INV5569,Washing Machine,Home Appliances,3,15195,45585,Card,City Center,New
2024-09-01 11:00:00,INV5570,Washing Machine,Home Appliances,4,15145,60580,Online Gateway,City Center,New
2024-02-20 11:00:00,INV5571,Pen Set,Books,5,159,795,Online Gateway,Riverside,New
2024-03-05 03:00:00,INV5572,Pen Set,Books,2,45,90,Cash,Riverside,Returning
2024-01-27 19:00:00,INV5573,Novel,Books,3,522,1566,Card,City Center,Returning
2024-12-28 05:00:00,INV5574,Washing Machine,Home Appliances,3,15090,45270,Cash,City Center,New
2024-02-23 11:00:00,INV5575,Headphones,Electronics,3,1618,4854,UPI,City Center,New
2024-11-16 00:00:00,INV5576,Jeans,Fashion,1,1934,1934,Cash,City Center,New
2024-11-02 01:00:00,INV5577,Jeans,Fashion,3,1800,5400,Cash,Riverside,Returning
2024-07-01 18:00:00,INV5578,Mixer Grinder,Home Appliances,1,3576,3576,Cash,City Center,New
2024-02-08 07:00:00,INV5579,T-shirt,Fashion,3,926,2778,Cash,City Center,Returning
2024-04-07 11:00:00,INV5580,Laptop,Electronics,3,59923,179769,Cash,Riverside,Returning
2024-09-04 02:00:00,INV5581,Washing Machine,Home Appliances,5,14974,74870,Cash,City Center,Returning
2024-08-13 02:00:00,INV5582,Shoes,Fashion,5,2624,13120,Cash,Riverside,New
2024-08-23 23:00:00,INV5583,Microwave,Home Appliances,3,7034,21102,UPI,Riverside,New
2024-08-07 19:00:00,INV5584,Shoes,Fashion,1,2619,2619,Cash,City Center,Returning
2024-01-22 03:00:00,INV5585,Mixer Grinder,Home Appliances,3,3495,10485,UPI,Riverside,New
2024-02-29 20:00:00,INV5586,Microwave,Home Appliances,4,7081,28324,UPI,City Center,New
2024-12-30 14:00:00,INV5587,Novel,Books,1,379,379,Online Gateway,City Center,Returning
2024-11-02 10:00:00,INV5588,Novel,Books,5,655,3275,Card,Riverside,New
2024-07-07 04:00:00,INV5589,Washing Machine,Home Appliances,1,14854,14854,UPI,Riverside,Returning
2024-05-30 22:00:00,INV5590,Mixer Grinder,Home Appliances,4,3357,13428,Cash,Riverside,Returning
2024-07-02 07:00:00,INV5591,Microwave,Home Appliances,3,7096,21288,Card,City Center,New
2024-07-28 21:00:00,INV5592,Washing Machine,Home Appliances,1,15043,15043,Cash,Riverside,New
2024-12-03 23:00:00,INV5593,Jeans,Fashion,5,1706,8530,UPI,City Center,Returning
2024-06-03 19:00:00,INV5594,Jeans,Fashion,5,1634,8170,UPI,Riverside,Returning
2024-11-22 13:00:00,INV5595,Microwave,Home Appliances,2,7079,14158,UPI,City Center,Returning
2024-02-24 05:00:00,INV5596,Shoes,Fashion,2,2596,5192,Card,Riverside,New
2024-11-03 02:00:00,INV5597,Washing Machine,Home Appliances,4,15137,60548,Card,City Center,Returning
2024-08-04 01:00:00,INV5598,Pen Set,Books,4,21,84,Cash,City Center,Returning
2024-03-30 19:00:00,INV5599,Mixer Grinder,Home Appliances,3,3517,10551,Online Gateway,Riverside,New
2024-09-24 03:00:00,INV5600,Laptop,Electronics,2,59803,119606,Card,Riverside,New
2024-09-22 05:00:00,INV5601,Headphones,Electronics,4,1391,5564,Online Gateway,Riverside,Returning
2024-01-29 20:00:00,INV5602,Novel,Books,5,631,3155,Card,Riverside,Returning
2024-03-02 14:00:00,INV5603,Smartphone,Electronics,3,20178,60534,Cash,City Center,Returning
2024-09-23 12:00:00,INV5604,Headphones,Electronics,5,1489,7445,UPI,Riverside,New
2024-12-18 00:00:00,INV5605,Shoes,Fashion,1,2578,2578,Online Gateway,City Center,New
2024-01-19 09:00:00,INV5606,Mixer Grinder,Home Appliances,5,3541,17705,Card,City Center,Returning
2024-04-20 06:00:00,INV5607,Shoes,Fashion,5,2666,13330,Card,Riverside,Returning
2024-08-05 01:00:00,INV5608,Microwave,Home Appliances,4,7182,28728,Cash,City Center,Returning
2024-09-29 05:00:00,INV5609,Headphones,Electronics,3,1365,4095,Online Gateway,Riverside,New
2024-07-13 21:00:00,INV5610,Laptop,Electronics,5,59831,299155,Cash,Riverside,New
2024-10-27 11:00:00,INV5611,Headphones,Electronics,1,1324,1324,Card,Riverside,New
2024-04-20 05:00:00,INV5612,Shoes,Fashion,3,2645,7935,UPI,Riverside,New
2024-12-08 02:00:00,INV5613,Notebook,Books,1,78,78,Online Gateway,Riverside,Returning
2024-11-26 13:00:00,INV5614,Smartphone,Electronics,5,20164,100820,Online Gateway,City Center,Returning
2024-08-16 04:00:00,INV5615,Smartphone,Electronics,4,19986,79944,Online Gateway,Riverside,Returning
2024-11-26 08:00:00,INV5616,Washing Machine,Home Appliances,4,15008,60032,UPI,City Center,Returning
2024-03-27 16:00:00,INV5617,Mixer Grinder,Home Appliances,2,3399,6798,UPI,Riverside,New
2024-09-10 17:00:00,INV5618,Laptop,Electronics,5,60165,300825,UPI,City Center,New
2024-11-04 04:00:00,INV5619,T-shirt,Fashion,2,945,1890,Online Gateway,Riverside,New
2024-11-20 21:00:00,INV5620,Microwave,Home Appliances,5,6902,34510,Card,City Center,New
2024-02-05 21:00:00,INV5621,Novel,Books,1,689,689,UPI,City Center,New
2024-12-13 18:00:00,INV5622,Microwave,Home Appliances,1,6985,6985,UPI,Riverside,New
2024-05-25 14:00:00,INV5623,Washing Machine,Home Appliances,1,15190,15190,Cash,Riverside,Returning
2024-02-07 16:00:00,INV5624,Notebook,Books,5,-42,-210,Cash,Riverside,New
2024-02-22 21:00:00,INV5625,Pen Set,Books,1,-128,-128,Cash,Riverside,New
2024-01-17 20:00:00,INV5626,Washing Machine,Home Appliances,1,14815,14815,Cash,City Center,Returning
2024-02-19 08:00:00,INV5627,Jeans,Fashion,5,1892,9460,Card,Riverside,Returning
2024-03-12 21:00:00,INV5628,Jeans,Fashion,5,1833,9165,Card,City Center,Returning
2024-12-18 14:00:00,INV5629,T-shirt,Fashion,5,856,4280,Card,Riverside,Returning
2024-08-30 03:00:00,INV5630,Smartphone,Electronics,5,19895,99475,Cash,Riverside,Returning
2024-08-21 14:00:00,INV5631,Microwave,Home Appliances,5,6846,34230,UPI,Riverside,New
2024-06-13 20:00:00,INV5632,Pen Set,Books,5,61,305,Online Gateway,Riverside,New
2024-01-08 03:00:00,INV5633,Headphones,Electronics,1,1406,1406,Cash,Riverside,New
2024-12-18 17:00:00,INV5634,Notebook,Books,4,116,464,UPI,City Center,New
2024-04-06 02:00:00,INV5635,T-shirt,Fashion,4,875,3500,UPI,Riverside,New
2024-01-18 13:00:00,INV5636,Pen Set,Books,4,192,768,Card,Riverside,New
2024-08-18 20:00:00,INV5637,Laptop,Electronics,1,60152,60152,Card,City Center,Returning
2024-07-13 19:00:00,INV5638,Notebook,Books,1,-56,-56,UPI,Riverside,New
2024-10-08 04:00:00,INV5639,Jeans,Fashion,1,1901,1901,Cash,Riverside,Returning
2024-09-11 07:00:00,INV5640,Shoes,Fashion,2,2553,5106,Cash,Riverside,New
2024-03-02 09:00:00,INV5641,Pen Set,Books,1,180,180,Card,City Center,Returning
2024-05-15 03:00:00,INV5642,Washing Machine,Home Appliances,2,14995,29990,Card,City Center,New
2024-03-31 21:00:00,INV5643,Laptop,Electronics,1,60169,60169,Cash,City Center,New
2024-05-09 00:00:00,INV5644,Smartphone,Electronics,5,20027,100135,Cash,City Center,Returning
2024-10-03 22:00:00,INV5645,Mixer Grinder,Home Appliances,1,3388,3388,Card,Riverside,Returning
2024-09-02 02:00:00,INV5646,Smartphone,Electronics,3,20078,60234,Card,City Center,New
2024-09-06 06:00:00,INV5647,Laptop,Electronics,3,60161,180483,Card,Riverside,Returning
2024-08-29 14:00:00,INV5648,Washing Machine,Home Appliances,1,14924,14924,Online Gateway,Riverside,New
2024-12-16 15:00:00,INV5649,Mixer Grinder,Home Appliances,1,3562,3562,Cash,City Center,New
2024-12-16 11:00:00,INV5650,Notebook,Books,4,166,664,Cash,Riverside,Returning
2024-12-18 08:00:00,INV5651,Microwave,Home Appliances,3,7193,21579,Online Gateway,City Center,Returning
2024-07-07 12:00:00,INV5652,Pen Set,Books,2,-113,-226,Cash,City Center,Returning
2024-09-30 07:00:00,INV5653,Notebook,Books,5,8,40,Card,City Center,Returning
2024-11-13 12:00:00,INV5654,Microwave,Home Appliances,2,7109,14218,Online Gateway,Riverside,New
2024-04-25 14:00:00,INV5655,Smartphone,Electronics,5,20099,100495,Cash,Riverside,New
2024-08-24 09:00:00,INV5656,Notebook,Books,4,210,840,Card,Riverside,Returning
2024-05-10 04:00:00,INV5657,Pen Set,Books,3,181,543,Cash,City Center,Returning
2024-12-27 07:00:00,INV5658,Microwave,Home Appliances,4,7045,28180,Cash,Riverside,Returning
2024-02-26 09:00:00,INV5659,Washing Machine,Home Appliances,2,15136,30272,Card,Riverside,New
2024-06-09 14:00:00,INV5660,Washing Machine,Home Appliances,5,15069,75345,UPI,City Center,New
2024-12-04 22:00:00,INV5661,Pen Set,Books,4,247,988,Card,Riverside,Returning
2024-02-08 12:00:00,INV5662,Headphones,Electronics,5,1381,6905,Card,Riverside,Returning
2024-03-31 10:00:00,INV5663,Washing Machine,Home Appliances,4,15063,60252,Cash,City Center,Returning
2024-08-17 10:00:00,INV5664,Notebook,Books,4,-57,-228,Online Gateway,Riverside,New
2024-04-09 19:00:00,INV5665,Headphones,Electronics,5,1628,8140,Cash,Riverside,Returning
2024-12-08 12:00:00,INV5666,Novel,Books,5,423,2115,UPI,City Center,New
2024-12-08 18:00:00,INV5667,Jeans,Fashion,3,1918,5754,Online Gateway,Riverside,Returning
2024-08-17 19:00:00,INV5668,Headphones,Electronics,4,1465,5860,Online Gateway,Riverside,Returning
2024-04-21 06:00:00,INV5669,Laptop,Electronics,5,59896,299480,UPI,City Center,Returning
2024-05-20 05:00:00,INV5670,Laptop,Electronics,1,60163,60163,UPI,City Center,Returning
2024-01-25 12:00:00,INV5671,Smartphone,Electronics,4,19968,79872,Online Gateway,City Center,New
2024-05-10 18:00:00,INV5672,Headphones,Electronics,5,1480,7400,Online Gateway,Riverside,New
2024-10-04 15:00:00,INV5673,Mixer Grinder,Home Appliances,5,3525,17625,Cash,City Center,Returning
2024-06-19 06:00:00,INV5674,Mixer Grinder,Home Appliances,4,3320,13280,Cash,Riverside,New
2024-12-21 11:00:00,INV5675,Laptop,Electronics,5,59894,299470,UPI,Riverside,New
2024-06-26 22:00:00,INV5676,Mixer Grinder,Home Appliances,4,3587,14348,Online Gateway,Riverside,Returning
2024-09-07 19:00:00,INV5677,Laptop,Electronics,2,60128,120256,Cash,City Center,New
2024-01-24 04:00:00,INV5678,Laptop,Electronics,1,59852,59852,Card,Riverside,New
2024-11-30 06:00:00,INV5679,Smartphone,Electronics,5,20000,100000,Cash,Riverside,Returning
2024-08-15 04:00:00,INV5680,Headphones,Electronics,5,1686,8430,Cash,Riverside,Returning
2024-05-28 15:00:00,INV5681,Headphones,Electronics,2,1382,2764,Card,City Center,Returning
2024-06-11 11:00:00,INV5682,Novel,Books,2,360,720,Cash,Riverside,New
2024-09-26 21:00:00,INV5683,Laptop,Electronics,1,60200,60200,Online Gateway,City Center,New
2024-11-08 12:00:00,INV5684,Headphones,Electronics,3,1388,4164,Online Gateway,Riverside,New
2024-02-12 08:00:00,INV5685,T-shirt,Fashion,5,831,4155,UPI,City Center,Returning
2024-09-26 14:00:00,INV5686,Pen Set,Books,3,-138,-414,UPI,Riverside,New
2024-03-26 22:00:00,INV5687,Notebook,Books,3,56,168,Online Gateway,Riverside,Returning
2024-06-29 01:00:00,INV5688,Notebook,Books,4,30,120,Cash,Riverside,Returning
2024-05-25 16:00:00,INV5689,Shoes,Fashion,3,2630,7890,UPI,Riverside,Returning
2024-03-16 13:00:00,INV5690,Shoes,Fashion,3,2469,7407,Cash,Riverside,Returning
2024-09-17 16:00:00,INV5691,Notebook,Books,4,181,724,Online Gateway,Riverside,New
2024-04-06 09:00:00,INV5692,Notebook,Books,3,159,477,Card,Riverside,New
2024-02-21 07:00:00,INV5693,Notebook,Books,3,235,705,Online Gateway,City Center,Returning
2024-08-30 23:00:00,INV5694,Microwave,Home Appliances,2,7022,14044,Online Gateway,Riverside,Returning
2024-05-04 23:00:00,INV5695,Shoes,Fashion,2,2315,4630,Online Gateway,Riverside,Returning
2024-05-23 08:00:00,INV5696,Mixer Grinder,Home Appliances,4,3302,13208,UPI,City Center,New
2024-06-18 00:00:00,INV5697,Notebook,Books,4,294,1176,Card,Riverside,Returning
2024-01-13 17:00:00,INV5698,Shoes,Fashion,4,2605,10420,UPI,City Center,Returning
2024-03-11 09:00:00,INV5699,Laptop,Electronics,3,59963,179889,Cash,Riverside,New
2024-06-12 05:00:00,INV5700,Novel,Books,2,572,1144,UPI,Riverside,Returning
2024-10-22 00:00:00,INV5701,Headphones,Electronics,1,1326,1326,Online Gateway,City Center,Returning
2024-12-24 19:00:00,INV5702,Headphones,Electronics,5,1688,8440,Card,City Center,Returning
2024-05-02 08:00:00,INV5703,Microwave,Home Appliances,2,7178,14356,Online Gateway,City Center,Returning
2024-06-09 22:00:00,INV5704,T-shirt,Fashion,3,941,2823,Cash,City Center,New
2024-08-23 09:00:00,INV5705,Smartphone,Electronics,4,19870,79480,UPI,Riverside,New
2024-05-15 21:00:00,INV5706,Jeans,Fashion,1,1946,1946,Card,City Center,Returning
2024-03-16 19:00:00,INV5707,Jeans,Fashion,1,1936,1936,Card,City Center,Returning
2024-02-25 22:00:00,INV5708,Shoes,Fashion,3,2416,7248,Cash,City Center,Returning
2024-08-19 16:00:00,INV5709,Novel,Books,3,695,2085,Card,City Center,Returning
2024-04-02 18:00:00,INV5710,Novel,Books,3,396,1188,Cash,City Center,New
2024-02-14 23:00:00,INV5711,Headphones,Electronics,2,1636,3272,UPI,City Center,Returning
2024-06-24 06:00:00,INV5712,Headphones,Electronics,4,1483,5932,Card,Riverside,Returning
2024-09-18 16:00:00,INV5713,Headphones,Electronics,5,1522,7610,Online Gateway,City Center,Returning
2024-10-28 11:00:00,INV5714,Smartphone,Electronics,1,20068,20068,UPI,Riverside,New
2024-02-03 21:00:00,INV5715,Mixer Grinder,Home Appliances,2,3583,7166,UPI,Riverside,Returning
2024-07-31 01:00:00,INV5716,Jeans,Fashion,1,1732,1732,Online Gateway,City Center,New
2024-03-25 15:00:00,INV5717,Novel,Books,2,465,930,Cash,City Center,Returning
2024-12-20 18:00:00,INV5718,Notebook,Books,3,76,228,UPI,Riverside,New
2024-09-03 07:00:00,INV5719,Pen Set,Books,4,207,828,Cash,Riverside,New
2024-04-20 13:00:00,INV5720,Microwave,Home Appliances,2,7078,14156,Cash,Riverside,Returning
2024-05-19 04:00:00,INV5721,Shoes,Fashion,2,2526,5052,UPI,Riverside,New
2024-11-24 04:00:00,INV5722,Headphones,Electronics,1,1641,1641,UPI,Riverside,Returning
2024-02-17 13:00:00,INV5723,Washing Machine,Home Appliances,2,15189,30378,Online Gateway,Riverside,New
2024-12-22 14:00:00,INV5724,Headphones,Electronics,4,1314,5256,UPI,City Center,Returning
2024-04-30 17:00:00,INV5725,Washing Machine,Home Appliances,2,14807,29614,Cash,Riverside,New
2024-06-17 09:00:00,INV5726,Smartphone,Electronics,5,20020,100100,Card,City Center,New
2024-03-25 22:00:00,INV5727,Novel,Books,5,472,2360,Cash,Riverside,Returning
2024-06-26 22:00:00,INV5728,Laptop,Electronics,3,59971,179913,Cash,Riverside,New
2024-07-14 03:00:00,INV5729,Headphones,Electronics,4,1525,6100,Card,City Center,New
2024-01-21 14:00:00,INV5730,Shoes,Fashion,3,2700,8100,Card,City Center,Returning
2024-10-23 12:00:00,INV5731,Mixer Grinder,Home Appliances,3,3346,10038,UPI,City Center,New
2024-03-15 08:00:00,INV5732,Headphones,Electronics,3,1611,4833,Card,Riverside,Returning
2024-05-26 06:00:00,INV5733,Jeans,Fashion,1,1947,1947,Card,City Center,New
2024-06-06 18:00:00,INV5734,Smartphone,Electronics,2,19930,39860,Card,Riverside,Returning
2024-08-07 10:00:00,INV5735,Jeans,Fashion,4,1793,7172,Online Gateway,City Center,New
2024-08-14 04:00:00,INV5736,Smartphone,Electronics,3,19949,59847,Cash,Riverside,Returning
2024-10-05 09:00:00,INV5737,Shoes,Fashion,1,2566,2566,Card,Riverside,New
2024-10-14 05:00:00,INV5738,Washing Machine,Home Appliances,5,14990,74950,Card,City Center,New
2024-07-13 02:00:00,INV5739,Notebook,Books,2,240,480,Online Gateway,Riverside,New
2024-10-22 02:00:00,INV5740,Notebook,Books,1,64,64,Cash,Riverside,New
2024-10-13 05:00:00,INV5741,Notebook,Books,5,-42,-210,Online Gateway,City Center,Returning
2024-11-12 23:00:00,INV5742,Jeans,Fashion,1,1831,1831,Card,City Center,New
2024-11-15 13:00:00,INV5743,Washing Machine,Home Appliances,2,15150,30300,Cash,City Center,Returning
2024-09-16 03:00:00,INV5744,Shoes,Fashion,5,2379,11895,Card,City Center,New
2024-07-07 22:00:00,INV5745,Washing Machine,Home Appliances,5,14838,74190,UPI,Riverside,New
2024-09-06 03:00:00,INV5746,Notebook,Books,4,122,488,Online Gateway,City Center,New
2024-02-24 16:00:00,INV5747,Jeans,Fashion,2,1889,3778,Online Gateway,Riverside,New
2024-05-03 10:00:00,INV5748,Microwave,Home Appliances,3,6977,20931,Cash,Riverside,New
2024-05-02 10:00:00,INV5749,Laptop,Electronics,3,59940,179820,UPI,City Center,New
2024-05-13 05:00:00,INV5750,Headphones,Electronics,1,1367,1367,Online Gateway,City Center,Returning
2024-08-08 16:00:00,INV5751,Mixer Grinder,Home Appliances,5,3317,16585,Card,Riverside,Returning
2024-10-27 04:00:00,INV5752,Laptop,Electronics,2,60104,120208,UPI,Riverside,Returning
2024-08-26 18:00:00,INV5753,Washing Machine,Home Appliances,1,14921,14921,Cash,Riverside,New
2024-01-06 06:00:00,INV5754,Novel,Books,2,439,878,Online Gateway,Riverside,Returning
2024-08-21 10:00:00,INV5755,T-shirt,Fashion,1,874,874,Card,City Center,Returning
2024-02-19 15:00:00,INV5756,Mixer Grinder,Home Appliances,5,3349,16745,Cash,City Center,New
2024-04-19 23:00:00,INV5757,Mixer Grinder,Home Appliances,2,3528,7056,Card,City Center,New
2024-02-26 22:00:00,INV5758,Jeans,Fashion,1,1724,1724,Card,Riverside,Returning
2024-09-25 21:00:00,INV5759,Laptop,Electronics,1,60079,60079,UPI,City Center,New
2024-10-04 23:00:00,INV5760,Laptop,Electronics,1,59920,59920,Card,Riverside,New
2024-10-05 11:00:00,INV5761,Headphones,Electronics,1,1694,1694,Card,City Center,Returning
2024-07-08 03:00:00,INV5762,Mixer Grinder,Home Appliances,1,3670,3670,Online Gateway,City Center,Returning
2024-04-30 07:00:00,INV5763,Laptop,Electronics,2,60075,120150,Cash,Riverside,New
2024-06-19 06:00:00,INV5764,Pen Set,Books,4,157,628,Cash,Riverside,Returning
2024-04-04 05:00:00,INV5765,Notebook,Books,4,119,476,Online Gateway,City Center,New
2024-06-23 04:00:00,INV5766,Laptop,Electronics,1,59981,59981,Card,City Center,Returning
2024-04-28 09:00:00,INV5767,Pen Set,Books,1,249,249,Cash,Riverside,New
2024-09-08 16:00:00,INV5768,Microwave,Home Appliances,1,7022,7022,Card,Riverside,Returning
2024-05-28 08:00:00,INV5769,Laptop,Electronics,5,60110,300550,UPI,City Center,New
2024-07-17 06:00:00,INV5770,Shoes,Fashion,4,2303,9212,UPI,City Center,New
2024-01-27 02:00:00,INV5771,Novel,Books,1,618,618,UPI,Riverside,Returning
2024-07-27 22:00:00,INV5772,T-shirt,Fashion,3,815,2445,Online Gateway,City Center,Returning
2024-02-27 07:00:00,INV5773,Jeans,Fashion,3,1799,5397,Cash,City Center,Returning
2024-02-19 05:00:00,INV5774,Washing Machine,Home Appliances,4,14840,59360,Card,Riverside,Returning
2024-08-25 20:00:00,INV5775,Pen Set,Books,1,202,202,Online Gateway,City Center,Returning
2024-01-21 10:00:00,INV5776,Shoes,Fashion,5,2481,12405,Online Gateway,City Center,New
2024-06-04 09:00:00,INV5777,Pen Set,Books,4,241,964,Online Gateway,Riverside,New
2024-09-05 22:00:00,INV5778,Laptop,Electronics,3,59986,179958,Online Gateway,City Center,Returning
2024-05-27 06:00:00,INV5779,Smartphone,Electronics,2,20078,40156,Online Gateway,Riverside,New
2024-05-17 08:00:00,INV5780,Headphones,Electronics,2,1411,2822,UPI,Riverside,New
2024-03-21 20:00:00,INV5781,T-shirt,Fashion,3,800,2400,Online Gateway,City Center,Returning
2024-07-27 22:00:00,INV5782,Washing Machine,Home Appliances,2,15172,30344,Card,City Center,Returning
2024-03-19 10:00:00,INV5783,Notebook,Books,1,-64,-64,Online Gateway,Riverside,New
2024-07-23 12:00:00,INV5784,Notebook,Books,3,-11,-33,Cash,Riverside,New
2024-05-04 11:00:00,INV5785,T-shirt,Fashion,5,716,3580,Cash,Riverside,Returning
2024-08-20 17:00:00,INV5786,Shoes,Fashion,4,2434,9736,Online Gateway,City Center,Returning
2024-05-11 15:00:00,INV5787,Washing Machine,Home Appliances,3,14993,44979,Online Gateway,Riverside,New
2024-07-07 18:00:00,INV5788,Shoes,Fashion,4,2582,10328,Card,City Center,New
2024-01-29 09:00:00,INV5789,T-shirt,Fashion,5,712,3560,Online Gateway,City Center,Returning
2024-08-06 22:00:00,INV5790,Pen Set,Books,2,203,406,Cash,Riverside,New
2024-02-14 17:00:00,INV5791,Pen Set,Books,2,249,498,Cash,City Center,Returning
2024-04-09 11:00:00,INV5792,Laptop,Electronics,4,59968,239872,Card,Riverside,New
2024-04-22 05:00:00,INV5793,Laptop,Electronics,3,59825,179475,Online Gateway,City Center,New
2024-06-29 20:00:00,INV5794,Smartphone,Electronics,5,20031,100155,Card,City Center,New
2024-03-30 20:00:00,INV5795,T-shirt,Fashion,4,663,2652,Card,City Center,New
2024-11-27 22:00:00,INV5796,Mixer Grinder,Home Appliances,1,3528,3528,Online Gateway,City Center,Returning
2024-04-17 12:00:00,INV5797,Jeans,Fashion,4,1869,7476,UPI,Riverside,Returning
2024-10-29 09:00:00,INV5798,Novel,Books,5,529,2645,Cash,Riverside,New
2024-03-30 23:00:00,INV5799,Headphones,Electronics,1,1551,1551,Cash,City Center,Returning
2024-10-09 04:00:00,INV5800,Mixer Grinder,Home Appliances,4,3471,13884,Online Gateway,Riverside,New
2024-03-08 19:00:00,INV5801,Mixer Grinder,Home Appliances,5,3573,17865,Cash,City Center,Returning
2024-12-08 11:00:00,INV5802,Smartphone,Electronics,4,19908,79632,UPI,Riverside,New
2024-10-22 00:00:00,INV5803,Smartphone,Electronics,4,19902,79608,Cash,City Center,Returning
2024-03-23 17:00:00,INV5804,Jeans,Fashion,3,1829,5487,Card,Riverside,New
2024-12-19 16:00:00,INV5805,Washing Machine,Home Appliances,5,14956,74780,Online Gateway,City Center,Returning
2024-03-31 21:00:00,INV5806,Mixer Grinder,Home Appliances,5,3336,16680,Cash,City Center,New
2024-04-05 16:00:00,INV5807,Washing Machine,Home Appliances,5,14885,74425,Cash,City Center,New
2024-10-25 12:00:00,INV5808,Notebook,Books,1,155,155,Cash,Riverside,Returning
2024-04-18 05:00:00,INV5809,Jeans,Fashion,2,1949,3898,Card,City Center,Returning
2024-02-07 13:00:00,INV5810,Shoes,Fashion,2,2515,5030,Cash,City Center,New
2024-09-09 12:00:00,INV5811,Microwave,Home Appliances,5,7069,35345,UPI,Riverside,New
2024-03-10 21:00:00,INV5812,Laptop,Electronics,3,60152,180456,Cash,City Center,Returning
2024-04-30 01:00:00,INV5813,Notebook,Books,2,207,414,UPI,Riverside,Returning
2024-08-22 06:00:00,INV5814,Mixer Grinder,Home Appliances,3,3557,10671,Card,Riverside,Returning
2024-12-01 12:00:00,INV5815,Shoes,Fashion,5,2600,13000,Cash,City Center,Returning
2024-02-27 10:00:00,INV5816,T-shirt,Fashion,2,909,1818,Card,City Center,Returning
2024-02-22 00:00:00,INV5817,Jeans,Fashion,1,1824,1824,UPI,City Center,New
2024-08-23 10:00:00,INV5818,Jeans,Fashion,5,1634,8170,UPI,Riverside,Returning
2024-09-10 07:00:00,INV5819,Headphones,Electronics,1,1660,1660,Card,City Center,Returning
2024-10-20 04:00:00,INV5820,Laptop,Electronics,1,60156,60156,Online Gateway,City Center,Returning
2024-09-27 07:00:00,INV5821,Jeans,Fashion,3,1650,4950,Card,Riverside,Returning
2024-02-14 02:00:00,INV5822,Shoes,Fashion,1,2460,2460,Online Gateway,City Center,New
2024-03-26 08:00:00,INV5823,Novel,Books,2,304,608,Online Gateway,Riverside,Returning
2024-09-11 19:00:00,INV5824,Novel,Books,1,633,633,Online Gateway,Riverside,Returning
2024-06-26 00:00:00,INV5825,Novel,Books,5,537,2685,Card,Riverside,New
2024-04-13 04:00:00,INV5826,Mixer Grinder,Home Appliances,5,3609,18045,Card,City Center,Returning
2024-07-10 19:00:00,INV5827,Microwave,Home Appliances,2,6968,13936,Cash,Riverside,Returning
2024-05-28 01:00:00,INV5828,Mixer Grinder,Home Appliances,1,3334,3334,Card,City Center,Returning
2024-01-10 04:00:00,INV5829,Shoes,Fashion,4,2531,10124,Cash,Riverside,New
2024-07-19 18:00:00,INV5830,Smartphone,Electronics,4,20136,80544,Card,Riverside,New
2024-10-26 16:00:00,INV5831,Pen Set,Books,2,6,12,Card,City Center,New
2024-07-11 15:00:00,INV5832,Pen Set,Books,3,-102,-306,Card,City Center,Returning
2024-11-02 05:00:00,INV5833,Notebook,Books,2,-6,-12,Card,Riverside,Returning
2024-08-22 02:00:00,INV5834,T-shirt,Fashion,1,648,648,Cash,Riverside,Returning
2024-10-27 09:00:00,INV5835,T-shirt,Fashion,2,751,1502,UPI,City Center,New
2024-07-09 16:00:00,INV5836,Headphones,Electronics,3,1425,4275,UPI,City Center,Returning
2024-03-18 23:00:00,INV5837,Microwave,Home Appliances,4,6979,27916,Cash,City Center,Returning
2024-11-25 19:00:00,INV5838,Notebook,Books,1,72,72,Online Gateway,Riverside,New
2024-03-01 22:00:00,INV5839,Novel,Books,5,445,2225,Cash,Riverside,Returning
2024-08-18 01:00:00,INV5840,Jeans,Fashion,2,1917,3834,Cash,City Center,Returning
2024-12-21 16:00:00,INV5841,Laptop,Electronics,3,59959,179877,Card,Riverside,Returning
2024-12-09 04:00:00,INV5842,Smartphone,Electronics,5,19828,99140,Card,Riverside,New
2024-11-21 13:00:00,INV5843,Notebook,Books,1,-87,-87,Card,Riverside,Returning
2024-03-27 04:00:00,INV5844,Jeans,Fashion,5,1736,8680,Card,City Center,New
2024-08-27 17:00:00,INV5845,Notebook,Books,2,23,46,Online Gateway,Riverside,Returning
2024-10-28 13:00:00,INV5846,Washing Machine,Home Appliances,5,15139,75695,Online Gateway,City Center,New
2024-10-19 08:00:00,INV5847,Novel,Books,3,419,1257,Card,Riverside,New
2024-09-14 23:00:00,INV5848,Novel,Books,3,347,1041,Cash,City Center,New
2024-03-04 02:00:00,INV5849,Novel,Books,2,456,912,Card,Riverside,New
2024-04-18 06:00:00,INV5850,T-shirt,Fashion,1,793,793,Online Gateway,City Center,New
2024-02-11 17:00:00,INV5851,T-shirt,Fashion,4,697,2788,Card,Riverside,New
2024-02-13 01:00:00,INV5852,Shoes,Fashion,3,2406,7218,Online Gateway,Riverside,New
2024-10-14 11:00:00,INV5853,Pen Set,Books,5,45,225,Online Gateway,Riverside,New
2024-12-18 17:00:00,INV5854,Mixer Grinder,Home Appliances,4,3697,14788,UPI,Riverside,New
2024-07-29 11:00:00,INV5855,T-shirt,Fashion,2,972,1944,Card,Riverside,New
2024-07-05 12:00:00,INV5856,Mixer Grinder,Home Appliances,3,3475,10425,Cash,Riverside,Returning
2024-01-20 22:00:00,INV5857,Shoes,Fashion,3,2311,6933,UPI,City Center,Returning
2024-01-22 11:00:00,INV5858,Novel,Books,3,545,1635,Cash,City Center,Returning
2024-02-19 15:00:00,INV5859,Novel,Books,4,445,1780,UPI,City Center,Returning
2024-09-19 09:00:00,INV5860,Novel,Books,1,540,540,Online Gateway,Riverside,New
2024-01-12 07:00:00,INV5861,T-shirt,Fashion,4,663,2652,Card,City Center,New
2024-12-13 06:00:00,INV5862,Novel,Books,5,474,2370,UPI,City Center,Returning
2024-11-20 02:00:00,INV5863,Shoes,Fashion,3,2445,7335,Online Gateway,Riverside,Returning
2024-09-07 08:00:00,INV5864,Washing Machine,Home Appliances,4,15101,60404,UPI,Riverside,New
2024-11-28 19:00:00,INV5865,Washing Machine,Home Appliances,1,15034,15034,Cash,Riverside,New
2024-05-18 20:00:00,INV5866,Smartphone,Electronics,3,20118,60354,Online Gateway,City Center,New
2024-02-02 19:00:00,INV5867,Laptop,Electronics,2,60068,120136,UPI,Riverside,New
2024-09-16 06:00:00,INV5868,Jeans,Fashion,4,1845,7380,UPI,Riverside,Returning
2024-01-26 22:00:00,INV5869,Pen Set,Books,3,-150,-450,UPI,City Center,Returning
2024-06-09 01:00:00,INV5870,Laptop,Electronics,1,59996,59996,Online Gateway,Riverside,Returning
2024-06-02 04:00:00,INV5871,Novel,Books,2,404,808,UPI,City Center,Returning
2024-04-17 04:00:00,INV5872,Novel,Books,4,594,2376,UPI,City Center,Returning
2024-10-15 03:00:00,INV5873,Jeans,Fashion,1,1930,1930,UPI,Riverside,Returning
2024-07-28 17:00:00,INV5874,Pen Set,Books,5,-33,-165,Online Gateway,Riverside,Returning
2024-11-20 12:00:00,INV5875,Laptop,Electronics,2,60164,120328,UPI,City Center,Returning
2024-08-05 06:00:00,INV5876,Smartphone,Electronics,4,20159,80636,Card,Riverside,Returning
2024-07-15 08:00:00,INV5877,Smartphone,Electronics,3,19817,59451,Card,Riverside,New
2024-01-03 18:00:00,INV5878,Notebook,Books,2,175,350,UPI,Riverside,Returning
2024-11-09 21:00:00,INV5879,Pen Set,Books,2,236,472,Online Gateway,Riverside,New
2024-07-11 08:00:00,INV5880,Notebook,Books,4,289,1156,Card,Riverside,New
2024-02-17 12:00:00,INV5881,Pen Set,Books,4,136,544,Cash,Riverside,New
2024-08-26 18:00:00,INV5882,Jeans,Fashion,5,1779,8895,Card,City Center,New
2024-11-07 01:00:00,INV5883,Laptop,Electronics,1,60191,60191,Card,Riverside,Returning
2024-07-05 07:00:00,INV5884,Novel,Books,3,343,1029,Card,City Center,Returning
2024-05-19 03:00:00,INV5885,Notebook,Books,5,88,440,Card,Riverside,Returning
2024-01-23 20:00:00,INV5886,Jeans,Fashion,5,1792,8960,Online Gateway,City Center,New
2024-11-15 19:00:00,INV5887,Washing Machine,Home Appliances,3,15012,45036,Card,City Center,New
2024-12-10 08:00:00,INV5888,Pen Set,Books,4,-40,-160,UPI,Riverside,Returning
2024-01-09 06:00:00,INV5889,Shoes,Fashion,5,2432,12160,Online Gateway,Riverside,New
2024-01-24 19:00:00,INV5890,Shoes,Fashion,1,2575,2575,Cash,City Center,New
2024-02-02 22:00:00,INV5891,Shoes,Fashion,3,2525,7575,Online Gateway,City Center,Returning
2024-02-18 22:00:00,INV5892,Pen Set,Books,1,79,79,Card,City Center,Returning
2024-01-08 10:00:00,INV5893,T-shirt,Fashion,3,782,2346,Online Gateway,Riverside,Returning
2024-04-03 12:00:00,INV5894,Headphones,Electronics,4,1369,5476,Online Gateway,City Center,Returning
2024-06-19 06:00:00,INV5895,Microwave,Home Appliances,5,6960,34800,Cash,Riverside,Returning
2024-01-31 14:00:00,INV5896,T-shirt,Fashion,4,995,3980,UPI,Riverside,Returning
2024-09-16 16:00:00,INV5897,Notebook,Books,2,46,92,UPI,City Center,Returning
2024-02-03 06:00:00,INV5898,Shoes,Fashion,4,2683,10732,Online Gateway,Riverside,New
2024-11-12 17:00:00,INV5899,Shoes,Fashion,4,2499,9996,Online Gateway,Riverside,Returning
2024-04-26 11:00:00,INV5900,T-shirt,Fashion,1,735,735,Card,City Center,Returning
2024-07-10 04:00:00,INV5901,Washing Machine,Home Appliances,4,14981,59924,Cash,Riverside,Returning
2024-10-31 01:00:00,INV5902,Jeans,Fashion,2,1752,3504,Cash,City Center,Returning
2024-05-08 12:00:00,INV5903,Microwave,Home Appliances,2,7133,14266,Card,City Center,New
2024-01-31 11:00:00,INV5904,Laptop,Electronics,1,60092,60092,UPI,City Center,Returning
2024-02-17 01:00:00,INV5905,Jeans,Fashion,4,1782,7128,Card,City Center,Returning
2024-03-07 21:00:00,INV5906,Pen Set,Books,3,25,75,Card,Riverside,Returning
2024-05-02 05:00:00,INV5907,Jeans,Fashion,2,1775,3550,Card,City Center,New
2024-12-20 20:00:00,INV5908,Washing Machine,Home Appliances,4,14816,59264,Cash,City Center,Returning
2024-07-30 10:00:00,INV5909,Microwave,Home Appliances,1,7092,7092,Cash,City Center,New
2024-10-22 19:00:00,INV5910,Pen Set,Books,2,7,14,UPI,Riverside,New
2024-03-03 02:00:00,INV5911,Smartphone,Electronics,5,20152,100760,Online Gateway,Riverside,New
2024-02-07 05:00:00,INV5912,Smartphone,Electronics,5,19852,99260,UPI,City Center,Returning
2024-02-27 22:00:00,INV5913,T-shirt,Fashion,4,818,3272,Cash,Riverside,Returning
2024-05-21 05:00:00,INV5914,Microwave,Home Appliances,4,7017,28068,Cash,Riverside,Returning
2024-06-25 15:00:00,INV5915,Notebook,Books,1,43,43,Online Gateway,Riverside,Returning
2024-07-05 15:00:00,INV5916,Notebook,Books,4,180,720,Card,City Center,Returning
2024-04-04 07:00:00,INV5917,Pen Set,Books,2,38,76,Online Gateway,Riverside,Returning
2024-05-23 00:00:00,INV5918,Laptop,Electronics,5,60128,300640,Cash,Riverside,New
2024-04-08 19:00:00,INV5919,Pen Set,Books,2,204,408,Card,City Center,New
2024-06-28 16:00:00,INV5920,Novel,Books,2,554,1108,Online Gateway,Riverside,New
2024-03-04 03:00:00,INV5921,Jeans,Fashion,3,1846,5538,Card,Riverside,New
2024-09-20 14:00:00,INV5922,Headphones,Electronics,1,1429,1429,Cash,Riverside,New
2024-10-22 08:00:00,INV5923,Shoes,Fashion,1,2572,2572,Online Gateway,Riverside,New
2024-08-20 18:00:00,INV5924,T-shirt,Fashion,4,757,3028,Online Gateway,City Center,New
2024-05-01 13:00:00,INV5925,Mixer Grinder,Home Appliances,5,3346,16730,UPI,Riverside,Returning
2024-08-26 19:00:00,INV5926,Headphones,Electronics,3,1533,4599,UPI,Riverside,New
2024-11-16 06:00:00,INV5927,Laptop,Electronics,2,59967,119934,UPI,Riverside,New
2024-02-18 15:00:00,INV5928,Laptop,Electronics,2,60169,120338,Card,Riverside,New
2024-12-11 22:00:00,INV5929,Jeans,Fashion,1,1875,1875,Online Gateway,Riverside,Returning
2024-07-31 21:00:00,INV5930,Microwave,Home Appliances,4,6954,27816,Cash,City Center,New
2024-06-29 07:00:00,INV5931,Shoes,Fashion,3,2339,7017,Card,City Center,New
2024-08-30 02:00:00,INV5932,Jeans,Fashion,5,1791,8955,Card,Riverside,Returning
2024-06-01 07:00:00,INV5933,Jeans,Fashion,5,1640,8200,UPI,City Center,Returning
2024-06-07 01:00:00,INV5934,Notebook,Books,2,255,510,Cash,Riverside,Returning
2024-10-07 18:00:00,INV5935,Jeans,Fashion,5,1917,9585,Cash,Riverside,New
2024-03-06 17:00:00,INV5936,Headphones,Electronics,5,1492,7460,UPI,Riverside,New
2024-04-02 12:00:00,INV5937,Washing Machine,Home Appliances,4,14976,59904,Card,City Center,New
2024-02-12 22:00:00,INV5938,Smartphone,Electronics,5,19912,99560,UPI,City Center,New
2024-10-05 19:00:00,INV5939,Pen Set,Books,1,-50,-50,Cash,Riverside,Returning
2024-06-15 08:00:00,INV5940,Shoes,Fashion,3,2365,7095,Card,Riverside,New
2024-02-08 01:00:00,INV5941,Smartphone,Electronics,5,19989,99945,Online Gateway,City Center,New
2024-09-21 22:00:00,INV5942,Novel,Books,1,388,388,Cash,Riverside,New
2024-03-31 21:00:00,INV5943,Microwave,Home Appliances,2,6951,13902,Cash,City Center,Returning
2024-05-13 05:00:00,INV5944,Pen Set,Books,4,-105,-420,Card,City Center,New
2024-09-08 16:00:00,INV5945,Jeans,Fashion,3,1785,5355,Card,City Center,New
2024-03-01 22:00:00,INV5946,Jeans,Fashion,2,1619,3238,Card,City Center,Returning
2024-10-20 05:00:00,INV5947,T-shirt,Fashion,1,830,830,Online Gateway,City Center,New
2024-07-27 02:00:00,INV5948,Laptop,Electronics,5,60179,300895,Online Gateway,Riverside,Returning
2024-08-09 04:00:00,INV5949,Notebook,Books,3,63,189,Online Gateway,Riverside,Returning
2024-09-16 05:00:00,INV5950,Shoes,Fashion,3,2466,7398,UPI,City Center,New
2024-10-22 10:00:00,INV5951,Novel,Books,5,350,1750,Card,Riverside,Returning
2024-11-19 17:00:00,INV5952,Jeans,Fashion,2,1628,3256,Online Gateway,Riverside,New
2024-01-29 15:00:00,INV5953,Novel,Books,1,311,311,Online Gateway,City Center,Returning
2024-07-13 05:00:00,INV5954,Notebook,Books,4,253,1012,Cash,City Center,New
2024-03-19 22:00:00,INV5955,Pen Set,Books,5,175,875,Card,City Center,Returning
2024-11-03 21:00:00,INV5956,Headphones,Electronics,1,1507,1507,Card,Riverside,New
2024-07-24 02:00:00,INV5957,Headphones,Electronics,1,1624,1624,Online Gateway,Riverside,Returning
2024-09-20 10:00:00,INV5958,Headphones,Electronics,4,1616,6464,Online Gateway,City Center,New
2024-05-12 15:00:00,INV5959,Mixer Grinder,Home Appliances,2,3623,7246,UPI,Riverside,New
2024-06-07 05:00:00,INV5960,Pen Set,Books,1,-145,-145,UPI,City Center,New
2024-08-03 18:00:00,INV5961,Notebook,Books,3,152,456,Card,City Center,Returning
2024-06-14 08:00:00,INV5962,Laptop,Electronics,2,59880,119760,Card,City Center,New
2024-04-23 04:00:00,INV5963,Notebook,Books,4,36,144,UPI,Riverside,New
2024-01-08 22:00:00,INV5964,T-shirt,Fashion,2,884,1768,Online Gateway,City Center,New
2024-02-25 15:00:00,INV5965,Novel,Books,3,345,1035,UPI,Riverside,New
2024-12-06 21:00:00,INV5966,Pen Set,Books,1,19,19,Cash,City Center,Returning
2024-01-16 18:00:00,INV5967,Laptop,Electronics,4,59822,239288,UPI,City Center,New
2024-06-08 13:00:00,INV5968,Headphones,Electronics,3,1306,3918,Online Gateway,Riverside,Returning
2024-09-22 20:00:00,INV5969,Microwave,Home Appliances,3,7030,21090,Online Gateway,Riverside,New
2024-01-26 15:00:00,INV5970,Pen Set,Books,5,-139,-695,UPI,City Center,Returning
2024-04-07 02:00:00,INV5971,Washing Machine,Home Appliances,4,15152,60608,UPI,City Center,New
2024-03-14 02:00:00,INV5972,Smartphone,Electronics,4,19968,79872,UPI,Riverside,New
2024-01-20 07:00:00,INV5973,Shoes,Fashion,5,2586,12930,Online Gateway,Riverside,Returning
2024-06-26 19:00:00,INV5974,Jeans,Fashion,4,1956,7824,Card,City Center,New
2024-05-11 14:00:00,INV5975,Washing Machine,Home Appliances,1,15013,15013,Card,City Center,New
2024-05-31 00:00:00,INV5976,Smartphone,Electronics,1,20172,20172,Card,Riverside,New
2024-07-24 18:00:00,INV5977,T-shirt,Fashion,4,901,3604,UPI,Riverside,New
2024-08-13 17:00:00,INV5978,Novel,Books,5,307,1535,Card,City Center,New
2024-09-07 04:00:00,INV5979,Jeans,Fashion,1,1989,1989,UPI,Riverside,New
2024-08-21 11:00:00,INV5980,Mixer Grinder,Home Appliances,2,3667,7334,UPI,Riverside,New
2024-04-02 04:00:00,INV5981,Novel,Books,1,432,432,Online Gateway,City Center,Returning
2024-09-12 00:00:00,INV5982,Shoes,Fashion,3,2525,7575,Card,City Center,Returning
2024-08-30 10:00:00,INV5983,Smartphone,Electronics,4,20042,80168,Card,City Center,Returning
2024-01-16 22:00:00,INV5984,Pen Set,Books,2,-86,-172,Online Gateway,Riverside,New
2024-04-04 00:00:00,INV5985,Mixer Grinder,Home Appliances,3,3561,10683,Online Gateway,Riverside,Returning
2024-02-28 20:00:00,INV5986,Washing Machine,Home Appliances,2,15103,30206,Card,Riverside,New
2024-09-13 02:00:00,INV5987,Headphones,Electronics,5,1384,6920,Cash,City Center,New
2024-01-16 11:00:00,INV5988,Headphones,Electronics,2,1491,2982,Card,City Center,Returning
2024-08-29 22:00:00,INV5989,Mixer Grinder,Home Appliances,5,3475,17375,Online Gateway,Riverside,Returning
2024-08-19 21:00:00,INV5990,Microwave,Home Appliances,4,7127,28508,Online Gateway,City Center,Returning
2024-12-12 03:00:00,INV5991,T-shirt,Fashion,3,882,2646,Card,Riverside,Returning
2024-11-05 21:00:00,INV5992,Pen Set,Books,3,144,432,UPI,Riverside,Returning
2024-01-19 14:00:00,INV5993,Headphones,Electronics,1,1418,1418,UPI,City Center,New
2024-02-27 23:00:00,INV5994,Microwave,Home Appliances,3,6976,20928,UPI,City Center,Returning
2024-02-25 20:00:00,INV5995,T-shirt,Fashion,5,962,4810,Online Gateway,Riverside,New
2024-05-02 11:00:00,INV5996,Notebook,Books,1,261,261,UPI,Riverside,New
2024-09-05 17:00:00,INV5997,Washing Machine,Home Appliances,4,14965,59860,Cash,City Center,Returning
2024-07-19 13:00:00,INV5998,Washing Machine,Home Appliances,3,14971,44913,Card,Riverside,Returning
2024-05-28 17:00:00,INV5999,Jeans,Fashion,3,1636,4908,UPI,Riverside,Returning
2024-08-15 06:00:00,INV6000,Smartphone,Electronics,5,20006,100030,Online Gateway,Riverside,New
2024-05-11 06:00:00,INV6001,Pen Set,Books,1,-125,-125,Card,Riverside,New
2024-09-24 06:00:00,INV6002,Laptop,Electronics,1,60002,60002,Card,City Center,New
2024-07-13 01:00:00,INV6003,Pen Set,Books,3,144,432,Online Gateway,City Center,New
2024-10-16 11:00:00,INV6004,T-shirt,Fashion,2,664,1328,UPI,City Center,Returning
2024-11-26 23:00:00,INV6005,Notebook,Books,5,-15,-75,Online Gateway,Riverside,Returning
2024-06-01 14:00:00,INV6006,Mixer Grinder,Home Appliances,1,3590,3590,UPI,Riverside,New
2024-07-05 18:00:00,INV6007,Smartphone,Electronics,5,19817,99085,UPI,City Center,New
2024-07-18 21:00:00,INV6008,Shoes,Fashion,3,2583,7749,Cash,City Center,Returning
2024-07-30 04:00:00,INV6009,Shoes,Fashion,4,2682,10728,Card,Riverside,Returning
2024-08-16 08:00:00,INV6010,Washing Machine,Home Appliances,4,14853,59412,UPI,Riverside,Returning
2024-11-30 17:00:00,INV6011,T-shirt,Fashion,4,608,2432,UPI,City Center,New
2024-02-10 23:00:00,INV6012,Washing Machine,Home Appliances,1,15114,15114,Online Gateway,Riverside,Returning
2024-08-21 15:00:00,INV6013,Pen Set,Books,4,174,696,Card,Riverside,New
2024-12-21 23:00:00,INV6014,Laptop,Electronics,3,60183,180549,Card,Riverside,Returning
2024-03-20 11:00:00,INV6015,Novel,Books,5,332,1660,Cash,City Center,Returning
2024-10-15 12:00:00,INV6016,Washing Machine,Home Appliances,4,15178,60712,Card,Riverside,New
2024-12-30 01:00:00,INV6017,Headphones,Electronics,1,1482,1482,UPI,City Center,New
2024-06-22 22:00:00,INV6018,Laptop,Electronics,4,60032,240128,UPI,Riverside,New
2024-10-29 17:00:00,INV6019,Smartphone,Electronics,2,19997,39994,Card,Riverside,Returning
2024-03-23 22:00:00,INV6020,Shoes,Fashion,5,2489,12445,Online Gateway,Riverside,Returning
2024-08-21 04:00:00,INV6021,T-shirt,Fashion,4,601,2404,Online Gateway,City Center,Returning
2024-06-15 14:00:00,INV6022,Jeans,Fashion,1,1941,1941,Cash,City Center,Returning
2024-06-06 07:00:00,INV6023,Microwave,Home Appliances,3,6989,20967,Cash,City Center,Returning
2024-07-12 13:00:00,INV6024,T-shirt,Fashion,1,757,757,Card,Riverside,New
2024-03-26 21:00:00,INV6025,Notebook,Books,1,119,119,UPI,City Center,New
2024-07-05 23:00:00,INV6026,Mixer Grinder,Home Appliances,3,3639,10917,Online Gateway,Riverside,Returning
2024-07-03 19:00:00,INV6027,Microwave,Home Appliances,4,6979,27916,Online Gateway,Riverside,New
2024-04-20 04:00:00,INV6028,Microwave,Home Appliances,1,6985,6985,UPI,Riverside,Returning
2024-02-13 13:00:00,INV6029,Notebook,Books,2,226,452,UPI,City Center,Returning
2024-11-27 07:00:00,INV6030,Mixer Grinder,Home Appliances,4,3636,14544,Online Gateway,City Center,Returning
2024-09-25 17:00:00,INV6031,Washing Machine,Home Appliances,5,14889,74445,Card,City Center,Returning
2024-04-21 17:00:00,INV6032,Novel,Books,1,549,549,Online Gateway,City Center,Returning
2024-05-13 07:00:00,INV6033,Smartphone,Electronics,3,19907,59721,UPI,Riverside,Returning
2024-10-09 00:00:00,INV6034,Smartphone,Electronics,1,20139,20139,Cash,City Center,New
2024-11-06 00:00:00,INV6035,Jeans,Fashion,3,1836,5508,Online Gateway,City Center,Returning
2024-12-25 17:00:00,INV6036,Novel,Books,3,423,1269,Cash,Riverside,Returning
2024-04-16 06:00:00,INV6037,Headphones,Electronics,2,1480,2960,UPI,Riverside,Returning
2024-06-25 01:00:00,INV6038,Washing Machine,Home Appliances,3,14853,44559,Card,Riverside,Returning
2024-01-25 20:00:00,INV6039,Notebook,Books,4,58,232,Cash,Riverside,Returning
2024-09-09 06:00:00,INV6040,Notebook,Books,3,139,417,Card,Riverside,New
2024-03-03 17:00:00,INV6041,Shoes,Fashion,2,2574,5148,UPI,Riverside,Returning
2024-09-26 12:00:00,INV6042,Mixer Grinder,Home Appliances,1,3696,3696,UPI,Riverside,Returning
2024-10-28 12:00:00,INV6043,Microwave,Home Appliances,3,7056,21168,Cash,Riverside,Returning
2024-03-05 15:00:00,INV6044,Laptop,Electronics,2,60071,120142,UPI,City Center,New
2024-10-12 12:00:00,INV6045,Washing Machine,Home Appliances,2,14922,29844,Card,Riverside,Returning
2024-03-01 09:00:00,INV6046,Laptop,Electronics,3,59809,179427,Online Gateway,City Center,Returning
2024-09-05 01:00:00,INV6047,Washing Machine,Home Appliances,5,15027,75135,Cash,Riverside,Returning
2024-12-18 08:00:00,INV6048,Notebook,Books,5,150,750,Card,Riverside,New
2024-12-01 02:00:00,INV6049,Mixer Grinder,Home Appliances,3,3665,10995,UPI,Riverside,New
2024-04-20 19:00:00,INV6050,Mixer Grinder,Home Appliances,2,3555,7110,UPI,Riverside,Returning
2024-11-08 21:00:00,INV6051,Laptop,Electronics,1,60036,60036,Cash,City Center,Returning
2024-11-24 21:00:00,INV6052,Smartphone,Electronics,1,19839,19839,Online Gateway,Riverside,New
2024-11-06 05:00:00,INV6053,Notebook,Books,1,288,288,Cash,Riverside,New
2024-04-23 09:00:00,INV6054,Washing Machine,Home Appliances,4,15093,60372,UPI,City Center,Returning
2024-05-01 21:00:00,INV6055,Mixer Grinder,Home Appliances,4,3658,14632,Card,Riverside,Returning
2024-10-23 00:00:00,INV6056,Notebook,Books,1,103,103,Card,City Center,Returning
2024-09-17 00:00:00,INV6057,Novel,Books,2,640,1280,Online Gateway,Riverside,Returning
2024-01-22 08:00:00,INV6058,Notebook,Books,2,80,160,Card,Riverside,Returning
2024-01-09 23:00:00,INV6059,Shoes,Fashion,3,2644,7932,UPI,Riverside,New
2024-10-31 03:00:00,INV6060,Microwave,Home Appliances,1,7032,7032,Card,City Center,New
2024-05-11 09:00:00,INV6061,T-shirt,Fashion,1,709,709,Card,Riverside,New
2024-11-06 10:00:00,INV6062,Shoes,Fashion,5,2303,11515,Cash,Riverside,New
2024-03-12 02:00:00,INV6063,Laptop,Electronics,5,60039,300195,UPI,City Center,Returning
2024-03-06 07:00:00,INV6064,Notebook,Books,3,214,642,Card,Riverside,Returning
2024-02-17 00:00:00,INV6065,Notebook,Books,2,60,120,Online Gateway,Riverside,Returning
2024-05-26 06:00:00,INV6066,Smartphone,Electronics,3,20066,60198,Cash,City Center,New
2024-11-23 19:00:00,INV6067,Notebook,Books,1,133,133,Card,Riverside,Returning
2024-04-08 13:00:00,INV6068,Jeans,Fashion,5,1678,8390,Online Gateway,City Center,New
2024-08-20 15:00:00,INV6069,Jeans,Fashion,2,1942,3884,Online Gateway,City Center,Returning
2024-07-23 01:00:00,INV6070,Novel,Books,3,662,1986,Cash,City Center,Returning
2024-08-26 06:00:00,INV6071,Washing Machine,Home Appliances,5,14853,74265,Cash,City Center,New
2024-09-07 01:00:00,INV6072,Shoes,Fashion,2,2338,4676,UPI,City Center,Returning
2024-07-09 07:00:00,INV6073,Headphones,Electronics,4,1342,5368,Cash,Riverside,New
2024-04-24 05:00:00,INV6074,Jeans,Fashion,5,1756,8780,Online Gateway,Riverside,Returning
2024-05-05 20:00:00,INV6075,T-shirt,Fashion,3,793,2379,UPI,City Center,New
2024-09-17 16:00:00,INV6076,Jeans,Fashion,3,1743,5229,UPI,City Center,New
2024-01-10 12:00:00,INV6077,Mixer Grinder,Home Appliances,1,3695,3695,UPI,City Center,New
2024-12-14 10:00:00,INV6078,Washing Machine,Home Appliances,4,14896,59584,Cash,Riverside,New
2024-01-13 06:00:00,INV6079,Laptop,Electronics,2,60082,120164,Cash,City Center,Returning
2024-06-27 12:00:00,INV6080,Pen Set,Books,4,112,448,UPI,City Center,Returning
2024-12-25 01:00:00,INV6081,Microwave,Home Appliances,1,6933,6933,Online Gateway,City Center,New
2024-10-10 09:00:00,INV6082,Laptop,Electronics,1,59933,59933,Card,City Center,New
2024-02-08 06:00:00,INV6083,Jeans,Fashion,3,1630,4890,Cash,City Center,New
2024-01-21 18:00:00,INV6084,Microwave,Home Appliances,2,7077,14154,Card,Riverside,New
2024-04-27 01:00:00,INV6085,Shoes,Fashion,1,2560,2560,Online Gateway,Riverside,Returning
2024-07-25 17:00:00,INV6086,Microwave,Home Appliances,4,6823,27292,Cash,Riverside,Returning
2024-06-06 11:00:00,INV6087,Washing Machine,Home Appliances,1,15078,15078,Card,Riverside,Returning
2024-03-29 06:00:00,INV6088,Headphones,Electronics,5,1491,7455,Cash,Riverside,Returning
2024-09-23 07:00:00,INV6089,Notebook,Books,4,252,1008,Cash,Riverside,New
2024-01-07 01:00:00,INV6090,Smartphone,Electronics,4,19875,79500,Cash,Riverside,Returning
2024-11-26 22:00:00,INV6091,Mixer Grinder,Home Appliances,1,3636,3636,UPI,City Center,Returning
2024-07-09 05:00:00,INV6092,Novel,Books,2,322,644,Card,City Center,Returning
2024-01-09 00:00:00,INV6093,T-shirt,Fashion,3,805,2415,UPI,Riverside,Returning
2024-08-04 03:00:00,INV6094,T-shirt,Fashion,1,901,901,Cash,Riverside,New
2024-10-03 13:00:00,INV6095,Jeans,Fashion,2,1911,3822,Cash,Riverside,Returning
2024-12-09 11:00:00,INV6096,Novel,Books,1,589,589,Online Gateway,City Center,New
2024-04-10 10:00:00,INV6097,T-shirt,Fashion,2,772,1544,Cash,Riverside,New
2024-03-16 20:00:00,INV6098,Smartphone,Electronics,5,19835,99175,UPI,City Center,New
2024-05-03 12:00:00,INV6099,Washing Machine,Home Appliances,5,14872,74360,Online Gateway,Riverside,New
2024-04-15 01:00:00,INV6100,Microwave,Home Appliances,3,6889,20667,Cash,Riverside,New
2024-04-17 00:00:00,INV6101,Smartphone,Electronics,5,19927,99635,Online Gateway,City Center,Returning
2024-09-02 02:00:00,INV6102,Headphones,Electronics,4,1301,5204,Card,City Center,New
2024-03-18 19:00:00,INV6103,Washing Machine,Home Appliances,5,15176,75880,Cash,Riverside,Returning
2024-11-07 01:00:00,INV6104,T-shirt,Fashion,5,605,3025,Card,City Center,New
2024-11-12 18:00:00,INV6105,Jeans,Fashion,5,1718,8590,UPI,City Center,New
2024-05-13 07:00:00,INV6106,Laptop,Electronics,4,59985,239940,Online Gateway,City Center,Returning
2024-09-11 07:00:00,INV6107,Smartphone,Electronics,4,19959,79836,UPI,Riverside,Returning
2024-01-11 00:00:00,INV6108,Novel,Books,2,695,1390,UPI,City Center,New
2024-05-23 08:00:00,INV6109,Headphones,Electronics,1,1455,1455,Cash,City Center,New
2024-07-11 23:00:00,INV6110,Mixer Grinder,Home Appliances,2,3396,6792,Cash,Riverside,Returning
2024-12-10 18:00:00,INV6111,Mixer Grinder,Home Appliances,5,3661,18305,Online Gateway,City Center,New
2024-07-30 13:00:00,INV6112,Jeans,Fashion,5,1832,9160,Cash,Riverside,Returning
2024-06-06 00:00:00,INV6113,Smartphone,Electronics,4,20158,80632,Cash,City Center,New
2024-11-29 03:00:00,INV6114,Jeans,Fashion,4,1856,7424,Online Gateway,City Center,Returning
2024-09-24 21:00:00,INV6115,Smartphone,Electronics,2,19929,39858,Online Gateway,City Center,Returning
2024-05-30 05:00:00,INV6116,Smartphone,Electronics,4,19929,79716,Card,Riverside,New
2024-03-31 13:00:00,INV6117,Shoes,Fashion,4,2497,9988,UPI,City Center,Returning
2024-09-30 16:00:00,INV6118,Washing Machine,Home Appliances,4,15037,60148,Online Gateway,City Center,New
2024-04-18 09:00:00,INV6119,Washing Machine,Home Appliances,3,14914,44742,UPI,Riverside,Returning
2024-04-20 17:00:00,INV6120,Notebook,Books,2,-60,-120,Online Gateway,City Center,New
2024-09-10 08:00:00,INV6121,Shoes,Fashion,2,2390,4780,UPI,Riverside,Returning
2024-11-01 05:00:00,INV6122,Jeans,Fashion,4,1735,6940,UPI,City Center,New
2024-03-30 23:00:00,INV6123,T-shirt,Fashion,5,743,3715,Cash,Riverside,Returning
2024-06-08 14:00:00,INV6124,Pen Set,Books,2,-91,-182,Cash,Riverside,Returning
2024-12-12 09:00:00,INV6125,Laptop,Electronics,3,59948,179844,Card,Riverside,New
2024-07-01 00:00:00,INV6126,Microwave,Home Appliances,5,7199,35995,UPI,Riverside,Returning
2024-02-24 21:00:00,INV6127,Washing Machine,Home Appliances,1,14853,14853,Cash,City Center,Returning
2024-07-06 05:00:00,INV6128,Novel,Books,4,500,2000,UPI,Riverside,Returning
2024-02-21 06:00:00,INV6129,T-shirt,Fashion,3,814,2442,UPI,Riverside,New
2024-02-17 05:00:00,INV6130,Mixer Grinder,Home Appliances,5,3533,17665,Card,City Center,Returning
2024-11-12 23:00:00,INV6131,Notebook,Books,5,7,35,UPI,Riverside,Returning
2024-02-24 05:00:00,INV6132,Notebook,Books,1,288,288,Card,City Center,Returning
2024-03-20 14:00:00,INV6133,Notebook,Books,4,170,680,UPI,Riverside,New
2024-12-02 18:00:00,INV6134,Washing Machine,Home Appliances,4,15170,60680,Card,Riverside,New
2024-12-03 19:00:00,INV6135,Shoes,Fashion,5,2367,11835,Online Gateway,Riverside,New
2024-11-28 02:00:00,INV6136,Novel,Books,4,525,2100,Online Gateway,Riverside,Returning
2024-03-20 20:00:00,INV6137,Microwave,Home Appliances,1,7187,7187,Card,Riverside,New
2024-10-18 12:00:00,INV6138,Washing Machine,Home Appliances,2,15054,30108,Online Gateway,City Center,Returning
2024-04-24 21:00:00,INV6139,Smartphone,Electronics,1,19828,19828,Online Gateway,City Center,Returning
2024-09-26 08:00:00,INV6140,Smartphone,Electronics,2,20083,40166,Online Gateway,City Center,New
2024-01-08 10:00:00,INV6141,Notebook,Books,1,108,108,Card,Riverside,New
2024-09-22 02:00:00,INV6142,Headphones,Electronics,2,1398,2796,Card,City Center,New
2024-12-27 19:00:00,INV6143,Shoes,Fashion,5,2601,13005,Card,Riverside,Returning
2024-01-03 12:00:00,INV6144,Washing Machine,Home Appliances,1,15005,15005,Cash,Riverside,Returning
2024-10-05 09:00:00,INV6145,Pen Set,Books,2,198,396,Cash,Riverside,Returning
2024-04-30 15:00:00,INV6146,Notebook,Books,2,-3,-6,UPI,Riverside,Returning
2024-01-25 09:00:00,INV6147,Jeans,Fashion,2,1906,3812,UPI,City Center,New
2024-08-30 15:00:00,INV6148,Mixer Grinder,Home Appliances,3,3424,10272,Online Gateway,City Center,New
2024-01-23 06:00:00,INV6149,Washing Machine,Home Appliances,3,14929,44787,UPI,Riverside,Returning
2024-05-24 06:00:00,INV6150,Jeans,Fashion,2,1654,3308,Cash,City Center,Returning
2024-06-16 03:00:00,INV6151,Headphones,Electronics,3,1479,4437,UPI,City Center,New
2024-05-21 14:00:00,INV6152,Jeans,Fashion,2,1827,3654,Online Gateway,Riverside,New
2024-03-30 19:00:00,INV6153,Jeans,Fashion,3,1615,4845,Online Gateway,Riverside,Returning
2024-09-05 14:00:00,INV6154,Mixer Grinder,Home Appliances,4,3314,13256,Card,City Center,New
2024-11-01 09:00:00,INV6155,Pen Set,Books,5,-84,-420,Card,City Center,New
2024-10-16 21:00:00,INV6156,Smartphone,Electronics,4,19817,79268,Cash,Riverside,Returning
2024-08-09 21:00:00,INV6157,Washing Machine,Home Appliances,2,15103,30206,Card,Riverside,Returning
2024-12-20 22:00:00,INV6158,Headphones,Electronics,5,1554,7770,Card,City Center,Returning
2024-07-14 23:00:00,INV6159,Headphones,Electronics,3,1590,4770,UPI,Riverside,New
2024-04-22 18:00:00,INV6160,Novel,Books,1,542,542,Online Gateway,Riverside,Returning
2024-01-01 01:00:00,INV6161,Smartphone,Electronics,4,19804,79216,Card,City Center,New
2024-12-12 12:00:00,INV6162,Mixer Grinder,Home Appliances,5,3559,17795,Cash,Riverside,New
2024-02-16 00:00:00,INV6163,Laptop,Electronics,3,59840,179520,Cash,City Center,Returning
2024-03-18 13:00:00,INV6164,T-shirt,Fashion,3,950,2850,Cash,City Center,New
2024-08-07 13:00:00,INV6165,Headphones,Electronics,2,1674,3348,Cash,City Center,Returning
2024-10-16 07:00:00,INV6166,Jeans,Fashion,3,1787,5361,UPI,City Center,Returning
2024-12-12 16:00:00,INV6167,T-shirt,Fashion,5,855,4275,Card,City Center,New
2024-01-19 05:00:00,INV6168,T-shirt,Fashion,4,812,3248,Card,Riverside,Returning
2024-07-20 22:00:00,INV6169,Notebook,Books,1,299,299,Cash,Riverside,New
2024-05-10 09:00:00,INV6170,Washing Machine,Home Appliances,5,15029,75145,UPI,Riverside,New
2024-12-02 17:00:00,INV6171,Laptop,Electronics,2,60169,120338,Online Gateway,City Center,Returning
2024-02-07 13:00:00,INV6172,Mixer Grinder,Home Appliances,3,3449,10347,Card,City Center,New
2024-08-12 22:00:00,INV6173,Novel,Books,3,559,1677,Online Gateway,City Center,New
2024-10-05 06:00:00,INV6174,Pen Set,Books,5,-40,-200,Online Gateway,City Center,Returning
2024-08-18 09:00:00,INV6175,Laptop,Electronics,1,59932,59932,UPI,Riverside,New
2024-10-02 04:00:00,INV6176,Shoes,Fashion,2,2505,5010,Online Gateway,City Center,Returning
2024-06-12 06:00:00,INV6177,Pen Set,Books,5,25,125,Cash,Riverside,New
2024-02-14 11:00:00,INV6178,Smartphone,Electronics,3,19822,59466,Cash,Riverside,Returning
2024-01-02 02:00:00,INV6179,Novel,Books,4,642,2568,Card,City Center,New
2024-10-16 01:00:00,INV6180,Jeans,Fashion,1,1892,1892,Card,City Center,New
2024-10-29 16:00:00,INV6181,Mixer Grinder,Home Appliances,2,3581,7162,UPI,City Center,New
2024-10-23 14:00:00,INV6182,Shoes,Fashion,2,2589,5178,Online Gateway,City Center,Returning
2024-01-23 19:00:00,INV6183,Novel,Books,2,686,1372,Online Gateway,Riverside,New
2024-12-30 22:00:00,INV6184,Novel,Books,1,475,475,UPI,Riverside,New
2024-08-10 10:00:00,INV6185,Smartphone,Electronics,4,19908,79632,Online Gateway,City Center,Returning
2024-05-10 20:00:00,INV6186,Novel,Books,2,309,618,Online Gateway,Riverside,Returning
2024-11-29 04:00:00,INV6187,T-shirt,Fashion,1,758,758,Card,Riverside,Returning
2024-03-07 06:00:00,INV6188,Shoes,Fashion,5,2510,12550,Card,Riverside,New
2024-11-20 00:00:00,INV6189,Jeans,Fashion,5,1640,8200,Card,City Center,New
2024-07-24 23:00:00,INV6190,T-shirt,Fashion,5,840,4200,Online Gateway,City Center,Returning
2024-11-20 22:00:00,INV6191,Pen Set,Books,4,95,380,Card,Riverside,Returning
2024-06-06 23:00:00,INV6192,Shoes,Fashion,3,2401,7203,UPI,Riverside,Returning
2024-02-26 13:00:00,INV6193,Mixer Grinder,Home Appliances,4,3384,13536,Online Gateway,Riverside,Returning
2024-12-03 04:00:00,INV6194,Smartphone,Electronics,3,20007,60021,UPI,City Center,New
2024-05-14 09:00:00,INV6195,Headphones,Electronics,5,1592,7960,Cash,City Center,Returning
2024-04-12 12:00:00,INV6196,Mixer Grinder,Home Appliances,1,3628,3628,UPI,City Center,Returning
2024-12-30 01:00:00,INV6197,Microwave,Home Appliances,5,7014,35070,Cash,City Center,New
2024-04-23 16:00:00,INV6198,Novel,Books,3,304,912,Cash,Riverside,Returning
2024-10-07 06:00:00,INV6199,Microwave,Home Appliances,2,7044,14088,Online Gateway,City Center,Returning
2024-11-07 17:00:00,INV6200,Headphones,Electronics,4,1495,5980,Card,City Center,Returning
2024-09-24 22:00:00,INV6201,T-shirt,Fashion,5,678,3390,Cash,City Center,Returning
2024-05-09 18:00:00,INV6202,Novel,Books,2,327,654,Cash,Riverside,New
2024-01-26 16:00:00,INV6203,Smartphone,Electronics,3,19875,59625,Online Gateway,City Center,New
2024-05-31 20:00:00,INV6204,Pen Set,Books,1,235,235,Online Gateway,City Center,New
2024-09-24 05:00:00,INV6205,Washing Machine,Home Appliances,3,14833,44499,UPI,Riverside,Returning
2024-02-20 03:00:00,INV6206,Washing Machine,Home Appliances,5,14806,74030,Cash,City Center,Returning
2024-04-16 21:00:00,INV6207,Headphones,Electronics,5,1414,7070,Card,Riverside,Returning
2024-05-12 06:00:00,INV6208,Microwave,Home Appliances,3,6883,20649,Card,City Center,Returning
2024-05-08 09:00:00,INV6209,Novel,Books,4,650,2600,Online Gateway,Riverside,Returning
2024-04-19 14:00:00,INV6210,Smartphone,Electronics,3,19927,59781,Cash,City Center,New
2024-05-11 17:00:00,INV6211,Washing Machine,Home Appliances,2,15179,30358,UPI,Riverside,New
2024-06-29 01:00:00,INV6212,Washing Machine,Home Appliances,3,14805,44415,Cash,City Center,New
2024-09-18 05:00:00,INV6213,Novel,Books,5,308,1540,Cash,City Center,Returning
2024-10-22 19:00:00,INV6214,T-shirt,Fashion,4,808,3232,Cash,Riverside,Returning
2024-11-03 08:00:00,INV6215,Headphones,Electronics,4,1557,6228,Online Gateway,City Center,Returning
2024-06-18 22:00:00,INV6216,Jeans,Fashion,3,1937,5811,Cash,Riverside,New
2024-08-29 17:00:00,INV6217,Notebook,Books,2,-37,-74,Online Gateway,Riverside,New
2024-06-21 23:00:00,INV6218,Pen Set,Books,1,226,226,Online Gateway,Riverside,Returning
2024-04-18 08:00:00,INV6219,T-shirt,Fashion,5,715,3575,Card,Riverside,New
2024-09-14 07:00:00,INV6220,Notebook,Books,5,104,520,Cash,Riverside,Returning
2024-01-28 18:00:00,INV6221,Shoes,Fashion,5,2393,11965,UPI,City Center,Returning
2024-01-12 19:00:00,INV6222,Mixer Grinder,Home Appliances,2,3471,6942,Online Gateway,City Center,New
2024-08-31 08:00:00,INV6223,Mixer Grinder,Home Appliances,1,3413,3413,Card,City Center,Returning
2024-05-28 13:00:00,INV6224,Shoes,Fashion,3,2474,7422,Card,City Center,New
2024-07-10 09:00:00,INV6225,Headphones,Electronics,2,1516,3032,UPI,City Center,New
2024-03-02 01:00:00,INV6226,Headphones,Electronics,3,1688,5064,Online Gateway,Riverside,New
2024-12-12 17:00:00,INV6227,Notebook,Books,5,175,875,UPI,City Center,Returning
2024-07-16 06:00:00,INV6228,Headphones,Electronics,1,1423,1423,Card,Riverside,New
2024-09-17 17:00:00,INV6229,Jeans,Fashion,1,1804,1804,Cash,City Center,New
2024-11-02 22:00:00,INV6230,Headphones,Electronics,3,1349,4047,Cash,Riverside,New
2024-06-02 00:00:00,INV6231,Jeans,Fashion,3,1766,5298,Online Gateway,City Center,Returning
2024-11-03 14:00:00,INV6232,Notebook,Books,1,39,39,Card,City Center,Returning
2024-10-01 11:00:00,INV6233,Jeans,Fashion,4,1756,7024,Cash,City Center,New
2024-02-11 08:00:00,INV6234,Jeans,Fashion,3,1644,4932,Card,Riverside,New
2024-10-12 18:00:00,INV6235,Mixer Grinder,Home Appliances,1,3548,3548,Cash,City Center,New
2024-03-29 09:00:00,INV6236,Pen Set,Books,3,-140,-420,UPI,City Center,Returning
2024-04-02 15:00:00,INV6237,Novel,Books,3,690,2070,Cash,Riverside,New
2024-07-07 10:00:00,INV6238,Jeans,Fashion,4,1987,7948,UPI,Riverside,Returning
2024-05-12 20:00:00,INV6239,Smartphone,Electronics,4,20021,80084,Card,City Center,New
2024-05-14 21:00:00,INV6240,T-shirt,Fashion,4,725,2900,Cash,Riverside,New
2024-06-21 08:00:00,INV6241,Pen Set,Books,4,-82,-328,Cash,Riverside,Returning
2024-01-15 07:00:00,INV6242,Shoes,Fashion,3,2367,7101,Cash,City Center,Returning
2024-07-15 00:00:00,INV6243,Washing Machine,Home Appliances,1,14960,14960,Cash,Riverside,New
2024-07-19 23:00:00,INV6244,Laptop,Electronics,3,60110,180330,Online Gateway,Riverside,Returning
2024-07-24 00:00:00,INV6245,Novel,Books,4,535,2140,Cash,Riverside,New
2024-05-13 09:00:00,INV6246,Notebook,Books,2,254,508,Online Gateway,City Center,New
2024-08-15 23:00:00,INV6247,Pen Set,Books,5,-131,-655,Cash,City Center,New
2024-02-07 00:00:00,INV6248,T-shirt,Fashion,4,975,3900,Cash,City Center,New
2024-10-23 23:00:00,INV6249,Novel,Books,2,548,1096,Cash,City Center,New
2024-06-04 00:00:00,INV6250,T-shirt,Fashion,4,936,3744,Cash,Riverside,New
2024-04-30 03:00:00,INV6251,Mixer Grinder,Home Appliances,5,3358,16790,Online Gateway,Riverside,Returning
2024-06-24 12:00:00,INV6252,Smartphone,Electronics,5,20150,100750,UPI,Riverside,New
2024-10-17 01:00:00,INV6253,Jeans,Fashion,1,1938,1938,Online Gateway,Riverside,Returning
2024-04-10 15:00:00,INV6254,Mixer Grinder,Home Appliances,5,3688,18440,Card,Riverside,Returning
2024-05-05 01:00:00,INV6255,Headphones,Electronics,5,1317,6585,Cash,Riverside,New
2024-03-13 10:00:00,INV6256,Pen Set,Books,4,-70,-280,Cash,City Center,Returning
2024-02-26 20:00:00,INV6257,Microwave,Home Appliances,2,7123,14246,Card,Riverside,New
2024-04-22 20:00:00,INV6258,Jeans,Fashion,4,1744,6976,Cash,Riverside,New
2024-02-08 12:00:00,INV6259,Pen Set,Books,1,123,123,Card,City Center,Returning
2024-01-07 07:00:00,INV6260,Novel,Books,4,566,2264,UPI,City Center,Returning
2024-12-01 04:00:00,INV6261,Jeans,Fashion,3,1911,5733,Card,Riverside,Returning
2024-02-08 00:00:00,INV6262,Smartphone,Electronics,3,19998,59994,Online Gateway,Riverside,New
2024-04-06 17:00:00,INV6263,Washing Machine,Home Appliances,4,15069,60276,Online Gateway,Riverside,Returning
2024-01-21 15:00:00,INV6264,Smartphone,Electronics,5,19972,99860,Online Gateway,City Center,New
2024-03-30 12:00:00,INV6265,Washing Machine,Home Appliances,3,14981,44943,Online Gateway,City Center,Returning
2024-01-24 04:00:00,INV6266,Notebook,Books,5,87,435,Online Gateway,City Center,Returning
2024-03-05 16:00:00,INV6267,Shoes,Fashion,1,2557,2557,Cash,Riverside,New
2024-03-29 08:00:00,INV6268,Novel,Books,2,308,616,Cash,City Center,Returning
2024-05-08 13:00:00,INV6269,Mixer Grinder,Home Appliances,3,3519,10557,UPI,City Center,New
2024-05-26 00:00:00,INV6270,Microwave,Home Appliances,4,7046,28184,Card,City Center,New
2024-01-07 12:00:00,INV6271,Smartphone,Electronics,4,20053,80212,Online Gateway,City Center,New
2024-11-08 17:00:00,INV6272,Washing Machine,Home Appliances,1,14990,14990,UPI,Riverside,New
2024-10-25 10:00:00,INV6273,Laptop,Electronics,1,59873,59873,UPI,City Center,New
2024-08-18 03:00:00,INV6274,Jeans,Fashion,3,1772,5316,UPI,City Center,New
2024-11-10 07:00:00,INV6275,Jeans,Fashion,3,1902,5706,Cash,City Center,New
2024-12-01 15:00:00,INV6276,Novel,Books,4,505,2020,Online Gateway,City Center,Returning
2024-07-12 22:00:00,INV6277,Headphones,Electronics,3,1493,4479,Cash,Riverside,New
2024-09-17 10:00:00,INV6278,Laptop,Electronics,2,60195,120390,UPI,City Center,New
2024-10-28 22:00:00,INV6279,Notebook,Books,1,-86,-86,Cash,City Center,Returning
2024-01-07 10:00:00,INV6280,Shoes,Fashion,3,2380,7140,UPI,City Center,New
2024-11-27 06:00:00,INV6281,Microwave,Home Appliances,3,6854,20562,Online Gateway,Riverside,Returning
2024-02-11 12:00:00,INV6282,T-shirt,Fashion,4,986,3944,Online Gateway,City Center,Returning
2024-07-11 18:00:00,INV6283,Pen Set,Books,2,33,66,Cash,Riverside,New
2024-05-01 01:00:00,INV6284,Headphones,Electronics,3,1379,4137,Online Gateway,Riverside,Returning
2024-01-07 09:00:00,INV6285,Laptop,Electronics,1,59884,59884,Card,City Center,New
2024-11-23 05:00:00,INV6286,Headphones,Electronics,2,1446,2892,Cash,Riverside,Returning
2024-09-27 01:00:00,INV6287,Pen Set,Books,4,81,324,Cash,City Center,Returning
2024-08-21 07:00:00,INV6288,Smartphone,Electronics,3,20065,60195,Cash,Riverside,New
2024-03-12 12:00:00,INV6289,Mixer Grinder,Home Appliances,2,3695,7390,Cash,Riverside,New
2024-02-02 18:00:00,INV6290,Washing Machine,Home Appliances,4,15020,60080,Cash,City Center,New
2024-07-01 00:00:00,INV6291,Shoes,Fashion,5,2365,11825,Online Gateway,Riverside,Returning
2024-12-03 08:00:00,INV6292,Microwave,Home Appliances,5,6817,34085,Online Gateway,City Center,Returning
2024-06-27 00:00:00,INV6293,Smartphone,Electronics,3,19871,59613,Online Gateway,Riverside,Returning
2024-06-05 23:00:00,INV6294,Mixer Grinder,Home Appliances,3,3455,10365,UPI,City Center,New
2024-09-06 18:00:00,INV6295,Headphones,Electronics,2,1432,2864,Card,Riverside,Returning
2024-10-27 16:00:00,INV6296,Shoes,Fashion,1,2425,2425,Online Gateway,City Center,Returning
2024-05-22 18:00:00,INV6297,Smartphone,Electronics,3,19987,59961,Cash,City Center,New
2024-06-06 15:00:00,INV6298,Smartphone,Electronics,5,19816,99080,Card,Riverside,Returning
2024-08-14 03:00:00,INV6299,Notebook,Books,5,-38,-190,UPI,City Center,New
2024-10-19 03:00:00,INV6300,Notebook,Books,5,109,545,Cash,Riverside,New
2024-12-01 12:00:00,INV6301,Laptop,Electronics,3,60032,180096,Cash,City Center,New
2024-06-03 05:00:00,INV6302,Novel,Books,5,364,1820,UPI,Riverside,New
2024-04-07 21:00:00,INV6303,T-shirt,Fashion,4,809,3236,Card,Riverside,New
2024-10-19 03:00:00,INV6304,Laptop,Electronics,2,59934,119868,Cash,Riverside,New
2024-10-20 23:00:00,INV6305,Shoes,Fashion,1,2564,2564,Cash,City Center,New
2024-02-20 12:00:00,INV6306,T-shirt,Fashion,1,775,775,Cash,City Center,New
2024-10-17 05:00:00,INV6307,Jeans,Fashion,1,1827,1827,Cash,Riverside,Returning
2024-10-06 08:00:00,INV6308,Microwave,Home Appliances,1,7057,7057,UPI,Riverside,New
2024-11-05 17:00:00,INV6309,Novel,Books,3,324,972,Online Gateway,Riverside,New
2024-04-14 15:00:00,INV6310,T-shirt,Fashion,5,834,4170,Card,City Center,New
2024-01-06 23:00:00,INV6311,Shoes,Fashion,1,2434,2434,UPI,Riverside,Returning
2024-11-02 23:00:00,INV6312,Jeans,Fashion,4,1664,6656,Card,Riverside,Returning
2024-05-14 12:00:00,INV6313,Notebook,Books,4,207,828,UPI,City Center,Returning
2024-07-09 22:00:00,INV6314,Pen Set,Books,3,-137,-411,Card,City Center,Returning
2024-09-08 07:00:00,INV6315,T-shirt,Fashion,3,916,2748,Online Gateway,City Center,New
2024-06-25 19:00:00,INV6316,Shoes,Fashion,5,2354,11770,Card,Riverside,Returning
2024-04-23 01:00:00,INV6317,Smartphone,Electronics,2,20122,40244,Online Gateway,Riverside,New
2024-06-23 09:00:00,INV6318,Laptop,Electronics,4,59808,239232,Card,City Center,Returning
2024-11-01 08:00:00,INV6319,Microwave,Home Appliances,3,6919,20757,Cash,City Center,Returning
2024-07-12 01:00:00,INV6320,Microwave,Home Appliances,4,6923,27692,Cash,City Center,New
2024-05-13 00:00:00,INV6321,Laptop,Electronics,5,60108,300540,Online Gateway,Riverside,Returning
2024-01-13 12:00:00,INV6322,Washing Machine,Home Appliances,1,14884,14884,UPI,City Center,Returning
2024-01-31 03:00:00,INV6323,Laptop,Electronics,4,59947,239788,Cash,City Center,Returning
2024-08-25 06:00:00,INV6324,Microwave,Home Appliances,3,7066,21198,Online Gateway,Riverside,Returning
2024-05-05 10:00:00,INV6325,Mixer Grinder,Home Appliances,4,3696,14784,UPI,Riverside,New
2024-08-19 11:00:00,INV6326,Microwave,Home Appliances,1,7132,7132,Card,Riverside,New
2024-01-03 19:00:00,INV6327,Laptop,Electronics,1,60033,60033,Online Gateway,City Center,New
2024-04-14 10:00:00,INV6328,Microwave,Home Appliances,4,7191,28764,Card,Riverside,Returning
2024-03-05 01:00:00,INV6329,Novel,Books,3,604,1812,Card,City Center,New
2024-01-17 13:00:00,INV6330,Microwave,Home Appliances,5,6852,34260,Cash,City Center,Returning
2024-08-24 16:00:00,INV6331,Smartphone,Electronics,5,20160,100800,Online Gateway,City Center,New
2024-07-20 01:00:00,INV6332,T-shirt,Fashion,5,612,3060,Card,City Center,Returning
2024-12-30 11:00:00,INV6333,T-shirt,Fashion,3,644,1932,UPI,Riverside,Returning
2024-09-09 00:00:00,INV6334,Microwave,Home Appliances,3,6916,20748,Card,City Center,Returning
2024-06-01 13:00:00,INV6335,Notebook,Books,5,273,1365,Online Gateway,Riverside,Returning
2024-05-02 13:00:00,INV6336,Headphones,Electronics,2,1590,3180,Cash,Riverside,New
2024-10-21 11:00:00,INV6337,Shoes,Fashion,2,2484,4968,Card,City Center,New
2024-07-31 03:00:00,INV6338,T-shirt,Fashion,5,955,4775,Card,Riverside,Returning
2024-03-07 17:00:00,INV6339,Jeans,Fashion,2,1968,3936,Online Gateway,City Center,Returning
2024-03-02 16:00:00,INV6340,Notebook,Books,4,20,80,Cash,Riverside,New
2024-09-16 14:00:00,INV6341,Novel,Books,3,690,2070,Online Gateway,City Center,Returning
2024-05-16 12:00:00,INV6342,Mixer Grinder,Home Appliances,4,3667,14668,Card,City Center,Returning
2024-09-25 15:00:00,INV6343,Mixer Grinder,Home Appliances,4,3468,13872,Card,City Center,Returning
2024-08-17 03:00:00,INV6344,Notebook,Books,4,183,732,Online Gateway,City Center,Returning
2024-09-18 09:00:00,INV6345,Pen Set,Books,1,-27,-27,UPI,City Center,New
2024-02-24 03:00:00,INV6346,Microwave,Home Appliances,5,6999,34995,Online Gateway,City Center,Returning
2024-08-30 10:00:00,INV6347,Laptop,Electronics,3,59986,179958,Cash,Riverside,New
2024-10-06 05:00:00,INV6348,Jeans,Fashion,4,1911,7644,Card,City Center,New
2024-07-27 02:00:00,INV6349,Washing Machine,Home Appliances,2,14973,29946,Cash,Riverside,New
2024-11-08 01:00:00,INV6350,Jeans,Fashion,3,1801,5403,UPI,Riverside,New
2024-12-10 13:00:00,INV6351,Novel,Books,5,655,3275,Online Gateway,City Center,New
2024-04-27 23:00:00,INV6352,T-shirt,Fashion,3,784,2352,Online Gateway,City Center,New
2024-04-23 09:00:00,INV6353,Novel,Books,2,428,856,Card,Riverside,New
2024-03-04 20:00:00,INV6354,Pen Set,Books,5,52,260,Online Gateway,City Center,Returning
2024-12-17 05:00:00,INV6355,Jeans,Fashion,2,1909,3818,Cash,Riverside,New
2024-08-06 21:00:00,INV6356,Novel,Books,2,499,998,Cash,City Center,New
2024-03-24 04:00:00,INV6357,Notebook,Books,1,-44,-44,Cash,City Center,Returning
2024-08-09 07:00:00,INV6358,Washing Machine,Home Appliances,1,15012,15012,Cash,Riverside,New
2024-01-12 13:00:00,INV6359,Mixer Grinder,Home Appliances,3,3429,10287,Cash,City Center,New
2024-05-08 17:00:00,INV6360,Shoes,Fashion,1,2324,2324,Card,City Center,Returning
2024-01-22 19:00:00,INV6361,Notebook,Books,4,193,772,Cash,Riverside,Returning
2024-06-27 03:00:00,INV6362,Headphones,Electronics,2,1645,3290,Card,City Center,New
2024-08-11 13:00:00,INV6363,T-shirt,Fashion,3,870,2610,Cash,Riverside,Returning
2024-05-10 02:00:00,INV6364,Notebook,Books,2,221,442,Online Gateway,Riverside,Returning
2024-12-06 07:00:00,INV6365,Pen Set,Books,4,-115,-460,Card,City Center,New
2024-08-04 06:00:00,INV6366,Mixer Grinder,Home Appliances,5,3369,16845,Card,City Center,Returning
2024-07-09 15:00:00,INV6367,Shoes,Fashion,1,2569,2569,Online Gateway,Riverside,New
2024-11-17 23:00:00,INV6368,Microwave,Home Appliances,4,6832,27328,Card,City Center,New
2024-03-15 21:00:00,INV6369,Shoes,Fashion,4,2434,9736,Cash,Riverside,New
2024-03-29 19:00:00,INV6370,Washing Machine,Home Appliances,5,14896,74480,UPI,City Center,Returning
2024-11-01 02:00:00,INV6371,Microwave,Home Appliances,4,6940,27760,Cash,City Center,New
2024-09-27 20:00:00,INV6372,Shoes,Fashion,5,2641,13205,Cash,City Center,New
2024-02-03 23:00:00,INV6373,Jeans,Fashion,2,1873,3746,Card,Riverside,Returning
2024-12-25 18:00:00,INV6374,Smartphone,Electronics,2,19994,39988,Card,Riverside,Returning
2024-10-04 18:00:00,INV6375,Novel,Books,5,590,2950,UPI,City Center,New
2024-01-06 22:00:00,INV6376,Jeans,Fashion,2,1914,3828,Online Gateway,Riverside,Returning
2024-02-28 18:00:00,INV6377,T-shirt,Fashion,5,742,3710,Card,Riverside,Returning
2024-01-23 06:00:00,INV6378,Mixer Grinder,Home Appliances,1,3359,3359,Cash,Riverside,New
2024-05-20 04:00:00,INV6379,Shoes,Fashion,1,2518,2518,UPI,City Center,New
2024-02-13 00:00:00,INV6380,Jeans,Fashion,5,1855,9275,Online Gateway,City Center,Returning
2024-05-19 06:00:00,INV6381,Jeans,Fashion,3,1904,5712,Cash,Riverside,New
2024-09-10 13:00:00,INV6382,Microwave,Home Appliances,5,7045,35225,Cash,City Center,Returning
2024-07-06 12:00:00,INV6383,Novel,Books,1,652,652,Card,City Center,Returning
2024-02-18 20:00:00,INV6384,Washing Machine,Home Appliances,2,15039,30078,Card,City Center,Returning
2024-07-07 05:00:00,INV6385,Headphones,Electronics,4,1502,6008,Cash,City Center,New
2024-11-29 15:00:00,INV6386,Shoes,Fashion,3,2560,7680,UPI,City Center,New
2024-03-09 09:00:00,INV6387,Headphones,Electronics,5,1463,7315,UPI,Riverside,Returning
2024-01-20 15:00:00,INV6388,Shoes,Fashion,4,2592,10368,Card,Riverside,Returning
2024-05-02 12:00:00,INV6389,Novel,Books,3,690,2070,UPI,City Center,New
2024-12-30 02:00:00,INV6390,T-shirt,Fashion,4,737,2948,Cash,City Center,New
2024-07-15 22:00:00,INV6391,Microwave,Home Appliances,2,7000,14000,Online Gateway,City Center,New
2024-11-15 14:00:00,INV6392,Pen Set,Books,5,67,335,Card,Riverside,Returning
2024-06-04 03:00:00,INV6393,Notebook,Books,4,120,480,Cash,City Center,New
2024-01-16 03:00:00,INV6394,Jeans,Fashion,5,1749,8745,Card,City Center,New
2024-05-17 21:00:00,INV6395,Laptop,Electronics,1,60078,60078,Cash,Riverside,Returning
2024-01-23 17:00:00,INV6396,Shoes,Fashion,1,2680,2680,Card,City Center,Returning
2024-05-15 00:00:00,INV6397,Notebook,Books,5,-29,-145,Online Gateway,City Center,New
2024-10-04 17:00:00,INV6398,Smartphone,Electronics,1,20041,20041,Card,City Center,New
2024-03-21 16:00:00,INV6399,Notebook,Books,4,17,68,Online Gateway,Riverside,Returning
2024-02-06 18:00:00,INV6400,Mixer Grinder,Home Appliances,3,3376,10128,Card,City Center,Returning
2024-06-09 00:00:00,INV6401,Headphones,Electronics,1,1332,1332,Online Gateway,City Center,Returning
2024-10-15 11:00:00,INV6402,Headphones,Electronics,5,1540,7700,UPI,City Center,Returning
2024-07-11 03:00:00,INV6403,Notebook,Books,2,150,300,Online Gateway,City Center,Returning
2024-08-04 20:00:00,INV6404,Jeans,Fashion,1,1680,1680,UPI,Riverside,Returning
2024-10-30 16:00:00,INV6405,Smartphone,Electronics,1,19809,19809,UPI,City Center,New
2024-05-13 11:00:00,INV6406,Mixer Grinder,Home Appliances,1,3616,3616,UPI,Riverside,New
2024-04-03 12:00:00,INV6407,Headphones,Electronics,4,1388,5552,Card,City Center,New
2024-01-01 18:00:00,INV6408,Shoes,Fashion,4,2305,9220,Online Gateway,City Center,New
2024-01-27 17:00:00,INV6409,Shoes,Fashion,3,2319,6957,Card,City Center,New
2024-05-08 11:00:00,INV6410,Pen Set,Books,2,192,384,UPI,City Center,Returning
2024-08-04 16:00:00,INV6411,Shoes,Fashion,4,2469,9876,Card,City Center,Returning
2024-12-21 01:00:00,INV6412,Novel,Books,2,586,1172,Cash,City Center,Returning
2024-02-06 01:00:00,INV6413,Pen Set,Books,4,-37,-148,Cash,Riverside,Returning
2024-02-02 05:00:00,INV6414,Novel,Books,4,585,2340,Online Gateway,Riverside,New
2024-07-16 04:00:00,INV6415,Shoes,Fashion,2,2300,4600,UPI,Riverside,Returning
2024-05-26 14:00:00,INV6416,T-shirt,Fashion,1,609,609,Online Gateway,City Center,Returning
2024-10-10 03:00:00,INV6417,Washing Machine,Home Appliances,3,15097,45291,Online Gateway,City Center,New
2024-10-18 00:00:00,INV6418,Notebook,Books,5,47,235,UPI,Riverside,New
2024-04-16 23:00:00,INV6419,Smartphone,Electronics,3,20173,60519,Cash,Riverside,Returning
2024-03-10 18:00:00,INV6420,T-shirt,Fashion,2,897,1794,Online Gateway,City Center,New
2024-01-31 19:00:00,INV6421,Novel,Books,2,451,902,Cash,City Center,Returning
2024-03-05 09:00:00,INV6422,Laptop,Electronics,3,59809,179427,Online Gateway,Riverside,New
2024-08-01 15:00:00,INV6423,Pen Set,Books,2,-88,-176,UPI,City Center,Returning
2024-10-16 11:00:00,INV6424,Jeans,Fashion,2,1957,3914,Card,City Center,New
2024-10-02 20:00:00,INV6425,Notebook,Books,5,-76,-380,UPI,City Center,Returning
2024-07-08 19:00:00,INV6426,Notebook,Books,4,225,900,UPI,City Center,Returning
2024-08-23 05:00:00,INV6427,T-shirt,Fashion,1,958,958,UPI,Riverside,Returning
2024-10-23 20:00:00,INV6428,Headphones,Electronics,3,1682,5046,Card,Riverside,New
2024-06-04 12:00:00,INV6429,Smartphone,Electronics,1,19859,19859,UPI,City Center,Returning
2024-04-05 03:00:00,INV6430,Jeans,Fashion,5,1951,9755,Online Gateway,City Center,Returning
2024-12-27 05:00:00,INV6431,Microwave,Home Appliances,5,7082,35410,Card,Riverside,New
2024-10-18 14:00:00,INV6432,Shoes,Fashion,1,2527,2527,UPI,City Center,New
2024-08-13 13:00:00,INV6433,Laptop,Electronics,3,59983,179949,Cash,Riverside,New
2024-02-22 21:00:00,INV6434,Mixer Grinder,Home Appliances,4,3334,13336,UPI,City Center,New
2024-11-23 20:00:00,INV6435,Novel,Books,2,488,976,UPI,Riverside,Returning
2024-04-18 11:00:00,INV6436,Novel,Books,2,323,646,UPI,Riverside,Returning
2024-09-05 09:00:00,INV6437,Microwave,Home Appliances,3,7027,21081,Online Gateway,City Center,New
2024-12-23 01:00:00,INV6438,Notebook,Books,2,129,258,Card,City Center,Returning
2024-11-10 21:00:00,INV6439,Jeans,Fashion,4,1810,7240,Card,Riverside,Returning
2024-03-11 00:00:00,INV6440,Jeans,Fashion,1,1644,1644,Online Gateway,City Center,Returning
2024-12-17 09:00:00,INV6441,Mixer Grinder,Home Appliances,5,3537,17685,Cash,City Center,Returning
2024-08-24 18:00:00,INV6442,Notebook,Books,2,-8,-16,Cash,City Center,New
2024-12-02 20:00:00,INV6443,Washing Machine,Home Appliances,5,15104,75520,Online Gateway,City Center,New
2024-08-11 15:00:00,INV6444,Mixer Grinder,Home Appliances,2,3439,6878,Online Gateway,Riverside,New
2024-01-03 21:00:00,INV6445,Headphones,Electronics,5,1625,8125,Card,City Center,Returning
2024-06-12 12:00:00,INV6446,T-shirt,Fashion,4,654,2616,Cash,City Center,Returning
2024-09-15 08:00:00,INV6447,Novel,Books,5,364,1820,Online Gateway,City Center,Returning
2024-03-24 15:00:00,INV6448,Pen Set,Books,4,-126,-504,Card,City Center,Returning
2024-12-04 07:00:00,INV6449,Pen Set,Books,5,115,575,UPI,City Center,Returning
2024-04-25 19:00:00,INV6450,Pen Set,Books,5,164,820,Online Gateway,City Center,Returning
2024-07-24 00:00:00,INV6451,Shoes,Fashion,5,2539,12695,Online Gateway,City Center,New
2024-02-01 11:00:00,INV6452,Pen Set,Books,5,-146,-730,Cash,Riverside,New
2024-09-27 15:00:00,INV6453,Microwave,Home Appliances,5,6945,34725,UPI,Riverside,Returning
2024-09-04 07:00:00,INV6454,Microwave,Home Appliances,3,6958,20874,UPI,City Center,New
2024-04-07 02:00:00,INV6455,Microwave,Home Appliances,4,7097,28388,Card,Riverside,New
2024-08-25 17:00:00,INV6456,Washing Machine,Home Appliances,3,14945,44835,Card,Riverside,Returning
2024-12-11 21:00:00,INV6457,Jeans,Fashion,5,1655,8275,Online Gateway,City Center,Returning
2024-02-12 08:00:00,INV6458,Shoes,Fashion,3,2596,7788,Card,Riverside,New
2024-11-02 03:00:00,INV6459,Microwave,Home Appliances,5,7160,35800,Online Gateway,Riverside,Returning
2024-12-08 08:00:00,INV6460,Microwave,Home Appliances,5,7187,35935,Card,Riverside,Returning
2024-07-24 18:00:00,INV6461,Washing Machine,Home Appliances,5,14836,74180,Online Gateway,Riverside,Returning
2024-04-28 06:00:00,INV6462,Shoes,Fashion,3,2646,7938,Cash,Riverside,New
2024-01-31 17:00:00,INV6463,Laptop,Electronics,4,60133,240532,Cash,Riverside,Returning
2024-09-15 08:00:00,INV6464,Washing Machine,Home Appliances,1,15151,15151,Card,Riverside,New
2024-12-14 19:00:00,INV6465,Notebook,Books,1,151,151,Card,Riverside,New
2024-01-10 15:00:00,INV6466,Headphones,Electronics,2,1401,2802,UPI,Riverside,New
2024-03-20 21:00:00,INV6467,Shoes,Fashion,2,2509,5018,UPI,City Center,Returning
2024-12-21 14:00:00,INV6468,Notebook,Books,1,272,272,Card,City Center,New
2024-09-03 14:00:00,INV6469,Headphones,Electronics,4,1461,5844,Card,City Center,Returning
2024-04-19 07:00:00,INV6470,Shoes,Fashion,3,2655,7965,UPI,City Center,Returning
2024-12-26 06:00:00,INV6471,Novel,Books,4,379,1516,UPI,City Center,New
2024-09-23 17:00:00,INV6472,Headphones,Electronics,2,1425,2850,UPI,Riverside,Returning
2024-10-21 16:00:00,INV6473,Smartphone,Electronics,3,20017,60051,UPI,City Center,New
2024-04-04 20:00:00,INV6474,Pen Set,Books,3,10,30,UPI,Riverside,Returning
2024-11-04 01:00:00,INV6475,Laptop,Electronics,2,59818,119636,Cash,Riverside,New
2024-06-10 10:00:00,INV6476,Microwave,Home Appliances,3,6837,20511,Card,Riverside,Returning
2024-07-07 18:00:00,INV6477,T-shirt,Fashion,3,888,2664,UPI,Riverside,Returning
2024-10-25 12:00:00,INV6478,Smartphone,Electronics,2,19855,39710,Card,City Center,New
2024-07-06 09:00:00,INV6479,Microwave,Home Appliances,1,7014,7014,UPI,City Center,Returning
2024-11-26 13:00:00,INV6480,Pen Set,Books,4,-98,-392,Card,City Center,New
2024-03-29 23:00:00,INV6481,Mixer Grinder,Home Appliances,2,3635,7270,Cash,Riverside,Returning
2024-10-07 07:00:00,INV6482,T-shirt,Fashion,3,814,2442,UPI,City Center,New
2024-03-06 05:00:00,INV6483,T-shirt,Fashion,3,789,2367,UPI,Riverside,Returning
2024-01-13 20:00:00,INV6484,Laptop,Electronics,2,60008,120016,Card,Riverside,Returning
2024-12-21 14:00:00,INV6485,Laptop,Electronics,4,60055,240220,Online Gateway,Riverside,New
2024-12-25 11:00:00,INV6486,Shoes,Fashion,2,2549,5098,Online Gateway,City Center,New
2024-12-14 16:00:00,INV6487,T-shirt,Fashion,4,618,2472,Cash,City Center,New
2024-01-06 18:00:00,INV6488,Washing Machine,Home Appliances,5,14993,74965,Card,Riverside,New
2024-01-09 01:00:00,INV6489,Headphones,Electronics,2,1376,2752,Cash,Riverside,Returning
2024-05-15 17:00:00,INV6490,Jeans,Fashion,1,1805,1805,Cash,Riverside,New
2024-05-14 19:00:00,INV6491,Washing Machine,Home Appliances,4,14812,59248,Cash,Riverside,New
2024-02-09 06:00:00,INV6492,Headphones,Electronics,1,1328,1328,Card,City Center,Returning
2024-07-11 12:00:00,INV6493,T-shirt,Fashion,5,616,3080,Online Gateway,Riverside,Returning
2024-08-26 08:00:00,INV6494,Headphones,Electronics,1,1495,1495,Card,City Center,New
2024-09-21 17:00:00,INV6495,Notebook,Books,2,286,572,Card,City Center,New
2024-07-25 13:00:00,INV6496,Novel,Books,4,700,2800,Card,City Center,New
2024-05-20 21:00:00,INV6497,Jeans,Fashion,2,1612,3224,Online Gateway,City Center,New
2024-08-31 07:00:00,INV6498,Headphones,Electronics,4,1321,5284,Cash,City Center,New
2024-04-30 00:00:00,INV6499,Mixer Grinder,Home Appliances,2,3634,7268,Online Gateway,Riverside,Returning
2024-07-22 15:00:00,INV6500,Headphones,Electronics,4,1699,6796,Cash,Riverside,Returning
2024-01-23 17:00:00,INV6501,Novel,Books,5,465,2325,Online Gateway,Riverside,New
2024-03-21 07:00:00,INV6502,Mixer Grinder,Home Appliances,2,3331,6662,Online Gateway,City Center,New
2024-06-22 00:00:00,INV6503,Headphones,Electronics,5,1655,8275,Cash,City Center,New
2024-01-01 04:00:00,INV6504,Washing Machine,Home Appliances,5,15083,75415,Cash,Riverside,Returning
2024-08-18 13:00:00,INV6505,Washing Machine,Home Appliances,4,14987,59948,UPI,City Center,Returning
2024-08-12 02:00:00,INV6506,Microwave,Home Appliances,4,6806,27224,Online Gateway,City Center,Returning
2024-09-16 17:00:00,INV6507,T-shirt,Fashion,4,679,2716,UPI,Riverside,New
2024-04-20 23:00:00,INV6508,Jeans,Fashion,4,1711,6844,Online Gateway,Riverside,Returning
2024-05-18 14:00:00,INV6509,Microwave,Home Appliances,4,7080,28320,UPI,City Center,Returning
2024-06-01 11:00:00,INV6510,Laptop,Electronics,5,59939,299695,Online Gateway,Riverside,Returning
2024-02-17 03:00:00,INV6511,Microwave,Home Appliances,4,7197,28788,Cash,Riverside,New
2024-07-17 11:00:00,INV6512,Headphones,Electronics,5,1563,7815,Online Gateway,City Center,Returning
2024-10-07 17:00:00,INV6513,Headphones,Electronics,4,1567,6268,Cash,City Center,New
2024-07-31 04:00:00,INV6514,Washing Machine,Home Appliances,1,15162,15162,Online Gateway,Riverside,New
2024-09-07 22:00:00,INV6515,Microwave,Home Appliances,1,6800,6800,UPI,City Center,Returning
2024-05-11 15:00:00,INV6516,Smartphone,Electronics,5,20017,100085,Cash,Riverside,Returning
2024-09-13 15:00:00,INV6517,Pen Set,Books,4,127,508,Cash,City Center,New
2024-10-31 22:00:00,INV6518,Pen Set,Books,4,43,172,UPI,Riverside,Returning
2024-12-17 21:00:00,INV6519,Notebook,Books,1,-27,-27,Online Gateway,City Center,New
2024-08-09 03:00:00,INV6520,Headphones,Electronics,3,1368,4104,UPI,City Center,Returning
2024-12-21 00:00:00,INV6521,Notebook,Books,3,-58,-174,Online Gateway,City Center,New
2024-05-06 20:00:00,INV6522,Novel,Books,5,343,1715,UPI,City Center,Returning
2024-08-22 20:00:00,INV6523,Laptop,Electronics,1,60041,60041,Cash,Riverside,Returning
2024-04-30 12:00:00,INV6524,Smartphone,Electronics,3,19887,59661,Cash,Riverside,Returning
2024-08-08 08:00:00,INV6525,Notebook,Books,1,270,270,Cash,Riverside,Returning
2024-08-30 04:00:00,INV6526,Laptop,Electronics,3,59915,179745,Card,Riverside,Returning
2024-01-28 06:00:00,INV6527,Pen Set,Books,4,155,620,Online Gateway,Riverside,New
2024-08-16 09:00:00,INV6528,Notebook,Books,3,111,333,Cash,City Center,Returning
2024-02-01 15:00:00,INV6529,Smartphone,Electronics,1,19817,19817,Cash,City Center,Returning
2024-10-09 14:00:00,INV6530,Laptop,Electronics,1,60054,60054,UPI,City Center,New
2024-03-15 22:00:00,INV6531,Laptop,Electronics,3,59824,179472,Card,Riverside,Returning
2024-08-02 23:00:00,INV6532,Novel,Books,4,383,1532,Card,City Center,New
2024-12-17 22:00:00,INV6533,Smartphone,Electronics,1,20145,20145,Card,Riverside,Returning
2024-08-07 06:00:00,INV6534,Novel,Books,5,542,2710,UPI,Riverside,Returning
2024-06-08 07:00:00,INV6535,Notebook,Books,2,206,412,Online Gateway,Riverside,Returning
2024-03-19 04:00:00,INV6536,Pen Set,Books,3,-20,-60,Card,Riverside,New
2024-09-13 10:00:00,INV6537,Washing Machine,Home Appliances,5,15190,75950,UPI,City Center,New
2024-11-20 11:00:00,INV6538,T-shirt,Fashion,1,807,807,UPI,City Center,Returning
2024-07-07 04:00:00,INV6539,Pen Set,Books,2,75,150,UPI,City Center,Returning
2024-06-04 14:00:00,INV6540,Smartphone,Electronics,2,19922,39844,Online Gateway,City Center,Returning
2024-09-05 20:00:00,INV6541,Washing Machine,Home Appliances,4,15179,60716,Online Gateway,Riverside,New
2024-10-03 15:00:00,INV6542,Pen Set,Books,4,242,968,Cash,Riverside,Returning
2024-08-11 04:00:00,INV6543,Microwave,Home Appliances,1,7034,7034,UPI,City Center,Returning
2024-09-22 20:00:00,INV6544,Mixer Grinder,Home Appliances,3,3615,10845,Online Gateway,City Center,Returning
2024-02-12 00:00:00,INV6545,T-shirt,Fashion,5,913,4565,Cash,City Center,New
2024-06-28 18:00:00,INV6546,Jeans,Fashion,5,1805,9025,Card,Riverside,New
2024-04-14 12:00:00,INV6547,Notebook,Books,3,127,381,UPI,Riverside,Returning
2024-07-17 06:00:00,INV6548,Laptop,Electronics,5,60116,300580,Online Gateway,City Center,New
2024-04-21 18:00:00,INV6549,T-shirt,Fashion,3,991,2973,Card,Riverside,New
2024-10-31 15:00:00,INV6550,Microwave,Home Appliances,5,6855,34275,Cash,City Center,New
2024-02-11 05:00:00,INV6551,Pen Set,Books,1,208,208,UPI,City Center,Returning
2024-12-17 22:00:00,INV6552,Washing Machine,Home Appliances,4,15061,60244,UPI,City Center,New
2024-07-15 07:00:00,INV6553,Smartphone,Electronics,2,19982,39964,Online Gateway,City Center,New
2024-09-26 23:00:00,INV6554,Laptop,Electronics,4,60170,240680,Card,Riverside,New
2024-10-17 04:00:00,INV6555,Laptop,Electronics,2,59875,119750,Online Gateway,Riverside,New
2024-12-02 11:00:00,INV6556,Jeans,Fashion,5,1853,9265,Card,City Center,Returning
2024-07-04 12:00:00,INV6557,Jeans,Fashion,3,1879,5637,Card,Riverside,New
2024-12-17 23:00:00,INV6558,Pen Set,Books,5,-78,-390,Cash,Riverside,Returning
2024-02-11 23:00:00,INV6559,Notebook,Books,3,211,633,UPI,Riverside,Returning
2024-09-27 16:00:00,INV6560,Washing Machine,Home Appliances,1,14950,14950,Card,City Center,Returning
2024-11-16 08:00:00,INV6561,Smartphone,Electronics,4,20169,80676,UPI,Riverside,New
2024-06-11 20:00:00,INV6562,Smartphone,Electronics,3,20020,60060,Cash,Riverside,New
2024-04-26 19:00:00,INV6563,Microwave,Home Appliances,3,7074,21222,Cash,Riverside,Returning
2024-07-01 11:00:00,INV6564,Headphones,Electronics,5,1392,6960,Online Gateway,Riverside,Returning
2024-01-05 02:00:00,INV6565,Novel,Books,5,565,2825,Online Gateway,Riverside,Returning
2024-12-15 12:00:00,INV6566,Jeans,Fashion,3,1742,5226,UPI,Riverside,Returning
2024-02-06 13:00:00,INV6567,T-shirt,Fashion,1,720,720,UPI,City Center,New
2024-03-18 20:00:00,INV6568,Novel,Books,2,669,1338,Card,Riverside,New
2024-04-21 01:00:00,INV6569,Pen Set,Books,3,158,474,Online Gateway,City Center,Returning
2024-02-27 20:00:00,INV6570,Jeans,Fashion,1,1957,1957,Card,Riverside,Returning
2024-04-10 15:00:00,INV6571,Shoes,Fashion,5,2608,13040,Cash,City Center,New
2024-04-19 21:00:00,INV6572,T-shirt,Fashion,5,746,3730,UPI,Riverside,New
2024-10-28 18:00:00,INV6573,Washing Machine,Home Appliances,3,15008,45024,Cash,City Center,Returning
2024-12-24 21:00:00,INV6574,Washing Machine,Home Appliances,5,15005,75025,Card,City Center,New
2024-04-30 03:00:00,INV6575,Laptop,Electronics,4,59814,239256,Online Gateway,Riverside,Returning
2024-02-20 04:00:00,INV6576,Mixer Grinder,Home Appliances,1,3461,3461,Card,City Center,Returning
2024-01-23 16:00:00,INV6577,Laptop,Electronics,2,60161,120322,Card,Riverside,Returning
2024-02-20 23:00:00,INV6578,Shoes,Fashion,2,2327,4654,Card,Riverside,New
2024-05-12 04:00:00,INV6579,Notebook,Books,4,-66,-264,Online Gateway,City Center,Returning
2024-09-25 18:00:00,INV6580,T-shirt,Fashion,4,780,3120,Online Gateway,City Center,New
2024-09-28 16:00:00,INV6581,Smartphone,Electronics,2,20120,40240,Cash,City Center,New
2024-01-28 06:00:00,INV6582,Microwave,Home Appliances,5,6895,34475,Online Gateway,City Center,Returning
2024-10-11 05:00:00,INV6583,Washing Machine,Home Appliances,1,14963,14963,UPI,Riverside,Returning
2024-04-11 22:00:00,INV6584,Mixer Grinder,Home Appliances,4,3492,13968,Card,Riverside,Returning
2024-09-02 12:00:00,INV6585,Jeans,Fashion,3,1640,4920,Cash,City Center,New
2024-12-16 12:00:00,INV6586,Jeans,Fashion,2,1638,3276,Card,Riverside,Returning
2024-06-01 18:00:00,INV6587,Novel,Books,1,461,461,UPI,Riverside,Returning
2024-06-27 05:00:00,INV6588,Headphones,Electronics,5,1556,7780,Card,Riverside,Returning
2024-07-02 10:00:00,INV6589,Laptop,Electronics,3,59878,179634,Cash,City Center,New
2024-04-17 01:00:00,INV6590,Notebook,Books,2,245,490,Card,Riverside,New
2024-08-17 19:00:00,INV6591,Pen Set,Books,2,-43,-86,Card,City Center,New
2024-06-15 01:00:00,INV6592,Washing Machine,Home Appliances,4,15067,60268,Online Gateway,Riverside,New
2024-12-06 07:00:00,INV6593,Microwave,Home Appliances,4,7079,28316,Online Gateway,City Center,Returning
2024-11-06 08:00:00,INV6594,Mixer Grinder,Home Appliances,3,3395,10185,Online Gateway,City Center,Returning
2024-06-28 14:00:00,INV6595,Pen Set,Books,4,-136,-544,Card,City Center,New
2024-05-05 19:00:00,INV6596,Mixer Grinder,Home Appliances,4,3529,14116,Card,Riverside,Returning
2024-06-02 09:00:00,INV6597,Smartphone,Electronics,1,20008,20008,Card,City Center,New
2024-06-23 20:00:00,INV6598,T-shirt,Fashion,3,986,2958,UPI,Riverside,New
2024-01-24 20:00:00,INV6599,Jeans,Fashion,4,1688,6752,Card,City Center,Returning
2024-07-17 01:00:00,INV6600,Microwave,Home Appliances,1,6828,6828,UPI,Riverside,New
2024-10-22 02:00:00,INV6601,Jeans,Fashion,5,1782,8910,Online Gateway,City Center,New
2024-06-15 18:00:00,INV6602,Headphones,Electronics,4,1412,5648,Card,City Center,Returning
2024-08-22 13:00:00,INV6603,Microwave,Home Appliances,1,6959,6959,Card,Riverside,New
2024-12-16 17:00:00,INV6604,Pen Set,Books,2,19,38,UPI,Riverside,Returning
2024-06-24 00:00:00,INV6605,Washing Machine,Home Appliances,5,15109,75545,Card,Riverside,Returning
2024-03-24 05:00:00,INV6606,Notebook,Books,1,50,50,Cash,City Center,Returning
2024-11-05 06:00:00,INV6607,Microwave,Home Appliances,5,7075,35375,Cash,Riverside,Returning
2024-07-07 12:00:00,INV6608,Notebook,Books,3,104,312,Online Gateway,City Center,Returning
2024-12-25 09:00:00,INV6609,Jeans,Fashion,4,1911,7644,Cash,Riverside,Returning
2024-05-21 23:00:00,INV6610,Mixer Grinder,Home Appliances,3,3682,11046,Online Gateway,Riverside,New
2024-10-07 11:00:00,INV6611,Shoes,Fashion,2,2664,5328,Card,City Center,New
2024-11-20 19:00:00,INV6612,T-shirt,Fashion,5,908,4540,UPI,Riverside,Returning
2024-04-26 09:00:00,INV6613,Pen Set,Books,4,-136,-544,Cash,Riverside,New
2024-11-01 14:00:00,INV6614,Shoes,Fashion,5,2434,12170,UPI,Riverside,New
2024-05-01 07:00:00,INV6615,Washing Machine,Home Appliances,3,14816,44448,Online Gateway,Riverside,New
2024-11-27 08:00:00,INV6616,Notebook,Books,5,204,1020,UPI,City Center,New
2024-04-10 15:00:00,INV6617,Smartphone,Electronics,2,20167,40334,Cash,City Center,New
2024-01-11 10:00:00,INV6618,Novel,Books,5,314,1570,Cash,City Center,Returning
2024-07-25 07:00:00,INV6619,Smartphone,Electronics,4,19873,79492,Card,City Center,Returning
2024-12-03 10:00:00,INV6620,Washing Machine,Home Appliances,5,15119,75595,Cash,Riverside,New
2024-08-08 09:00:00,INV6621,Laptop,Electronics,5,60144,300720,Cash,City Center,Returning
2024-12-03 14:00:00,INV6622,Shoes,Fashion,2,2534,5068,UPI,City Center,Returning
2024-10-29 09:00:00,INV6623,Washing Machine,Home Appliances,4,14810,59240,Card,Riverside,Returning
2024-08-19 21:00:00,INV6624,Headphones,Electronics,5,1692,8460,Online Gateway,City Center,Returning
2024-09-25 05:00:00,INV6625,Washing Machine,Home Appliances,3,15111,45333,Online Gateway,Riverside,Returning
2024-02-18 21:00:00,INV6626,Pen Set,Books,5,191,955,UPI,Riverside,Returning
2024-12-25 08:00:00,INV6627,Jeans,Fashion,5,1775,8875,UPI,Riverside,New
2024-02-04 19:00:00,INV6628,Jeans,Fashion,3,1932,5796,Card,Riverside,New
2024-04-04 06:00:00,INV6629,Novel,Books,1,526,526,Cash,Riverside,Returning
2024-07-09 07:00:00,INV6630,T-shirt,Fashion,1,886,886,Card,Riverside,New
2024-06-07 23:00:00,INV6631,Pen Set,Books,3,-83,-249,UPI,City Center,New
2024-01-11 06:00:00,INV6632,Microwave,Home Appliances,5,7130,35650,Card,City Center,Returning
2024-04-11 05:00:00,INV6633,Notebook,Books,3,-51,-153,Cash,City Center,New
2024-08-08 07:00:00,INV6634,T-shirt,Fashion,3,851,2553,UPI,Riverside,Returning
2024-04-18 15:00:00,INV6635,Headphones,Electronics,1,1404,1404,Cash,City Center,Returning
2024-09-04 02:00:00,INV6636,Notebook,Books,4,291,1164,UPI,Riverside,New
2024-06-16 14:00:00,INV6637,Laptop,Electronics,5,60174,300870,Card,Riverside,New
2024-07-18 08:00:00,INV6638,Shoes,Fashion,3,2649,7947,Card,City Center,New
2024-10-02 17:00:00,INV6639,Headphones,Electronics,3,1446,4338,Cash,City Center,New
2024-05-11 07:00:00,INV6640,Washing Machine,Home Appliances,2,14948,29896,Cash,Riverside,New
2024-08-20 12:00:00,INV6641,Headphones,Electronics,1,1582,1582,Cash,Riverside,New
2024-10-20 22:00:00,INV6642,Jeans,Fashion,4,1892,7568,UPI,City Center,New
2024-11-17 02:00:00,INV6643,T-shirt,Fashion,4,911,3644,UPI,City Center,New
2024-11-13 11:00:00,INV6644,Notebook,Books,2,-22,-44,UPI,Riverside,Returning
2024-07-09 13:00:00,INV6645,Laptop,Electronics,1,60083,60083,Cash,City Center,New
2024-05-25 11:00:00,INV6646,T-shirt,Fashion,2,734,1468,UPI,Riverside,New
2024-01-30 10:00:00,INV6647,Shoes,Fashion,2,2607,5214,Online Gateway,City Center,Returning
2024-10-18 13:00:00,INV6648,Washing Machine,Home Appliances,5,15012,75060,Cash,City Center,Returning
2024-08-06 01:00:00,INV6649,Shoes,Fashion,3,2365,7095,Cash,City Center,New
2024-08-27 19:00:00,INV6650,Laptop,Electronics,2,60117,120234,Cash,City Center,New
2024-10-17 00:00:00,INV6651,Shoes,Fashion,1,2347,2347,UPI,Riverside,New
2024-02-25 14:00:00,INV6652,Headphones,Electronics,5,1569,7845,Cash,City Center,Returning
2024-08-20 20:00:00,INV6653,Notebook,Books,4,54,216,UPI,City Center,New
2024-03-17 23:00:00,INV6654,Smartphone,Electronics,5,19855,99275,Cash,City Center,New
2024-10-12 11:00:00,INV6655,Notebook,Books,2,-2,-4,UPI,Riverside,New
2024-10-27 11:00:00,INV6656,Smartphone,Electronics,4,19877,79508,Card,Riverside,Returning
2024-11-23 17:00:00,INV6657,Microwave,Home Appliances,1,6953,6953,Cash,Riverside,New
2024-05-18 05:00:00,INV6658,Laptop,Electronics,2,60153,120306,Cash,City Center,Returning
2024-10-10 19:00:00,INV6659,T-shirt,Fashion,1,764,764,Cash,City Center,New
2024-01-07 20:00:00,INV6660,Pen Set,Books,2,250,500,Card,City Center,New
2024-10-21 04:00:00,INV6661,T-shirt,Fashion,3,903,2709,UPI,Riverside,New
2024-05-07 09:00:00,INV6662,Microwave,Home Appliances,1,6931,6931,Online Gateway,Riverside,Returning
2024-07-03 12:00:00,INV6663,Laptop,Electronics,4,60032,240128,UPI,City Center,Returning
2024-01-17 18:00:00,INV6664,Pen Set,Books,4,-73,-292,Card,City Center,Returning
2024-12-24 13:00:00,INV6665,Pen Set,Books,2,-90,-180,Online Gateway,City Center,New
2024-12-09 04:00:00,INV6666,Notebook,Books,4,228,912,Cash,City Center,New
2024-09-21 13:00:00,INV6667,Jeans,Fashion,4,1615,6460,Card,Riverside,New
2024-06-22 05:00:00,INV6668,Laptop,Electronics,4,60004,240016,Online Gateway,City Center,New
2024-02-06 03:00:00,INV6669,Jeans,Fashion,5,1911,9555,UPI,Riverside,Returning
2024-12-08 02:00:00,INV6670,Washing Machine,Home Appliances,5,14925,74625,Card,City Center,New
2024-01-16 04:00:00,INV6671,Pen Set,Books,4,-120,-480,Cash,Riverside,New
2024-11-07 03:00:00,INV6672,Pen Set,Books,3,117,351,Cash,City Center,Returning
2024-09-30 19:00:00,INV6673,Smartphone,Electronics,3,20135,60405,Cash,Riverside,New
2024-01-25 03:00:00,INV6674,Shoes,Fashion,2,2410,4820,UPI,City Center,New
2024-11-15 18:00:00,INV6675,Washing Machine,Home Appliances,3,15073,45219,Online Gateway,Riverside,Returning
2024-12-30 01:00:00,INV6676,Pen Set,Books,5,205,1025,Card,City Center,New
2024-09-26 12:00:00,INV6677,Microwave,Home Appliances,3,7107,21321,Cash,Riverside,New
2024-06-21 22:00:00,INV6678,Headphones,Electronics,5,1466,7330,Card,Riverside,Returning
2024-05-06 15:00:00,INV6679,Pen Set,Books,3,32,96,UPI,City Center,New
2024-06-21 09:00:00,INV6680,Novel,Books,1,594,594,Online Gateway,City Center,New
2024-01-19 20:00:00,INV6681,T-shirt,Fashion,5,684,3420,Card,Riverside,Returning
2024-09-29 09:00:00,INV6682,Mixer Grinder,Home Appliances,5,3405,17025,Online Gateway,City Center,Returning
2024-02-27 13:00:00,INV6683,Novel,Books,2,374,748,Card,City Center,New
2024-12-05 18:00:00,INV6684,T-shirt,Fashion,2,810,1620,UPI,Riverside,Returning
2024-03-02 03:00:00,INV6685,Mixer Grinder,Home Appliances,3,3511,10533,Online Gateway,Riverside,Returning
2024-04-24 02:00:00,INV6686,Pen Set,Books,4,214,856,UPI,City Center,Returning
2024-11-11 12:00:00,INV6687,Shoes,Fashion,4,2692,10768,Cash,City Center,New
2024-10-08 03:00:00,INV6688,Washing Machine,Home Appliances,2,14854,29708,Online Gateway,Riverside,Returning
2024-02-06 16:00:00,INV6689,Headphones,Electronics,5,1526,7630,Online Gateway,Riverside,New
2024-05-11 05:00:00,INV6690,Smartphone,Electronics,3,19983,59949,UPI,City Center,New
2024-12-10 20:00:00,INV6691,Smartphone,Electronics,3,19929,59787,Cash,Riverside,Returning
2024-11-24 20:00:00,INV6692,Headphones,Electronics,5,1357,6785,UPI,City Center,Returning
2024-06-21 16:00:00,INV6693,Smartphone,Electronics,1,20012,20012,Online Gateway,City Center,New
2024-02-18 16:00:00,INV6694,T-shirt,Fashion,4,615,2460,Card,Riverside,New
2024-05-10 09:00:00,INV6695,Smartphone,Electronics,5,20111,100555,Card,Riverside,New
2024-05-31 21:00:00,INV6696,Jeans,Fashion,3,1773,5319,UPI,Riverside,Returning
2024-04-15 06:00:00,INV6697,T-shirt,Fashion,2,979,1958,Online Gateway,City Center,Returning
2024-05-26 12:00:00,INV6698,Mixer Grinder,Home Appliances,3,3698,11094,Card,Riverside,Returning
2024-05-20 07:00:00,INV6699,Smartphone,Electronics,3,19813,59439,Card,Riverside,Returning
2024-11-01 18:00:00,INV6700,Notebook,Books,3,43,129,UPI,Riverside,Returning
2024-05-28 03:00:00,INV6701,Washing Machine,Home Appliances,1,14804,14804,Card,City Center,New
2024-07-31 23:00:00,INV6702,Smartphone,Electronics,5,20011,100055,Card,City Center,Returning
2024-10-08 08:00:00,INV6703,Headphones,Electronics,2,1567,3134,Online Gateway,Riverside,Returning
2024-01-19 13:00:00,INV6704,Notebook,Books,2,253,506,Cash,Riverside,New
2024-09-22 04:00:00,INV6705,Washing Machine,Home Appliances,5,14918,74590,UPI,City Center,Returning
2024-05-31 02:00:00,INV6706,Notebook,Books,4,-90,-360,Card,Riverside,New
2024-06-16 08:00:00,INV6707,Pen Set,Books,5,143,715,Cash,Riverside,Returning
2024-06-10 11:00:00,INV6708,Laptop,Electronics,5,59858,299290,Cash,City Center,Returning
2024-08-17 01:00:00,INV6709,Pen Set,Books,3,235,705,Cash,City Center,Returning
2024-09-16 22:00:00,INV6710,Mixer Grinder,Home Appliances,3,3587,10761,UPI,City Center,Returning
2024-01-11 21:00:00,INV6711,Microwave,Home Appliances,1,6807,6807,Online Gateway,City Center,Returning
2024-07-27 00:00:00,INV6712,Novel,Books,3,664,1992,UPI,City Center,Returning
2024-06-16 17:00:00,INV6713,Headphones,Electronics,5,1481,7405,UPI,Riverside,Returning
2024-12-11 03:00:00,INV6714,Washing Machine,Home Appliances,5,14968,74840,UPI,City Center,New
2024-06-24 22:00:00,INV6715,Pen Set,Books,4,206,824,UPI,Riverside,New
2024-06-22 23:00:00,INV6716,Microwave,Home Appliances,3,6886,20658,Cash,City Center,New
2024-05-23 11:00:00,INV6717,Washing Machine,Home Appliances,1,15131,15131,Online Gateway,City Center,Returning
2024-07-27 19:00:00,INV6718,T-shirt,Fashion,4,896,3584,UPI,Riverside,New
2024-01-29 21:00:00,INV6719,Shoes,Fashion,3,2645,7935,Cash,Riverside,New
2024-12-13 19:00:00,INV6720,Mixer Grinder,Home Appliances,2,3383,6766,Online Gateway,Riverside,Returning
2024-03-16 12:00:00,INV6721,Pen Set,Books,1,201,201,Cash,City Center,New
2024-08-26 12:00:00,INV6722,Microwave,Home Appliances,1,7038,7038,Cash,City Center,Returning
2024-02-28 15:00:00,INV6723,Notebook,Books,3,129,387,Online Gateway,City Center,New
2024-11-30 16:00:00,INV6724,Laptop,Electronics,3,60198,180594,UPI,Riverside,New
2024-02-28 18:00:00,INV6725,Pen Set,Books,3,-62,-186,Card,Riverside,Returning
2024-05-25 17:00:00,INV6726,Headphones,Electronics,5,1403,7015,Card,Riverside,New
2024-07-01 04:00:00,INV6727,Notebook,Books,5,141,705,UPI,Riverside,Returning
2024-11-04 02:00:00,INV6728,Novel,Books,5,363,1815,Card,City Center,New
2024-01-23 23:00:00,INV6729,Washing Machine,Home Appliances,3,14993,44979,UPI,Riverside,Returning
2024-06-29 12:00:00,INV6730,Smartphone,Electronics,1,19974,19974,Card,City Center,Returning
2024-02-11 13:00:00,INV6731,Laptop,Electronics,5,60104,300520,UPI,City Center,New
2024-06-18 20:00:00,INV6732,Microwave,Home Appliances,5,6861,34305,Cash,Riverside,New
2024-09-11 03:00:00,INV6733,Smartphone,Electronics,3,20005,60015,UPI,Riverside,Returning
2024-08-19 11:00:00,INV6734,Pen Set,Books,1,-98,-98,Card,City Center,Returning
2024-06-17 20:00:00,INV6735,Jeans,Fashion,3,1688,5064,UPI,Riverside,New
2024-08-08 23:00:00,INV6736,Pen Set,Books,5,129,645,UPI,City Center,New
2024-12-04 06:00:00,INV6737,Microwave,Home Appliances,4,6949,27796,Online Gateway,Riverside,New
2024-09-11 06:00:00,INV6738,Laptop,Electronics,4,60086,240344,Cash,City Center,Returning
2024-08-16 18:00:00,INV6739,Shoes,Fashion,2,2471,4942,Cash,City Center,New
2024-12-22 20:00:00,INV6740,Notebook,Books,5,-85,-425,Card,City Center,Returning
2024-08-22 00:00:00,INV6741,Microwave,Home Appliances,5,7099,35495,Cash,Riverside,Returning
2024-04-03 16:00:00,INV6742,Washing Machine,Home Appliances,1,14875,14875,Online Gateway,Riverside,New
2024-02-05 08:00:00,INV6743,Mixer Grinder,Home Appliances,2,3592,7184,UPI,Riverside,New
2024-09-21 18:00:00,INV6744,Washing Machine,Home Appliances,3,15006,45018,Card,City Center,New
2024-12-28 07:00:00,INV6745,Laptop,Electronics,2,60149,120298,Online Gateway,City Center,New
2024-12-02 06:00:00,INV6746,Microwave,Home Appliances,1,6925,6925,Online Gateway,City Center,Returning
2024-05-31 01:00:00,INV6747,Pen Set,Books,4,234,936,Card,City Center,New
2024-01-14 02:00:00,INV6748,Microwave,Home Appliances,1,7092,7092,Card,Riverside,Returning
2024-04-09 00:00:00,INV6749,Novel,Books,2,644,1288,Online Gateway,Riverside,Returning
2024-07-01 10:00:00,INV6750,Mixer Grinder,Home Appliances,4,3509,14036,Card,Riverside,Returning
2024-12-18 01:00:00,INV6751,Laptop,Electronics,4,59946,239784,UPI,Riverside,Returning
2024-01-24 22:00:00,INV6752,Jeans,Fashion,4,1668,6672,Online Gateway,Riverside,Returning
2024-08-20 17:00:00,INV6753,Jeans,Fashion,3,1645,4935,Card,City Center,Returning
2024-08-16 20:00:00,INV6754,Novel,Books,3,555,1665,Online Gateway,Riverside,New
2024-04-27 02:00:00,INV6755,Laptop,Electronics,2,59957,119914,UPI,City Center,New
2024-12-04 22:00:00,INV6756,Laptop,Electronics,2,60023,120046,Card,Riverside,New
2024-08-24 06:00:00,INV6757,Laptop,Electronics,2,59864,119728,Online Gateway,Riverside,Returning
2024-11-17 11:00:00,INV6758,Headphones,Electronics,3,1526,4578,Card,City Center,New
2024-09-30 15:00:00,INV6759,Novel,Books,1,536,536,UPI,City Center,Returning
2024-05-24 03:00:00,INV6760,Shoes,Fashion,3,2344,7032,Online Gateway,Riverside,New
2024-09-11 21:00:00,INV6761,Notebook,Books,2,39,78,Online Gateway,Riverside,Returning
2024-06-15 08:00:00,INV6762,Jeans,Fashion,1,1664,1664,UPI,City Center,Returning
2024-11-22 13:00:00,INV6763,Notebook,Books,5,203,1015,Cash,City Center,Returning
2024-01-09 11:00:00,INV6764,Shoes,Fashion,4,2670,10680,Online Gateway,City Center,New
2024-04-25 15:00:00,INV6765,Headphones,Electronics,4,1522,6088,Card,City Center,Returning
2024-03-24 00:00:00,INV6766,Headphones,Electronics,2,1572,3144,UPI,Riverside,New
2024-04-03 11:00:00,INV6767,Mixer Grinder,Home Appliances,2,3538,7076,Card,City Center,Returning
2024-12-20 02:00:00,INV6768,Notebook,Books,2,-5,-10,UPI,City Center,New
2024-03-11 07:00:00,INV6769,Laptop,Electronics,2,59917,119834,Online Gateway,City Center,New
2024-06-20 05:00:00,INV6770,Mixer Grinder,Home Appliances,5,3459,17295,Card,City Center,Returning
2024-03-18 12:00:00,INV6771,Laptop,Electronics,2,60180,120360,Online Gateway,City Center,Returning
2024-08-03 16:00:00,INV6772,Shoes,Fashion,2,2419,4838,Card,City Center,New
2024-01-31 02:00:00,INV6773,Mixer Grinder,Home Appliances,3,3487,10461,Online Gateway,City Center,New
2024-12-29 08:00:00,INV6774,Jeans,Fashion,4,1880,7520,Cash,Riverside,Returning
2024-07-22 21:00:00,INV6775,Shoes,Fashion,4,2351,9404,UPI,City Center,Returning
2024-01-15 07:00:00,INV6776,Washing Machine,Home Appliances,5,15137,75685,Online Gateway,City Center,Returning
2024-08-12 22:00:00,INV6777,T-shirt,Fashion,3,961,2883,UPI,Riverside,Returning
2024-12-16 00:00:00,INV6778,Pen Set,Books,2,-101,-202,UPI,Riverside,New
2024-07-16 08:00:00,INV6779,Microwave,Home Appliances,5,7142,35710,Card,Riverside,Returning
2024-05-21 22:00:00,INV6780,Laptop,Electronics,3,59905,179715,Card,Riverside,New
2024-02-08 07:00:00,INV6781,Notebook,Books,5,119,595,UPI,City Center,Returning
2024-08-30 11:00:00,INV6782,Pen Set,Books,2,119,238,Card,City Center,New
2024-03-26 04:00:00,INV6783,Novel,Books,4,614,2456,Online Gateway,City Center,New
2024-01-18 10:00:00,INV6784,Smartphone,Electronics,3,19811,59433,Card,City Center,New
2024-03-13 21:00:00,INV6785,Novel,Books,5,491,2455,Online Gateway,Riverside,Returning
2024-11-03 10:00:00,INV6786,Smartphone,Electronics,1,19865,19865,UPI,City Center,Returning
2024-02-15 19:00:00,INV6787,Washing Machine,Home Appliances,4,15177,60708,Online Gateway,City Center,Returning
2024-05-21 08:00:00,INV6788,Notebook,Books,4,14,56,UPI,Riverside,Returning
2024-04-25 12:00:00,INV6789,Microwave,Home Appliances,1,6952,6952,Online Gateway,City Center,New
2024-10-09 16:00:00,INV6790,Mixer Grinder,Home Appliances,5,3483,17415,Cash,City Center,New
2024-03-05 09:00:00,INV6791,Mixer Grinder,Home Appliances,3,3394,10182,UPI,City Center,Returning
2024-02-14 14:00:00,INV6792,Washing Machine,Home Appliances,2,14878,29756,Cash,Riverside,Returning
2024-09-28 18:00:00,INV6793,Novel,Books,4,423,1692,Online Gateway,Riverside,New
2024-03-18 02:00:00,INV6794,Novel,Books,4,416,1664,UPI,Riverside,Returning
2024-07-29 13:00:00,INV6795,Laptop,Electronics,2,60084,120168,UPI,Riverside,Returning
2024-05-02 11:00:00,INV6796,Washing Machine,Home Appliances,3,15022,45066,UPI,City Center,New
2024-10-26 18:00:00,INV6797,Microwave,Home Appliances,1,7062,7062,Online Gateway,City Center,New
2024-08-31 19:00:00,INV6798,Laptop,Electronics,2,60178,120356,Cash,City Center,New
2024-10-05 01:00:00,INV6799,Pen Set,Books,4,-46,-184,Online Gateway,Riverside,New
2024-01-29 06:00:00,INV6800,Notebook,Books,2,79,158,Online Gateway,Riverside,New
2024-02-11 04:00:00,INV6801,Pen Set,Books,2,-63,-126,Card,Riverside,Returning
2024-03-03 14:00:00,INV6802,T-shirt,Fashion,5,709,3545,Cash,Riverside,Returning
2024-03-15 13:00:00,INV6803,Laptop,Electronics,1,60097,60097,Cash,City Center,New
2024-08-08 01:00:00,INV6804,T-shirt,Fashion,5,865,4325,Online Gateway,Riverside,New
2024-07-28 11:00:00,INV6805,Pen Set,Books,4,-44,-176,Card,Riverside,Returning
2024-02-29 09:00:00,INV6806,T-shirt,Fashion,4,996,3984,Card,Riverside,Returning
2024-10-04 06:00:00,INV6807,Novel,Books,3,622,1866,UPI,City Center,Returning
2024-04-11 16:00:00,INV6808,Washing Machine,Home Appliances,1,15115,15115,Cash,City Center,Returning
2024-10-12 16:00:00,INV6809,Smartphone,Electronics,4,19949,79796,UPI,City Center,New
2024-11-02 23:00:00,INV6810,T-shirt,Fashion,3,984,2952,Online Gateway,City Center,Returning
2024-04-18 02:00:00,INV6811,Washing Machine,Home Appliances,4,15094,60376,UPI,Riverside,Returning
2024-07-14 09:00:00,INV6812,Shoes,Fashion,2,2576,5152,Online Gateway,City Center,Returning
2024-04-11 12:00:00,INV6813,Headphones,Electronics,5,1593,7965,Cash,Riverside,Returning
2024-08-17 21:00:00,INV6814,Washing Machine,Home Appliances,3,14844,44532,Card,Riverside,Returning
2024-09-19 22:00:00,INV6815,Pen Set,Books,4,76,304,Cash,City Center,Returning
2024-05-27 11:00:00,INV6816,T-shirt,Fashion,2,735,1470,UPI,City Center,Returning
2024-05-25 03:00:00,INV6817,Mixer Grinder,Home Appliances,3,3616,10848,Card,City Center,Returning
2024-11-03 03:00:00,INV6818,Headphones,Electronics,3,1329,3987,Card,City Center,New
2024-04-03 09:00:00,INV6819,Mixer Grinder,Home Appliances,5,3630,18150,Online Gateway,Riverside,Returning
2024-09-22 18:00:00,INV6820,Novel,Books,2,435,870,Card,Riverside,New
2024-04-25 05:00:00,INV6821,Jeans,Fashion,3,1870,5610,Online Gateway,Riverside,New
2024-07-23 15:00:00,INV6822,Smartphone,Electronics,2,19852,39704,UPI,Riverside,New
2024-01-17 19:00:00,INV6823,Shoes,Fashion,5,2531,12655,Cash,City Center,New
2024-05-20 22:00:00,INV6824,Shoes,Fashion,3,2458,7374,Online Gateway,Riverside,Returning
2024-06-22 11:00:00,INV6825,Washing Machine,Home Appliances,1,14953,14953,Cash,City Center,Returning
2024-11-13 22:00:00,INV6826,Washing Machine,Home Appliances,3,15025,45075,UPI,Riverside,Returning
2024-01-04 15:00:00,INV6827,Pen Set,Books,5,-88,-440,Cash,Riverside,New
2024-08-30 08:00:00,INV6828,Headphones,Electronics,2,1359,2718,UPI,City Center,New
2024-08-15 22:00:00,INV6829,Pen Set,Books,5,198,990,Online Gateway,Riverside,Returning
2024-09-18 12:00:00,INV6830,Mixer Grinder,Home Appliances,4,3663,14652,Cash,City Center,New
2024-08-27 03:00:00,INV6831,T-shirt,Fashion,1,760,760,Card,City Center,New
2024-06-27 01:00:00,INV6832,Jeans,Fashion,2,1878,3756,Online Gateway,Riverside,New
2024-09-28 19:00:00,INV6833,Smartphone,Electronics,2,20063,40126,UPI,Riverside,New
2024-07-27 11:00:00,INV6834,Laptop,Electronics,2,60100,120200,UPI,Riverside,New
2024-11-30 22:00:00,INV6835,Mixer Grinder,Home Appliances,1,3354,3354,Cash,City Center,New
2024-10-02 06:00:00,INV6836,T-shirt,Fashion,3,838,2514,Cash,City Center,Returning
2024-03-27 00:00:00,INV6837,Mixer Grinder,Home Appliances,1,3497,3497,Cash,Riverside,New
2024-08-09 11:00:00,INV6838,Shoes,Fashion,4,2620,10480,UPI,City Center,Returning
2024-01-14 05:00:00,INV6839,Jeans,Fashion,1,1894,1894,Cash,City Center,Returning
2024-03-03 14:00:00,INV6840,Mixer Grinder,Home Appliances,4,3341,13364,Online Gateway,Riverside,New
2024-09-12 10:00:00,INV6841,Microwave,Home Appliances,1,7074,7074,Cash,Riverside,New
2024-11-05 03:00:00,INV6842,Novel,Books,2,662,1324,Card,Riverside,New
2024-03-26 02:00:00,INV6843,Microwave,Home Appliances,1,7107,7107,Online Gateway,City Center,New
2024-07-10 14:00:00,INV6844,Novel,Books,2,406,812,Card,City Center,New
2024-01-05 22:00:00,INV6845,T-shirt,Fashion,5,780,3900,Card,City Center,New
2024-01-30 13:00:00,INV6846,Novel,Books,3,321,963,Cash,City Center,Returning
2024-05-28 05:00:00,INV6847,Notebook,Books,1,141,141,Online Gateway,Riverside,Returning
2024-05-15 10:00:00,INV6848,Washing Machine,Home Appliances,2,15166,30332,Online Gateway,Riverside,New
2024-12-01 21:00:00,INV6849,Washing Machine,Home Appliances,4,14854,59416,Cash,City Center,Returning
2024-12-24 17:00:00,INV6850,Pen Set,Books,2,219,438,Cash,City Center,New
2024-04-18 11:00:00,INV6851,Washing Machine,Home Appliances,5,14989,74945,Cash,Riverside,Returning
2024-02-15 21:00:00,INV6852,Microwave,Home Appliances,1,6886,6886,Cash,City Center,Returning
2024-07-03 05:00:00,INV6853,Laptop,Electronics,1,60077,60077,Cash,City Center,New
2024-11-23 09:00:00,INV6854,Notebook,Books,2,247,494,Card,City Center,New
2024-12-06 17:00:00,INV6855,Headphones,Electronics,3,1482,4446,Online Gateway,City Center,New
2024-09-10 10:00:00,INV6856,Washing Machine,Home Appliances,2,14913,29826,Cash,Riverside,Returning
2024-10-04 10:00:00,INV6857,Novel,Books,4,584,2336,Cash,City Center,Returning
2024-04-04 05:00:00,INV6858,Notebook,Books,1,192,192,Online Gateway,City Center,Returning
2024-11-30 05:00:00,INV6859,Jeans,Fashion,1,1776,1776,Card,City Center,New
2024-01-22 04:00:00,INV6860,Headphones,Electronics,1,1411,1411,Online Gateway,City Center,New
2024-04-09 03:00:00,INV6861,Washing Machine,Home Appliances,3,15197,45591,Cash,City Center,Returning
2024-07-17 00:00:00,INV6862,T-shirt,Fashion,4,621,2484,Cash,Riverside,New
2024-08-16 23:00:00,INV6863,T-shirt,Fashion,1,996,996,Card,Riverside,Returning
2024-05-13 17:00:00,INV6864,Novel,Books,3,434,1302,UPI,Riverside,New
2024-11-04 06:00:00,INV6865,Washing Machine,Home Appliances,1,15102,15102,UPI,City Center,Returning
2024-10-07 23:00:00,INV6866,Headphones,Electronics,4,1434,5736,UPI,Riverside,Returning
2024-08-23 08:00:00,INV6867,Novel,Books,5,412,2060,UPI,City Center,Returning
2024-08-03 11:00:00,INV6868,T-shirt,Fashion,2,911,1822,UPI,City Center,Returning
2024-11-24 18:00:00,INV6869,Headphones,Electronics,5,1636,8180,Cash,Riverside,Returning
2024-01-14 12:00:00,INV6870,Microwave,Home Appliances,4,7020,28080,Card,Riverside,New
2024-05-28 05:00:00,INV6871,Notebook,Books,5,47,235,Online Gateway,Riverside,Returning
2024-05-29 11:00:00,INV6872,Novel,Books,1,607,607,UPI,City Center,New
2024-01-07 07:00:00,INV6873,Smartphone,Electronics,4,19946,79784,Online Gateway,City Center,Returning
2024-02-09 18:00:00,INV6874,Smartphone,Electronics,4,19950,79800,Online Gateway,Riverside,New
2024-06-30 10:00:00,INV6875,Headphones,Electronics,4,1366,5464,Online Gateway,Riverside,New
2024-10-25 08:00:00,INV6876,Smartphone,Electronics,4,19998,79992,Card,Riverside,Returning
2024-01-29 15:00:00,INV6877,Laptop,Electronics,2,59957,119914,Card,Riverside,Returning
2024-12-20 05:00:00,INV6878,Mixer Grinder,Home Appliances,5,3623,18115,Online Gateway,Riverside,New
2024-05-10 07:00:00,INV6879,Smartphone,Electronics,4,19989,79956,Online Gateway,City Center,Returning
2024-10-08 19:00:00,INV6880,Pen Set,Books,4,200,800,UPI,City Center,New
2024-05-21 11:00:00,INV6881,Smartphone,Electronics,3,20054,60162,Card,City Center,New
2024-02-05 05:00:00,INV6882,Pen Set,Books,2,15,30,Card,Riverside,New
2024-02-18 12:00:00,INV6883,Shoes,Fashion,3,2377,7131,UPI,Riverside,New
2024-09-03 00:00:00,INV6884,Laptop,Electronics,5,59964,299820,UPI,Riverside,New
2024-08-11 08:00:00,INV6885,Microwave,Home Appliances,2,6855,13710,UPI,City Center,Returning
2024-01-15 18:00:00,INV6886,Headphones,Electronics,1,1620,1620,UPI,City Center,Returning
2024-03-19 00:00:00,INV6887,Shoes,Fashion,1,2396,2396,Cash,Riverside,Returning
2024-03-25 08:00:00,INV6888,Washing Machine,Home Appliances,1,14968,14968,Card,Riverside,New
2024-04-27 09:00:00,INV6889,Shoes,Fashion,2,2364,4728,Cash,City Center,New
2024-06-08 16:00:00,INV6890,Headphones,Electronics,5,1438,7190,UPI,City Center,New
2024-12-10 01:00:00,INV6891,T-shirt,Fashion,1,743,743,Cash,Riverside,New
2024-04-17 13:00:00,INV6892,T-shirt,Fashion,2,948,1896,Online Gateway,Riverside,New
2024-04-13 14:00:00,INV6893,Pen Set,Books,3,-127,-381,Card,City Center,New
2024-12-16 18:00:00,INV6894,Washing Machine,Home Appliances,5,14875,74375,Card,City Center,New
2024-04-11 19:00:00,INV6895,Microwave,Home Appliances,5,7089,35445,Cash,City Center,New
2024-02-13 04:00:00,INV6896,Laptop,Electronics,5,59996,299980,Card,Riverside,New
2024-12-27 20:00:00,INV6897,Washing Machine,Home Appliances,3,15037,45111,Online Gateway,City Center,Returning
2024-11-05 19:00:00,INV6898,Jeans,Fashion,5,1842,9210,Online Gateway,Riverside,Returning
2024-03-05 12:00:00,INV6899,Headphones,Electronics,4,1409,5636,UPI,City Center,New
2024-07-30 01:00:00,INV6900,Pen Set,Books,4,170,680,Card,Riverside,Returning
2024-09-27 16:00:00,INV6901,T-shirt,Fashion,2,665,1330,UPI,City Center,Returning
2024-09-14 15:00:00,INV6902,Smartphone,Electronics,1,20038,20038,Card,City Center,Returning
2024-06-13 21:00:00,INV6903,Laptop,Electronics,2,59928,119856,UPI,Riverside,New
2024-05-21 23:00:00,INV6904,Mixer Grinder,Home Appliances,5,3395,16975,Online Gateway,City Center,New
2024-01-27 15:00:00,INV6905,T-shirt,Fashion,4,803,3212,Online Gateway,Riverside,Returning
2024-01-08 04:00:00,INV6906,Washing Machine,Home Appliances,1,15072,15072,Card,Riverside,Returning
2024-08-24 02:00:00,INV6907,Jeans,Fashion,5,1828,9140,Cash,City Center,New
2024-06-30 10:00:00,INV6908,Notebook,Books,4,60,240,Card,City Center,New
2024-06-13 23:00:00,INV6909,Pen Set,Books,4,134,536,UPI,City Center,New
2024-12-28 20:00:00,INV6910,Jeans,Fashion,2,1802,3604,Card,City Center,New
2024-12-29 02:00:00,INV6911,Microwave,Home Appliances,3,7164,21492,Cash,Riverside,Returning
2024-04-30 06:00:00,INV6912,Shoes,Fashion,1,2625,2625,Cash,City Center,Returning
2024-03-31 04:00:00,INV6913,Smartphone,Electronics,3,19946,59838,UPI,City Center,Returning
2024-06-13 09:00:00,INV6914,T-shirt,Fashion,3,962,2886,Online Gateway,Riverside,Returning
2024-08-06 03:00:00,INV6915,Shoes,Fashion,2,2335,4670,Online Gateway,City Center,New
2024-11-18 18:00:00,INV6916,Notebook,Books,3,16,48,Card,City Center,Returning
2024-04-17 22:00:00,INV6917,Novel,Books,4,384,1536,Online Gateway,Riverside,New
2024-11-19 02:00:00,INV6918,Smartphone,Electronics,1,20184,20184,Cash,City Center,Returning
2024-07-24 14:00:00,INV6919,Shoes,Fashion,3,2454,7362,Online Gateway,Riverside,Returning
2024-06-18 20:00:00,INV6920,Mixer Grinder,Home Appliances,4,3620,14480,Cash,City Center,Returning
2024-08-04 01:00:00,INV6921,Mixer Grinder,Home Appliances,4,3327,13308,Card,City Center,Returning
2024-02-15 13:00:00,INV6922,Novel,Books,5,378,1890,Online Gateway,Riverside,New
2024-06-10 16:00:00,INV6923,Microwave,Home Appliances,4,6912,27648,Card,Riverside,Returning
2024-09-30 07:00:00,INV6924,Novel,Books,1,407,407,Card,City Center,New
2024-04-26 01:00:00,INV6925,Headphones,Electronics,2,1417,2834,UPI,Riverside,New
2024-09-09 17:00:00,INV6926,Microwave,Home Appliances,1,6948,6948,Online Gateway,City Center,New
2024-09-29 11:00:00,INV6927,T-shirt,Fashion,5,711,3555,Online Gateway,Riverside,Returning
2024-03-06 14:00:00,INV6928,Microwave,Home Appliances,4,7170,28680,Online Gateway,Riverside,New
2024-08-24 12:00:00,INV6929,Microwave,Home Appliances,1,6913,6913,Online Gateway,Riverside,Returning
2024-12-01 20:00:00,INV6930,Jeans,Fashion,4,1606,6424,Cash,Riverside,Returning
2024-06-15 06:00:00,INV6931,Pen Set,Books,2,-68,-136,Card,City Center,New
2024-08-05 02:00:00,INV6932,Notebook,Books,5,-35,-175,Cash,City Center,Returning
2024-07-20 21:00:00,INV6933,Mixer Grinder,Home Appliances,2,3546,7092,UPI,Riverside,New
2024-02-19 13:00:00,INV6934,Washing Machine,Home Appliances,3,15162,45486,Card,City Center,New
2024-04-22 01:00:00,INV6935,Laptop,Electronics,3,60169,180507,UPI,Riverside,New
2024-06-19 15:00:00,INV6936,Notebook,Books,1,105,105,Online Gateway,Riverside,New
2024-03-19 03:00:00,INV6937,T-shirt,Fashion,5,780,3900,Card,City Center,New
2024-11-19 16:00:00,INV6938,Shoes,Fashion,3,2634,7902,UPI,City Center,Returning
2024-05-21 22:00:00,INV6939,Mixer Grinder,Home Appliances,3,3596,10788,Cash,City Center,Returning
2024-06-12 20:00:00,INV6940,Washing Machine,Home Appliances,3,14850,44550,Card,Riverside,New
2024-12-09 08:00:00,INV6941,Smartphone,Electronics,1,19999,19999,Card,Riverside,New
2024-08-13 08:00:00,INV6942,Microwave,Home Appliances,1,6957,6957,Card,Riverside,Returning
2024-06-09 21:00:00,INV6943,Notebook,Books,5,-52,-260,Cash,Riverside,Returning
2024-11-04 14:00:00,INV6944,Novel,Books,3,485,1455,UPI,Riverside,New
2024-04-28 01:00:00,INV6945,Smartphone,Electronics,5,19926,99630,Online Gateway,City Center,New
2024-08-08 05:00:00,INV6946,Shoes,Fashion,4,2399,9596,Online Gateway,Riverside,Returning
2024-11-14 13:00:00,INV6947,Headphones,Electronics,4,1504,6016,Online Gateway,Riverside,Returning
2024-07-18 01:00:00,INV6948,Microwave,Home Appliances,4,6987,27948,Card,Riverside,Returning
2024-04-23 23:00:00,INV6949,Smartphone,Electronics,2,20197,40394,UPI,City Center,Returning
2024-12-10 17:00:00,INV6950,T-shirt,Fashion,5,637,3185,UPI,City Center,New
2024-12-10 22:00:00,INV6951,Mixer Grinder,Home Appliances,5,3452,17260,Card,Riverside,Returning
2024-09-22 08:00:00,INV6952,Headphones,Electronics,2,1402,2804,Cash,Riverside,Returning
2024-02-04 05:00:00,INV6953,Smartphone,Electronics,3,19814,59442,Cash,City Center,New
2024-11-09 13:00:00,INV6954,Smartphone,Electronics,2,20112,40224,Cash,Riverside,Returning
2024-01-07 18:00:00,INV6955,Mixer Grinder,Home Appliances,1,3457,3457,UPI,City Center,New
2024-11-20 01:00:00,INV6956,Washing Machine,Home Appliances,3,15055,45165,Card,City Center,Returning
2024-03-21 12:00:00,INV6957,Novel,Books,5,306,1530,Cash,City Center,Returning
2024-05-27 07:00:00,INV6958,Smartphone,Electronics,4,20197,80788,UPI,Riverside,New
2024-09-05 04:00:00,INV6959,T-shirt,Fashion,5,892,4460,Cash,Riverside,Returning
2024-05-23 14:00:00,INV6960,Shoes,Fashion,5,2638,13190,Cash,Riverside,Returning
2024-04-26 06:00:00,INV6961,Novel,Books,5,495,2475,Online Gateway,City Center,Returning
2024-04-22 19:00:00,INV6962,Microwave,Home Appliances,2,6818,13636,Online Gateway,City Center,New
2024-11-27 15:00:00,INV6963,Headphones,Electronics,2,1534,3068,Card,Riverside,Returning
2024-06-12 21:00:00,INV6964,Shoes,Fashion,2,2329,4658,UPI,Riverside,Returning
2024-05-21 01:00:00,INV6965,Headphones,Electronics,3,1485,4455,Online Gateway,City Center,Returning
2024-10-03 12:00:00,INV6966,Jeans,Fashion,4,1916,7664,Card,City Center,Returning
2024-02-08 10:00:00,INV6967,Microwave,Home Appliances,1,6860,6860,Cash,Riverside,Returning
2024-12-03 01:00:00,INV6968,Notebook,Books,5,-51,-255,Online Gateway,Riverside,New
2024-01-24 12:00:00,INV6969,Notebook,Books,2,273,546,Online Gateway,City Center,Returning
2024-05-15 18:00:00,INV6970,Mixer Grinder,Home Appliances,3,3508,10524,Online Gateway,City Center,New
2024-04-14 04:00:00,INV6971,Mixer Grinder,Home Appliances,3,3644,10932,Online Gateway,City Center,Returning
2024-07-09 06:00:00,INV6972,Mixer Grinder,Home Appliances,4,3545,14180,UPI,City Center,New
2024-10-13 17:00:00,INV6973,Washing Machine,Home Appliances,3,14939,44817,Online Gateway,City Center,New
2024-05-31 12:00:00,INV6974,Washing Machine,Home Appliances,2,14876,29752,Online Gateway,Riverside,Returning
2024-09-08 06:00:00,INV6975,Notebook,Books,4,291,1164,UPI,Riverside,Returning
2024-01-10 07:00:00,INV6976,Pen Set,Books,3,115,345,Online Gateway,Riverside,Returning
2024-09-19 09:00:00,INV6977,Novel,Books,3,598,1794,UPI,Riverside,New
2024-01-15 14:00:00,INV6978,Jeans,Fashion,3,1921,5763,Card,Riverside,Returning
2024-10-31 18:00:00,INV6979,T-shirt,Fashion,3,931,2793,Cash,City Center,Returning
2024-03-21 08:00:00,INV6980,Laptop,Electronics,3,59923,179769,Online Gateway,Riverside,New
2024-11-18 15:00:00,INV6981,Novel,Books,1,586,586,UPI,Riverside,Returning
2024-12-21 20:00:00,INV6982,Shoes,Fashion,5,2432,12160,UPI,City Center,New
2024-07-16 04:00:00,INV6983,Microwave,Home Appliances,3,6943,20829,Cash,Riverside,New
2024-02-12 09:00:00,INV6984,Jeans,Fashion,2,1872,3744,Card,City Center,Returning
2024-04-02 18:00:00,INV6985,Washing Machine,Home Appliances,5,14896,74480,Card,City Center,New
2024-10-27 06:00:00,INV6986,Washing Machine,Home Appliances,5,14994,74970,UPI,City Center,Returning
2024-10-25 18:00:00,INV6987,Laptop,Electronics,4,59913,239652,Online Gateway,City Center,New
2024-09-15 15:00:00,INV6988,T-shirt,Fashion,1,780,780,Cash,Riverside,New
2024-04-10 19:00:00,INV6989,Headphones,Electronics,3,1315,3945,UPI,City Center,New
2024-09-17 00:00:00,INV6990,Pen Set,Books,2,58,116,UPI,City Center,Returning
2024-03-19 21:00:00,INV6991,Notebook,Books,5,121,605,Card,City Center,Returning
2024-08-09 18:00:00,INV6992,Washing Machine,Home Appliances,4,14943,59772,Online Gateway,Riverside,Returning
2024-11-17 14:00:00,INV6993,Washing Machine,Home Appliances,1,14926,14926,Card,City Center,Returning
2024-10-13 14:00:00,INV6994,Shoes,Fashion,5,2617,13085,Online Gateway,Riverside,New
2024-02-16 21:00:00,INV6995,Jeans,Fashion,5,1675,8375,Cash,Riverside,New
2024-05-09 21:00:00,INV6996,Laptop,Electronics,1,59810,59810,Card,Riverside,Returning
2024-06-22 09:00:00,INV6997,Laptop,Electronics,4,60073,240292,Cash,Riverside,New
2024-06-17 10:00:00,INV6998,Washing Machine,Home Appliances,3,15065,45195,UPI,Riverside,Returning
2024-07-03 17:00:00,INV6999,Novel,Books,4,403,1612,Card,City Center,New
2024-12-25 22:00:00,INV7000,Washing Machine,Home Appliances,1,14934,14934,UPI,City Center,Returning
2024-04-20 18:00:00,INV7001,Microwave,Home Appliances,3,6938,20814,Online Gateway,City Center,Returning
2024-05-25 03:00:00,INV7002,Laptop,Electronics,3,60142,180426,Card,Riverside,New
2024-05-02 16:00:00,INV7003,Headphones,Electronics,4,1314,5256,Online Gateway,Riverside,Returning
2024-10-27 10:00:00,INV7004,Washing Machine,Home Appliances,4,14830,59320,Online Gateway,City Center,New
2024-11-14 21:00:00,INV7005,Headphones,Electronics,5,1393,6965,Card,Riverside,New
2024-03-23 18:00:00,INV7006,Shoes,Fashion,5,2356,11780,Card,City Center,Returning
2024-02-14 18:00:00,INV7007,Microwave,Home Appliances,3,6986,20958,UPI,City Center,New
2024-06-28 09:00:00,INV7008,Shoes,Fashion,4,2510,10040,Online Gateway,City Center,Returning
2024-05-05 07:00:00,INV7009,Pen Set,Books,5,248,1240,Cash,Riverside,New
2024-02-10 09:00:00,INV7010,Laptop,Electronics,4,60128,240512,UPI,City Center,New
2024-04-27 16:00:00,INV7011,Washing Machine,Home Appliances,3,14820,44460,Online Gateway,City Center,Returning
2024-02-20 11:00:00,INV7012,Mixer Grinder,Home Appliances,2,3689,7378,UPI,Riverside,Returning
2024-01-10 13:00:00,INV7013,Mixer Grinder,Home Appliances,2,3305,6610,Card,Riverside,Returning
2024-06-27 12:00:00,INV7014,Microwave,Home Appliances,2,7021,14042,UPI,Riverside,New
2024-05-12 17:00:00,INV7015,T-shirt,Fashion,3,917,2751,Card,Riverside,New
2024-01-21 21:00:00,INV7016,Mixer Grinder,Home Appliances,1,3614,3614,Cash,City Center,New
2024-01-03 00:00:00,INV7017,Microwave,Home Appliances,5,7059,35295,Card,Riverside,Returning
2024-05-28 14:00:00,INV7018,Shoes,Fashion,1,2519,2519,Online Gateway,Riverside,Returning
2024-05-07 07:00:00,INV7019,T-shirt,Fashion,3,621,1863,UPI,City Center,New
2024-01-17 02:00:00,INV7020,Shoes,Fashion,2,2620,5240,Cash,Riverside,Returning
2024-02-10 09:00:00,INV7021,Washing Machine,Home Appliances,1,15165,15165,UPI,City Center,Returning
2024-08-30 12:00:00,INV7022,Novel,Books,5,699,3495,Cash,City Center,Returning
2024-05-07 04:00:00,INV7023,Headphones,Electronics,2,1632,3264,Cash,City Center,Returning
2024-11-04 05:00:00,INV7024,Washing Machine,Home Appliances,2,14912,29824,Cash,City Center,New
2024-04-05 22:00:00,INV7025,Jeans,Fashion,4,1780,7120,UPI,City Center,New
2024-04-05 03:00:00,INV7026,Laptop,Electronics,4,60105,240420,Cash,Riverside,Returning
2024-06-30 22:00:00,INV7027,Laptop,Electronics,2,60149,120298,Online Gateway,City Center,New
2024-01-06 02:00:00,INV7028,Laptop,Electronics,1,59874,59874,UPI,City Center,New
2024-10-10 07:00:00,INV7029,Mixer Grinder,Home Appliances,3,3302,9906,Cash,Riverside,New
2024-06-04 07:00:00,INV7030,Shoes,Fashion,1,2640,2640,Card,City Center,Returning
2024-12-18 02:00:00,INV7031,Mixer Grinder,Home Appliances,2,3328,6656,UPI,City Center,New
2024-07-25 14:00:00,INV7032,Novel,Books,2,328,656,UPI,Riverside,Returning
2024-01-22 20:00:00,INV7033,Pen Set,Books,4,-39,-156,UPI,Riverside,Returning
2024-12-15 23:00:00,INV7034,Novel,Books,4,404,1616,Card,Riverside,Returning
2024-01-07 04:00:00,INV7035,Notebook,Books,3,21,63,Cash,Riverside,New
2024-11-29 09:00:00,INV7036,Mixer Grinder,Home Appliances,2,3548,7096,Card,City Center,New
2024-01-19 05:00:00,INV7037,Washing Machine,Home Appliances,3,14867,44601,UPI,City Center,Returning
2024-06-05 05:00:00,INV7038,Headphones,Electronics,3,1486,4458,Online Gateway,Riverside,New
2024-12-07 02:00:00,INV7039,Jeans,Fashion,3,1902,5706,Cash,City Center,New
2024-07-04 13:00:00,INV7040,Mixer Grinder,Home Appliances,1,3594,3594,Online Gateway,Riverside,Returning
2024-08-10 08:00:00,INV7041,T-shirt,Fashion,5,832,4160,Online Gateway,City Center,Returning
2024-07-08 15:00:00,INV7042,Laptop,Electronics,3,60062,180186,UPI,City Center,Returning
2024-04-27 15:00:00,INV7043,Pen Set,Books,1,111,111,Card,Riverside,Returning
2024-08-26 16:00:00,INV7044,Washing Machine,Home Appliances,3,14821,44463,Card,Riverside,New
2024-12-27 13:00:00,INV7045,Microwave,Home Appliances,4,7104,28416,UPI,Riverside,Returning
2024-12-15 15:00:00,INV7046,Novel,Books,2,488,976,UPI,City Center,New
2024-03-23 14:00:00,INV7047,Mixer Grinder,Home Appliances,2,3639,7278,Card,Riverside,Returning
2024-10-18 12:00:00,INV7048,Jeans,Fashion,3,1828,5484,Online Gateway,Riverside,Returning
2024-04-06 07:00:00,INV7049,T-shirt,Fashion,3,894,2682,Card,Riverside,Returning
2024-10-28 01:00:00,INV7050,Pen Set,Books,1,-86,-86,Card,Riverside,New
2024-01-26 04:00:00,INV7051,T-shirt,Fashion,5,727,3635,Online Gateway,Riverside,New
2024-12-06 15:00:00,INV7052,Laptop,Electronics,4,59831,239324,UPI,Riverside,Returning
2024-08-29 01:00:00,INV7053,Novel,Books,3,580,1740,UPI,Riverside,Returning
2024-07-10 13:00:00,INV7054,T-shirt,Fashion,1,823,823,Online Gateway,City Center,New
2024-11-19 07:00:00,INV7055,Notebook,Books,5,74,370,Online Gateway,Riverside,New
2024-11-09 20:00:00,INV7056,Headphones,Electronics,3,1486,4458,Card,Riverside,New
2024-12-30 04:00:00,INV7057,Headphones,Electronics,4,1520,6080,Online Gateway,Riverside,New
2024-02-04 22:00:00,INV7058,Washing Machine,Home Appliances,3,14863,44589,Card,City Center,Returning
2024-06-07 23:00:00,INV7059,Headphones,Electronics,4,1503,6012,UPI,City Center,New
2024-02-05 07:00:00,INV7060,T-shirt,Fashion,3,657,1971,Card,Riverside,New
2024-07-15 05:00:00,INV7061,Microwave,Home Appliances,1,6828,6828,UPI,Riverside,Returning
2024-07-06 19:00:00,INV7062,Jeans,Fashion,5,1723,8615,UPI,Riverside,Returning
2024-09-30 23:00:00,INV7063,Novel,Books,3,486,1458,Online Gateway,City Center,New
2024-07-17 21:00:00,INV7064,Washing Machine,Home Appliances,5,15139,75695,Card,City Center,Returning
2024-07-05 04:00:00,INV7065,Notebook,Books,4,258,1032,Online Gateway,Riverside,New
2024-08-04 08:00:00,INV7066,Mixer Grinder,Home Appliances,5,3482,17410,Cash,Riverside,New
2024-05-18 08:00:00,INV7067,Laptop,Electronics,5,60013,300065,Cash,Riverside,New
2024-07-14 18:00:00,INV7068,Smartphone,Electronics,4,19845,79380,UPI,Riverside,Returning
2024-06-28 15:00:00,INV7069,Mixer Grinder,Home Appliances,3,3692,11076,Card,City Center,Returning
2024-06-02 01:00:00,INV7070,Novel,Books,2,414,828,Online Gateway,Riverside,New
2024-03-06 04:00:00,INV7071,Novel,Books,2,335,670,Online Gateway,City Center,Returning
2024-03-17 16:00:00,INV7072,Notebook,Books,1,-55,-55,Cash,Riverside,Returning
2024-09-09 10:00:00,INV7073,Mixer Grinder,Home Appliances,2,3605,7210,Cash,City Center,New
2024-10-24 03:00:00,INV7074,Jeans,Fashion,2,1688,3376,Cash,City Center,Returning
2024-01-31 06:00:00,INV7075,T-shirt,Fashion,1,616,616,Card,City Center,New
2024-10-06 01:00:00,INV7076,Novel,Books,4,424,1696,Online Gateway,City Center,New
2024-01-12 18:00:00,INV7077,Laptop,Electronics,2,60078,120156,Online Gateway,City Center,New
2024-02-15 01:00:00,INV7078,Mixer Grinder,Home Appliances,5,3614,18070,Card,Riverside,Returning
2024-06-10 21:00:00,INV7079,Microwave,Home Appliances,5,6850,34250,Online Gateway,Riverside,Returning
2024-04-30 01:00:00,INV7080,Washing Machine,Home Appliances,2,15182,30364,UPI,City Center,New
2024-05-03 18:00:00,INV7081,Mixer Grinder,Home Appliances,2,3453,6906,Cash,City Center,Returning
2024-10-18 01:00:00,INV7082,Headphones,Electronics,4,1522,6088,UPI,Riverside,Returning
2024-02-09 11:00:00,INV7083,Headphones,Electronics,4,1457,5828,UPI,City Center,Returning
2024-07-17 08:00:00,INV7084,Microwave,Home Appliances,5,6899,34495,Card,Riverside,Returning
2024-01-03 18:00:00,INV7085,Washing Machine,Home Appliances,2,15026,30052,UPI,City Center,Returning
2024-12-20 09:00:00,INV7086,Microwave,Home Appliances,3,6939,20817,Card,Riverside,Returning
2024-01-24 12:00:00,INV7087,Mixer Grinder,Home Appliances,4,3639,14556,Cash,Riverside,Returning
2024-06-01 22:00:00,INV7088,Washing Machine,Home Appliances,5,14911,74555,UPI,City Center,New
2024-04-03 19:00:00,INV7089,Jeans,Fashion,3,1823,5469,Online Gateway,Riverside,New
2024-02-03 12:00:00,INV7090,Shoes,Fashion,5,2442,12210,Cash,City Center,Returning
2024-07-11 23:00:00,INV7091,Novel,Books,1,584,584,Online Gateway,Riverside,Returning
2024-02-21 11:00:00,INV7092,Washing Machine,Home Appliances,4,15141,60564,Cash,City Center,New
2024-10-07 00:00:00,INV7093,Headphones,Electronics,5,1700,8500,Card,City Center,New
2024-10-14 18:00:00,INV7094,T-shirt,Fashion,4,886,3544,Online Gateway,City Center,New
2024-09-07 16:00:00,INV7095,Laptop,Electronics,2,60039,120078,Card,City Center,Returning
2024-05-27 21:00:00,INV7096,Pen Set,Books,5,246,1230,UPI,City Center,Returning
2024-11-26 18:00:00,INV7097,Notebook,Books,1,4,4,Online Gateway,Riverside,Returning
2024-06-21 13:00:00,INV7098,Pen Set,Books,5,17,85,Online Gateway,City Center,New
2024-10-17 06:00:00,INV7099,T-shirt,Fashion,3,767,2301,Online Gateway,Riverside,Returning
2024-08-10 07:00:00,INV7100,Notebook,Books,4,233,932,UPI,Riverside,Returning
2024-07-30 13:00:00,INV7101,Mixer Grinder,Home Appliances,1,3327,3327,UPI,Riverside,New
2024-08-21 19:00:00,INV7102,Pen Set,Books,2,52,104,Online Gateway,Riverside,Returning
2024-12-03 01:00:00,INV7103,Notebook,Books,3,208,624,UPI,City Center,Returning
2024-04-30 12:00:00,INV7104,Shoes,Fashion,2,2539,5078,Cash,Riverside,Returning
2024-08-20 09:00:00,INV7105,Smartphone,Electronics,3,20022,60066,UPI,City Center,Returning
2024-05-30 18:00:00,INV7106,T-shirt,Fashion,2,621,1242,Cash,Riverside,New
2024-03-05 23:00:00,INV7107,Smartphone,Electronics,5,20020,100100,Online Gateway,Riverside,Returning
2024-10-05 11:00:00,INV7108,Pen Set,Books,1,38,38,Card,City Center,New
2024-03-03 19:00:00,INV7109,Jeans,Fashion,1,1923,1923,Cash,Riverside,New
2024-03-26 23:00:00,INV7110,Jeans,Fashion,4,1791,7164,Cash,City Center,New
2024-05-31 18:00:00,INV7111,Jeans,Fashion,5,1763,8815,Cash,City Center,Returning
2024-03-24 08:00:00,INV7112,Shoes,Fashion,2,2395,4790,Online Gateway,Riverside,Returning
2024-02-23 22:00:00,INV7113,Pen Set,Books,2,-55,-110,Online Gateway,City Center,Returning
2024-06-18 09:00:00,INV7114,Headphones,Electronics,2,1404,2808,Cash,City Center,Returning
2024-11-29 22:00:00,INV7115,Laptop,Electronics,5,60115,300575,Cash,Riverside,New
2024-03-07 19:00:00,INV7116,Laptop,Electronics,3,59877,179631,Card,City Center,Returning
2024-02-25 02:00:00,INV7117,Jeans,Fashion,4,1935,7740,UPI,Riverside,Returning
2024-09-05 04:00:00,INV7118,Novel,Books,5,310,1550,UPI,City Center,Returning
2024-04-11 17:00:00,INV7119,Laptop,Electronics,2,59979,119958,Online Gateway,City Center,New
2024-02-15 18:00:00,INV7120,T-shirt,Fashion,2,762,1524,Card,City Center,Returning
2024-07-30 09:00:00,INV7121,Laptop,Electronics,4,60045,240180,UPI,City Center,New
2024-12-19 16:00:00,INV7122,Laptop,Electronics,4,59839,239356,Cash,City Center,New
2024-06-06 19:00:00,INV7123,Smartphone,Electronics,4,20081,80324,Online Gateway,Riverside,Returning
2024-03-28 08:00:00,INV7124,Shoes,Fashion,4,2356,9424,UPI,Riverside,New
2024-04-02 00:00:00,INV7125,Headphones,Electronics,1,1445,1445,Card,City Center,New
2024-09-06 12:00:00,INV7126,Microwave,Home Appliances,3,6927,20781,Cash,City Center,Returning
2024-01-08 07:00:00,INV7127,Washing Machine,Home Appliances,4,14979,59916,Online Gateway,City Center,New
2024-10-25 17:00:00,INV7128,Shoes,Fashion,2,2505,5010,Cash,Riverside,Returning
2024-09-07 14:00:00,INV7129,Jeans,Fashion,5,1611,8055,Online Gateway,City Center,Returning
2024-03-10 11:00:00,INV7130,Microwave,Home Appliances,3,6969,20907,UPI,City Center,Returning
2024-03-16 23:00:00,INV7131,Microwave,Home Appliances,2,6827,13654,Card,Riverside,Returning
2024-08-02 11:00:00,INV7132,Pen Set,Books,1,-77,-77,Online Gateway,Riverside,New
2024-02-26 12:00:00,INV7133,Laptop,Electronics,1,59982,59982,Online Gateway,Riverside,New
2024-05-08 00:00:00,INV7134,Washing Machine,Home Appliances,5,14801,74005,UPI,Riverside,New
2024-05-15 19:00:00,INV7135,Smartphone,Electronics,2,19842,39684,Cash,Riverside,Returning
2024-09-15 07:00:00,INV7136,Pen Set,Books,5,-47,-235,Card,City Center,Returning
2024-01-23 18:00:00,INV7137,Shoes,Fashion,5,2417,12085,Card,City Center,Returning
2024-08-05 23:00:00,INV7138,T-shirt,Fashion,5,744,3720,UPI,City Center,Returning
2024-11-27 21:00:00,INV7139,Jeans,Fashion,4,1628,6512,Online Gateway,Riverside,New
2024-03-27 19:00:00,INV7140,Headphones,Electronics,1,1661,1661,Card,City Center,New
2024-03-26 00:00:00,INV7141,T-shirt,Fashion,2,802,1604,UPI,Riverside,Returning
2024-07-07 22:00:00,INV7142,Notebook,Books,3,278,834,Cash,City Center,New
2024-03-14 00:00:00,INV7143,Pen Set,Books,1,5,5,Cash,City Center,Returning
2024-03-18 01:00:00,INV7144,Pen Set,Books,3,128,384,Cash,Riverside,New
2024-04-20 02:00:00,INV7145,Laptop,Electronics,5,59913,299565,Card,Riverside,Returning
2024-03-07 16:00:00,INV7146,Jeans,Fashion,2,1714,3428,Online Gateway,City Center,New
2024-07-02 10:00:00,INV7147,Laptop,Electronics,3,60046,180138,UPI,Riverside,New
2024-06-07 07:00:00,INV7148,Microwave,Home Appliances,1,6801,6801,UPI,City Center,Returning
2024-01-26 18:00:00,INV7149,T-shirt,Fashion,2,830,1660,Online Gateway,City Center,New
2024-02-17 04:00:00,INV7150,Smartphone,Electronics,4,19805,79220,UPI,Riverside,New
2024-08-16 19:00:00,INV7151,Smartphone,Electronics,2,19974,39948,Card,City Center,New
2024-08-29 11:00:00,INV7152,Notebook,Books,5,281,1405,Online Gateway,City Center,Returning
2024-11-14 01:00:00,INV7153,Notebook,Books,5,91,455,Online Gateway,City Center,Returning
2024-03-02 23:00:00,INV7154,Washing Machine,Home Appliances,5,15027,75135,UPI,City Center,Returning
2024-11-23 00:00:00,INV7155,Novel,Books,1,552,552,Card,City Center,New
2024-07-27 17:00:00,INV7156,Pen Set,Books,1,-121,-121,UPI,Riverside,New
2024-03-29 01:00:00,INV7157,Washing Machine,Home Appliances,5,15193,75965,Card,City Center,New
2024-02-13 12:00:00,INV7158,Microwave,Home Appliances,5,6908,34540,Online Gateway,Riverside,Returning
2024-04-11 07:00:00,INV7159,Laptop,Electronics,5,60108,300540,UPI,Riverside,New
2024-11-28 11:00:00,INV7160,Washing Machine,Home Appliances,3,15160,45480,UPI,Riverside,New
2024-03-06 22:00:00,INV7161,Pen Set,Books,3,142,426,Card,Riverside,Returning
2024-02-24 12:00:00,INV7162,Laptop,Electronics,4,59995,239980,UPI,City Center,Returning
2024-07-23 21:00:00,INV7163,Washing Machine,Home Appliances,2,14806,29612,Online Gateway,Riverside,Returning
2024-03-08 12:00:00,INV7164,Headphones,Electronics,2,1530,3060,Cash,City Center,Returning
2024-11-08 15:00:00,INV7165,Laptop,Electronics,2,60123,120246,Online Gateway,City Center,New
2024-07-17 14:00:00,INV7166,Mixer Grinder,Home Appliances,4,3562,14248,Cash,City Center,New
2024-08-11 10:00:00,INV7167,Novel,Books,2,523,1046,Cash,City Center,Returning
2024-08-04 08:00:00,INV7168,Novel,Books,1,584,584,Cash,Riverside,New
2024-10-02 22:00:00,INV7169,Laptop,Electronics,2,59869,119738,Online Gateway,Riverside,New
2024-09-10 21:00:00,INV7170,Mixer Grinder,Home Appliances,1,3476,3476,Online Gateway,Riverside,Returning
2024-10-06 08:00:00,INV7171,Microwave,Home Appliances,1,6843,6843,UPI,Riverside,New
2024-01-05 04:00:00,INV7172,Pen Set,Books,4,109,436,Card,City Center,New
2024-10-04 09:00:00,INV7173,Novel,Books,3,518,1554,Online Gateway,Riverside,Returning
2024-09-01 19:00:00,INV7174,Laptop,Electronics,4,60030,240120,Card,Riverside,Returning
2024-06-26 23:00:00,INV7175,Washing Machine,Home Appliances,5,15151,75755,Cash,City Center,New
2024-01-10 21:00:00,INV7176,Laptop,Electronics,3,59861,179583,Card,Riverside,Returning
2024-10-28 02:00:00,INV7177,Shoes,Fashion,5,2678,13390,Online Gateway,Riverside,New
2024-11-30 16:00:00,INV7178,Jeans,Fashion,1,1624,1624,Online Gateway,Riverside,New
2024-08-05 10:00:00,INV7179,Washing Machine,Home Appliances,4,15182,60728,UPI,Riverside,Returning
2024-06-16 17:00:00,INV7180,Shoes,Fashion,3,2577,7731,Cash,City Center,New
2024-09-10 01:00:00,INV7181,Microwave,Home Appliances,4,6934,27736,Online Gateway,Riverside,Returning
2024-04-15 22:00:00,INV7182,Microwave,Home Appliances,5,6922,34610,UPI,Riverside,Returning
2024-03-05 01:00:00,INV7183,Shoes,Fashion,5,2420,12100,UPI,Riverside,Returning
2024-02-01 10:00:00,INV7184,Smartphone,Electronics,2,19979,39958,Card,City Center,New
2024-11-04 04:00:00,INV7185,Novel,Books,2,331,662,Online Gateway,Riverside,Returning
2024-11-21 23:00:00,INV7186,Notebook,Books,5,-37,-185,Card,Riverside,Returning
2024-08-17 11:00:00,INV7187,Smartphone,Electronics,5,19845,99225,Online Gateway,City Center,New
2024-06-25 11:00:00,INV7188,Jeans,Fashion,2,1947,3894,Cash,City Center,New
2024-01-23 12:00:00,INV7189,Shoes,Fashion,5,2544,12720,Card,City Center,Returning
2024-08-17 14:00:00,INV7190,Notebook,Books,4,171,684,Card,Riverside,Returning
2024-12-18 13:00:00,INV7191,Shoes,Fashion,2,2468,4936,UPI,City Center,Returning
2024-11-26 06:00:00,INV7192,Pen Set,Books,2,-123,-246,Card,Riverside,Returning
2024-08-01 19:00:00,INV7193,T-shirt,Fashion,4,858,3432,Cash,City Center,New
2024-12-28 09:00:00,INV7194,Mixer Grinder,Home Appliances,2,3506,7012,Card,Riverside,Returning
2024-02-17 01:00:00,INV7195,Smartphone,Electronics,4,19918,79672,Card,City Center,New
2024-05-11 01:00:00,INV7196,Novel,Books,2,342,684,Online Gateway,Riverside,Returning
2024-12-22 09:00:00,INV7197,Jeans,Fashion,1,1725,1725,UPI,Riverside,Returning
2024-06-04 00:00:00,INV7198,Notebook,Books,1,61,61,UPI,Riverside,Returning
2024-06-18 11:00:00,INV7199,Pen Set,Books,4,249,996,Cash,Riverside,Returning
2024-06-23 19:00:00,INV7200,Shoes,Fashion,1,2364,2364,UPI,City Center,Returning
2024-10-30 09:00:00,INV7201,Notebook,Books,3,5,15,UPI,City Center,New
2024-04-14 13:00:00,INV7202,Smartphone,Electronics,3,20053,60159,UPI,City Center,New
2024-07-28 00:00:00,INV7203,Microwave,Home Appliances,2,6825,13650,UPI,City Center,New
2024-09-29 05:00:00,INV7204,Washing Machine,Home Appliances,5,15159,75795,UPI,Riverside,Returning
2024-07-15 23:00:00,INV7205,Washing Machine,Home Appliances,2,15113,30226,UPI,City Center,New
2024-01-29 09:00:00,INV7206,Novel,Books,1,508,508,Online Gateway,Riverside,New
2024-06-12 20:00:00,INV7207,Mixer Grinder,Home Appliances,5,3461,17305,UPI,City Center,Returning
2024-08-19 16:00:00,INV7208,Novel,Books,3,416,1248,UPI,Riverside,New
2024-06-16 08:00:00,INV7209,Laptop,Electronics,1,59808,59808,UPI,City Center,Returning
2024-11-01 19:00:00,INV7210,Pen Set,Books,5,92,460,UPI,City Center,Returning
2024-01-30 23:00:00,INV7211,T-shirt,Fashion,5,676,3380,Cash,City Center,New
2024-01-04 02:00:00,INV7212,Mixer Grinder,Home Appliances,1,3558,3558,Online Gateway,City Center,New
2024-06-22 05:00:00,INV7213,Headphones,Electronics,5,1425,7125,UPI,Riverside,Returning
2024-12-20 15:00:00,INV7214,Shoes,Fashion,5,2457,12285,Cash,City Center,New
2024-03-30 13:00:00,INV7215,Jeans,Fashion,4,1619,6476,Card,Riverside,Returning
2024-10-06 17:00:00,INV7216,Jeans,Fashion,4,1627,6508,Cash,Riverside,Returning
2024-06-24 07:00:00,INV7217,Notebook,Books,2,96,192,Card,Riverside,Returning
2024-10-24 13:00:00,INV7218,Jeans,Fashion,3,1813,5439,Card,City Center,New
2024-12-26 12:00:00,INV7219,Smartphone,Electronics,2,19974,39948,UPI,Riverside,New
2024-06-13 00:00:00,INV7220,Headphones,Electronics,2,1591,3182,UPI,City Center,Returning
2024-02-14 19:00:00,INV7221,Smartphone,Electronics,4,19926,79704,UPI,City Center,Returning
2024-06-10 12:00:00,INV7222,Washing Machine,Home Appliances,4,14831,59324,UPI,Riverside,Returning
2024-07-11 07:00:00,INV7223,Notebook,Books,1,269,269,Cash,Riverside,New
2024-10-29 17:00:00,INV7224,Shoes,Fashion,5,2569,12845,Cash,City Center,Returning
2024-09-22 19:00:00,INV7225,Novel,Books,3,355,1065,Online Gateway,City Center,Returning
2024-07-12 20:00:00,INV7226,Headphones,Electronics,1,1432,1432,Cash,City Center,New
2024-10-10 00:00:00,INV7227,Headphones,Electronics,2,1449,2898,Cash,Riverside,Returning
2024-11-06 16:00:00,INV7228,Washing Machine,Home Appliances,1,14996,14996,Cash,Riverside,Returning
2024-07-13 18:00:00,INV7229,T-shirt,Fashion,1,870,870,UPI,Riverside,New
2024-01-23 13:00:00,INV7230,Shoes,Fashion,2,2645,5290,Card,Riverside,Returning
2024-03-31 01:00:00,INV7231,Jeans,Fashion,1,1671,1671,UPI,City Center,Returning
2024-04-03 19:00:00,INV7232,Washing Machine,Home Appliances,3,15082,45246,Cash,Riverside,New
2024-07-09 09:00:00,INV7233,Notebook,Books,3,272,816,Online Gateway,City Center,New
2024-04-24 08:00:00,INV7234,Pen Set,Books,3,-60,-180,UPI,City Center,New
2024-09-08 17:00:00,INV7235,Smartphone,Electronics,5,19859,99295,Cash,Riverside,New
2024-07-13 19:00:00,INV7236,Novel,Books,5,611,3055,UPI,City Center,Returning
2024-03-06 00:00:00,INV7237,Smartphone,Electronics,3,19803,59409,Cash,City Center,Returning
2024-02-18 12:00:00,INV7238,Pen Set,Books,4,145,580,Card,City Center,Returning
2024-08-13 19:00:00,INV7239,Headphones,Electronics,4,1464,5856,Card,City Center,New
2024-04-23 10:00:00,INV7240,Headphones,Electronics,1,1355,1355,Online Gateway,Riverside,New
2024-01-20 14:00:00,INV7241,Headphones,Electronics,1,1617,1617,UPI,Riverside,Returning
2024-03-02 04:00:00,INV7242,Novel,Books,5,562,2810,Online Gateway,Riverside,Returning
2024-11-26 05:00:00,INV7243,Novel,Books,3,578,1734,Cash,City Center,Returning
2024-02-03 16:00:00,INV7244,Headphones,Electronics,5,1363,6815,Card,Riverside,Returning
2024-12-14 11:00:00,INV7245,Notebook,Books,3,210,630,Cash,Riverside,Returning
2024-10-06 23:00:00,INV7246,T-shirt,Fashion,5,663,3315,UPI,City Center,New
2024-07-30 09:00:00,INV7247,Pen Set,Books,1,136,136,Cash,City Center,New
2024-11-29 20:00:00,INV7248,Shoes,Fashion,1,2564,2564,UPI,City Center,New
2024-03-09 13:00:00,INV7249,Smartphone,Electronics,3,20006,60018,Card,City Center,Returning
2024-12-09 17:00:00,INV7250,Headphones,Electronics,5,1428,7140,Cash,City Center,New
2024-02-17 01:00:00,INV7251,Pen Set,Books,3,52,156,Card,Riverside,Returning
2024-02-26 09:00:00,INV7252,Smartphone,Electronics,2,20199,40398,Card,City Center,New
2024-02-01 23:00:00,INV7253,Jeans,Fashion,2,1987,3974,UPI,City Center,New
2024-06-11 07:00:00,INV7254,Mixer Grinder,Home Appliances,4,3525,14100,Cash,Riverside,Returning
2024-05-23 22:00:00,INV7255,Washing Machine,Home Appliances,1,14959,14959,Card,City Center,Returning
2024-11-01 09:00:00,INV7256,Notebook,Books,4,262,1048,Online Gateway,Riverside,Returning
2024-03-15 14:00:00,INV7257,Laptop,Electronics,5,60158,300790,Online Gateway,Riverside,New
2024-02-06 21:00:00,INV7258,Smartphone,Electronics,1,20029,20029,UPI,City Center,Returning
2024-11-18 06:00:00,INV7259,Pen Set,Books,1,-140,-140,Card,City Center,New
2024-06-11 18:00:00,INV7260,Jeans,Fashion,1,1609,1609,Online Gateway,City Center,Returning
2024-07-06 04:00:00,INV7261,Microwave,Home Appliances,2,6976,13952,UPI,City Center,Returning
2024-03-27 09:00:00,INV7262,Jeans,Fashion,3,1633,4899,Online Gateway,City Center,New
2024-01-14 00:00:00,INV7263,Microwave,Home Appliances,4,7185,28740,Card,Riverside,New
2024-09-18 05:00:00,INV7264,Shoes,Fashion,5,2636,13180,Cash,City Center,New
2024-08-09 13:00:00,INV7265,Washing Machine,Home Appliances,2,15143,30286,Card,Riverside,Returning
2024-02-03 18:00:00,INV7266,Mixer Grinder,Home Appliances,1,3544,3544,Cash,Riverside,New
2024-10-12 01:00:00,INV7267,Notebook,Books,2,80,160,Online Gateway,City Center,New
2024-03-25 16:00:00,INV7268,Mixer Grinder,Home Appliances,5,3608,18040,UPI,City Center,New
2024-10-24 01:00:00,INV7269,Smartphone,Electronics,4,20149,80596,Card,City Center,New
2024-04-22 17:00:00,INV7270,Jeans,Fashion,2,1759,3518,Online Gateway,City Center,Returning
2024-03-30 11:00:00,INV7271,Laptop,Electronics,4,60135,240540,Cash,Riverside,Returning
2024-01-26 15:00:00,INV7272,Jeans,Fashion,1,1970,1970,UPI,Riverside,Returning
2024-02-09 11:00:00,INV7273,Shoes,Fashion,3,2533,7599,Online Gateway,Riverside,Returning
2024-08-24 13:00:00,INV7274,Headphones,Electronics,1,1421,1421,Cash,Riverside,Returning
2024-07-12 19:00:00,INV7275,Smartphone,Electronics,5,20199,100995,UPI,Riverside,Returning
2024-11-23 18:00:00,INV7276,T-shirt,Fashion,2,683,1366,UPI,Riverside,Returning
2024-03-24 21:00:00,INV7277,Smartphone,Electronics,2,19896,39792,Cash,Riverside,New
2024-06-03 01:00:00,INV7278,Jeans,Fashion,3,1649,4947,Online Gateway,City Center,Returning
2024-01-21 10:00:00,INV7279,Smartphone,Electronics,1,19813,19813,Online Gateway,Riverside,Returning
2024-06-30 06:00:00,INV7280,Jeans,Fashion,1,1944,1944,Card,Riverside,New
2024-04-11 04:00:00,INV7281,Washing Machine,Home Appliances,3,15175,45525,Cash,Riverside,New
2024-07-26 19:00:00,INV7282,T-shirt,Fashion,1,851,851,Card,Riverside,New
2024-12-29 21:00:00,INV7283,Headphones,Electronics,2,1433,2866,Card,Riverside,Returning
2024-07-24 00:00:00,INV7284,Mixer Grinder,Home Appliances,4,3320,13280,Card,City Center,New
2024-05-01 22:00:00,INV7285,Notebook,Books,5,-43,-215,Card,City Center,Returning
2024-10-30 10:00:00,INV7286,Smartphone,Electronics,5,20118,100590,Card,Riverside,Returning
2024-07-01 08:00:00,INV7287,Notebook,Books,4,279,1116,UPI,City Center,New
2024-07-21 20:00:00,INV7288,Smartphone,Electronics,2,20025,40050,UPI,Riverside,New
2024-10-18 02:00:00,INV7289,Microwave,Home Appliances,2,6836,13672,Cash,Riverside,New
2024-10-12 22:00:00,INV7290,Shoes,Fashion,1,2308,2308,Online Gateway,City Center,New
2024-07-03 07:00:00,INV7291,Laptop,Electronics,4,60174,240696,UPI,Riverside,New
2024-10-13 06:00:00,INV7292,Laptop,Electronics,2,60072,120144,Cash,City Center,New
2024-12-05 23:00:00,INV7293,Pen Set,Books,4,2,8,UPI,City Center,New
2024-03-27 09:00:00,INV7294,Laptop,Electronics,2,59834,119668,Card,Riverside,New
2024-09-14 02:00:00,INV7295,Pen Set,Books,3,-138,-414,Cash,Riverside,New
2024-01-30 05:00:00,INV7296,Headphones,Electronics,5,1434,7170,Online Gateway,City Center,Returning
2024-12-04 01:00:00,INV7297,Notebook,Books,5,140,700,Online Gateway,City Center,New
2024-10-11 09:00:00,INV7298,Smartphone,Electronics,3,20090,60270,Online Gateway,City Center,New
2024-11-23 19:00:00,INV7299,Notebook,Books,2,-90,-180,UPI,City Center,Returning
2024-06-26 16:00:00,INV7300,Notebook,Books,4,30,120,Card,City Center,Returning
2024-11-28 00:00:00,INV7301,T-shirt,Fashion,2,653,1306,Cash,Riverside,Returning
2024-12-05 10:00:00,INV7302,Smartphone,Electronics,1,19810,19810,UPI,Riverside,New
2024-11-20 00:00:00,INV7303,Smartphone,Electronics,1,20122,20122,UPI,City Center,New
2024-12-22 14:00:00,INV7304,Smartphone,Electronics,2,19972,39944,UPI,Riverside,Returning
2024-12-29 07:00:00,INV7305,Novel,Books,3,368,1104,Cash,Riverside,New
2024-07-22 14:00:00,INV7306,Notebook,Books,2,247,494,Card,Riverside,Returning
2024-06-12 23:00:00,INV7307,Pen Set,Books,4,-84,-336,Cash,Riverside,Returning
2024-07-11 11:00:00,INV7308,Smartphone,Electronics,5,20191,100955,Online Gateway,Riverside,Returning
2024-08-04 07:00:00,INV7309,Washing Machine,Home Appliances,4,15176,60704,Online Gateway,Riverside,New
2024-10-13 11:00:00,INV7310,Shoes,Fashion,5,2545,12725,Online Gateway,City Center,New
2024-11-23 08:00:00,INV7311,Shoes,Fashion,5,2574,12870,Cash,City Center,Returning
2024-08-13 01:00:00,INV7312,Notebook,Books,2,-79,-158,UPI,Riverside,New
2024-05-05 22:00:00,INV7313,Laptop,Electronics,3,59984,179952,Cash,Riverside,Returning
2024-08-27 02:00:00,INV7314,Jeans,Fashion,5,1809,9045,Cash,Riverside,New
2024-09-06 08:00:00,INV7315,T-shirt,Fashion,1,875,875,Cash,Riverside,Returning
2024-03-14 18:00:00,INV7316,T-shirt,Fashion,1,726,726,Cash,Riverside,Returning
2024-05-13 23:00:00,INV7317,Jeans,Fashion,5,1769,8845,Card,City Center,Returning
2024-10-05 22:00:00,INV7318,Shoes,Fashion,4,2668,10672,Card,City Center,Returning
2024-05-04 00:00:00,INV7319,T-shirt,Fashion,3,907,2721,Card,City Center,New
2024-06-04 17:00:00,INV7320,Microwave,Home Appliances,1,7145,7145,UPI,Riverside,New
2024-02-01 08:00:00,INV7321,Washing Machine,Home Appliances,2,15064,30128,UPI,Riverside,Returning
2024-02-28 00:00:00,INV7322,Laptop,Electronics,2,59827,119654,Online Gateway,City Center,Returning
2024-10-09 21:00:00,INV7323,Shoes,Fashion,4,2586,10344,UPI,City Center,New
2024-01-29 05:00:00,INV7324,Notebook,Books,3,83,249,UPI,Riverside,New
2024-01-05 09:00:00,INV7325,Notebook,Books,3,36,108,UPI,City Center,Returning
2024-07-17 01:00:00,INV7326,Mixer Grinder,Home Appliances,5,3646,18230,Online Gateway,Riverside,Returning
2024-03-22 02:00:00,INV7327,Pen Set,Books,5,119,595,Card,City Center,New
2024-08-19 00:00:00,INV7328,Laptop,Electronics,1,60033,60033,Card,City Center,Returning
2024-02-15 15:00:00,INV7329,Laptop,Electronics,5,59958,299790,Online Gateway,City Center,New
2024-10-18 01:00:00,INV7330,Headphones,Electronics,3,1506,4518,Cash,Riverside,Returning
2024-03-15 06:00:00,INV7331,Notebook,Books,4,175,700,Cash,Riverside,New
2024-07-08 05:00:00,INV7332,Laptop,Electronics,3,60082,180246,Online Gateway,Riverside,Returning
2024-05-15 17:00:00,INV7333,Smartphone,Electronics,5,20014,100070,UPI,Riverside,New
2024-09-15 21:00:00,INV7334,Washing Machine,Home Appliances,2,15194,30388,UPI,Riverside,Returning
2024-07-21 21:00:00,INV7335,Laptop,Electronics,3,60088,180264,Online Gateway,Riverside,New
2024-03-06 01:00:00,INV7336,Smartphone,Electronics,1,19860,19860,Online Gateway,Riverside,New
2024-06-15 22:00:00,INV7337,Shoes,Fashion,2,2380,4760,UPI,Riverside,New
2024-06-14 21:00:00,INV7338,Pen Set,Books,3,187,561,UPI,City Center,New
2024-08-24 18:00:00,INV7339,Microwave,Home Appliances,2,6868,13736,UPI,Riverside,Returning
2024-08-28 22:00:00,INV7340,Mixer Grinder,Home Appliances,5,3614,18070,Online Gateway,Riverside,New
2024-02-09 07:00:00,INV7341,Shoes,Fashion,1,2433,2433,Card,City Center,Returning
2024-07-08 14:00:00,INV7342,Microwave,Home Appliances,5,7104,35520,Card,Riverside,Returning
2024-01-26 00:00:00,INV7343,Novel,Books,2,445,890,Online Gateway,City Center,Returning
2024-09-22 16:00:00,INV7344,Mixer Grinder,Home Appliances,1,3353,3353,Card,City Center,New
2024-03-04 12:00:00,INV7345,Mixer Grinder,Home Appliances,4,3693,14772,UPI,City Center,New
2024-06-05 22:00:00,INV7346,Shoes,Fashion,1,2435,2435,UPI,Riverside,Returning
2024-01-11 10:00:00,INV7347,Smartphone,Electronics,5,19863,99315,Card,Riverside,Returning
2024-01-04 06:00:00,INV7348,Novel,Books,1,543,543,Cash,City Center,New
2024-05-10 03:00:00,INV7349,T-shirt,Fashion,2,988,1976,Online Gateway,Riverside,New
2024-10-21 08:00:00,INV7350,Pen Set,Books,2,31,62,Online Gateway,Riverside,Returning
2024-12-16 17:00:00,INV7351,Laptop,Electronics,3,59907,179721,Online Gateway,City Center,Returning
2024-02-20 09:00:00,INV7352,Smartphone,Electronics,2,19905,39810,Cash,City Center,Returning
2024-08-02 17:00:00,INV7353,T-shirt,Fashion,1,926,926,Cash,City Center,New
2024-07-23 02:00:00,INV7354,Notebook,Books,2,-86,-172,Online Gateway,City Center,Returning
2024-03-31 18:00:00,INV7355,Smartphone,Electronics,2,20177,40354,Online Gateway,City Center,New
2024-11-13 02:00:00,INV7356,Laptop,Electronics,3,59865,179595,Card,City Center,Returning
2024-04-16 00:00:00,INV7357,T-shirt,Fashion,2,931,1862,Online Gateway,Riverside,New
2024-08-18 02:00:00,INV7358,Pen Set,Books,3,-48,-144,UPI,City Center,Returning
2024-04-08 18:00:00,INV7359,Washing Machine,Home Appliances,1,14863,14863,Online Gateway,City Center,Returning
2024-05-16 17:00:00,INV7360,Notebook,Books,5,192,960,UPI,Riverside,New
2024-07-15 06:00:00,INV7361,Washing Machine,Home Appliances,1,15073,15073,UPI,Riverside,Returning
2024-01-14 16:00:00,INV7362,Shoes,Fashion,4,2690,10760,UPI,City Center,Returning
2024-08-20 11:00:00,INV7363,Mixer Grinder,Home Appliances,2,3668,7336,UPI,City Center,New
2024-06-25 04:00:00,INV7364,T-shirt,Fashion,5,897,4485,UPI,City Center,New
2024-10-10 02:00:00,INV7365,Shoes,Fashion,2,2399,4798,UPI,Riverside,New
2024-01-06 00:00:00,INV7366,Jeans,Fashion,5,1628,8140,Card,Riverside,New
2024-10-08 05:00:00,INV7367,Mixer Grinder,Home Appliances,5,3315,16575,UPI,City Center,Returning
2024-02-10 04:00:00,INV7368,Jeans,Fashion,1,1854,1854,Cash,Riverside,New
2024-06-25 00:00:00,INV7369,Jeans,Fashion,3,1750,5250,Card,Riverside,New
2024-06-02 03:00:00,INV7370,T-shirt,Fashion,4,852,3408,Online Gateway,Riverside,Returning
2024-08-25 06:00:00,INV7371,T-shirt,Fashion,3,889,2667,Online Gateway,Riverside,New
2024-03-27 12:00:00,INV7372,Laptop,Electronics,3,60018,180054,UPI,City Center,New
2024-10-13 01:00:00,INV7373,Washing Machine,Home Appliances,1,14997,14997,Card,Riverside,Returning
2024-08-23 03:00:00,INV7374,Mixer Grinder,Home Appliances,4,3364,13456,Online Gateway,Riverside,Returning
2024-12-21 04:00:00,INV7375,Shoes,Fashion,4,2536,10144,Card,Riverside,Returning
2024-08-06 17:00:00,INV7376,Notebook,Books,4,-90,-360,Cash,City Center,New
2024-02-24 20:00:00,INV7377,Laptop,Electronics,3,59812,179436,Online Gateway,City Center,Returning
2024-02-19 20:00:00,INV7378,T-shirt,Fashion,3,974,2922,Card,Riverside,New
2024-05-12 02:00:00,INV7379,Smartphone,Electronics,4,19830,79320,Card,City Center,Returning
2024-01-15 19:00:00,INV7380,Microwave,Home Appliances,1,7025,7025,Card,Riverside,New
2024-01-02 04:00:00,INV7381,Jeans,Fashion,1,1961,1961,Online Gateway,Riverside,New
2024-02-12 05:00:00,INV7382,Smartphone,Electronics,4,20196,80784,Cash,City Center,New
2024-03-25 08:00:00,INV7383,Jeans,Fashion,1,1932,1932,Card,Riverside,New
2024-12-19 18:00:00,INV7384,Notebook,Books,5,160,800,UPI,Riverside,New
2024-08-31 07:00:00,INV7385,Microwave,Home Appliances,5,7093,35465,UPI,City Center,New
2024-08-29 07:00:00,INV7386,Washing Machine,Home Appliances,1,15055,15055,UPI,Riverside,Returning
2024-02-01 10:00:00,INV7387,Jeans,Fashion,3,1909,5727,UPI,Riverside,Returning
2024-06-04 15:00:00,INV7388,Pen Set,Books,5,-91,-455,Card,Riverside,New
2024-02-21 14:00:00,INV7389,Pen Set,Books,1,102,102,UPI,City Center,Returning
2024-03-20 10:00:00,INV7390,Pen Set,Books,1,120,120,Card,City Center,New
2024-11-04 07:00:00,INV7391,Notebook,Books,3,-88,-264,Card,City Center,New
2024-11-27 17:00:00,INV7392,Washing Machine,Home Appliances,2,15043,30086,Online Gateway,City Center,Returning
2024-07-10 17:00:00,INV7393,Washing Machine,Home Appliances,3,15163,45489,Cash,Riverside,New
2024-03-01 20:00:00,INV7394,T-shirt,Fashion,4,772,3088,UPI,City Center,New
2024-11-15 13:00:00,INV7395,Headphones,Electronics,5,1493,7465,Card,City Center,New
2024-02-29 00:00:00,INV7396,Laptop,Electronics,3,59803,179409,Card,City Center,New
2024-11-19 14:00:00,INV7397,Laptop,Electronics,4,60196,240784,UPI,Riverside,Returning
2024-02-29 12:00:00,INV7398,Headphones,Electronics,5,1667,8335,Card,Riverside,Returning
2024-07-01 10:00:00,INV7399,Microwave,Home Appliances,4,6939,27756,Card,City Center,New
2024-11-09 17:00:00,INV7400,Jeans,Fashion,3,1711,5133,Card,Riverside,New
2024-07-05 10:00:00,INV7401,Pen Set,Books,2,216,432,Online Gateway,City Center,Returning
2024-05-07 23:00:00,INV7402,Pen Set,Books,5,-55,-275,Cash,Riverside,New
2024-01-24 03:00:00,INV7403,Laptop,Electronics,1,59870,59870,Online Gateway,City Center,Returning
2024-12-22 03:00:00,INV7404,Microwave,Home Appliances,2,6834,13668,UPI,City Center,Returning
2024-03-06 03:00:00,INV7405,Pen Set,Books,5,47,235,Online Gateway,Riverside,New
2024-02-13 08:00:00,INV7406,Microwave,Home Appliances,1,6984,6984,UPI,Riverside,New
2024-04-21 22:00:00,INV7407,Smartphone,Electronics,1,19982,19982,Card,City Center,New
2024-04-16 09:00:00,INV7408,Smartphone,Electronics,5,20032,100160,Card,City Center,Returning
2024-03-15 03:00:00,INV7409,Laptop,Electronics,4,60118,240472,Card,City Center,Returning
2024-01-04 03:00:00,INV7410,Microwave,Home Appliances,2,6853,13706,Card,Riverside,New
2024-06-29 06:00:00,INV7411,T-shirt,Fashion,1,979,979,UPI,Riverside,New
2024-08-31 03:00:00,INV7412,Headphones,Electronics,4,1642,6568,UPI,City Center,New
2024-07-29 17:00:00,INV7413,Washing Machine,Home Appliances,5,15166,75830,Cash,City Center,New
2024-04-07 21:00:00,INV7414,Microwave,Home Appliances,2,6888,13776,Cash,Riverside,New
2024-04-25 13:00:00,INV7415,Headphones,Electronics,1,1567,1567,UPI,Riverside,New
2024-04-04 06:00:00,INV7416,Shoes,Fashion,5,2629,13145,UPI,Riverside,New
2024-05-14 13:00:00,INV7417,Headphones,Electronics,2,1407,2814,Cash,Riverside,Returning
2024-01-17 08:00:00,INV7418,Jeans,Fashion,1,1835,1835,UPI,Riverside,New
2024-02-16 04:00:00,INV7419,Shoes,Fashion,2,2400,4800,Cash,City Center,Returning
2024-06-30 18:00:00,INV7420,Laptop,Electronics,5,59944,299720,Cash,Riverside,Returning
2024-08-04 04:00:00,INV7421,Laptop,Electronics,2,60175,120350,UPI,City Center,New
2024-07-29 17:00:00,INV7422,Laptop,Electronics,1,60027,60027,Online Gateway,Riverside,Returning
2024-06-15 14:00:00,INV7423,Mixer Grinder,Home Appliances,4,3466,13864,UPI,Riverside,New
2024-09-30 14:00:00,INV7424,Novel,Books,3,594,1782,Cash,Riverside,Returning
2024-06-02 05:00:00,INV7425,Laptop,Electronics,3,60116,180348,Online Gateway,City Center,New
2024-08-29 12:00:00,INV7426,Washing Machine,Home Appliances,4,15118,60472,UPI,Riverside,New
2024-09-22 03:00:00,INV7427,Microwave,Home Appliances,2,7056,14112,Online Gateway,Riverside,New
2024-12-04 11:00:00,INV7428,Mixer Grinder,Home Appliances,1,3447,3447,Card,City Center,Returning
2024-12-08 14:00:00,INV7429,Shoes,Fashion,5,2438,12190,UPI,City Center,Returning
2024-11-16 10:00:00,INV7430,Washing Machine,Home Appliances,2,14854,29708,Online Gateway,Riverside,Returning
2024-02-28 08:00:00,INV7431,Notebook,Books,2,51,102,Card,Riverside,New
2024-06-18 15:00:00,INV7432,Washing Machine,Home Appliances,4,15029,60116,UPI,City Center,Returning
2024-04-26 02:00:00,INV7433,Mixer Grinder,Home Appliances,5,3644,18220,Online Gateway,Riverside,Returning
2024-10-25 17:00:00,INV7434,Microwave,Home Appliances,3,7117,21351,Cash,City Center,New
2024-02-06 06:00:00,INV7435,Washing Machine,Home Appliances,4,15034,60136,Card,Riverside,Returning
2024-06-23 20:00:00,INV7436,Smartphone,Electronics,5,20029,100145,Card,Riverside,Returning
2024-04-24 03:00:00,INV7437,Shoes,Fashion,4,2542,10168,Cash,City Center,New
2024-02-09 04:00:00,INV7438,T-shirt,Fashion,5,708,3540,Cash,Riverside,Returning
2024-01-15 04:00:00,INV7439,Jeans,Fashion,5,1867,9335,Card,Riverside,New
2024-11-05 06:00:00,INV7440,Microwave,Home Appliances,5,6807,34035,UPI,Riverside,New
2024-06-21 05:00:00,INV7441,T-shirt,Fashion,1,847,847,Card,Riverside,Returning
2024-01-28 11:00:00,INV7442,Smartphone,Electronics,5,20028,100140,UPI,Riverside,New
2024-05-24 01:00:00,INV7443,Washing Machine,Home Appliances,5,14871,74355,Cash,City Center,New
2024-05-03 23:00:00,INV7444,Microwave,Home Appliances,2,6975,13950,Online Gateway,City Center,New
2024-01-19 21:00:00,INV7445,Jeans,Fashion,4,1847,7388,Card,City Center,New
2024-12-07 00:00:00,INV7446,Shoes,Fashion,1,2313,2313,UPI,Riverside,Returning
2024-08-14 18:00:00,INV7447,Novel,Books,1,488,488,Card,City Center,Returning
2024-02-04 02:00:00,INV7448,Headphones,Electronics,3,1697,5091,Online Gateway,Riverside,New
2024-07-21 20:00:00,INV7449,Laptop,Electronics,5,60076,300380,Cash,Riverside,Returning
2024-01-01 12:00:00,INV7450,Mixer Grinder,Home Appliances,2,3508,7016,Cash,City Center,New
2024-11-17 23:00:00,INV7451,Shoes,Fashion,3,2337,7011,Card,Riverside,Returning
2024-02-08 08:00:00,INV7452,Notebook,Books,2,-36,-72,UPI,Riverside,Returning
2024-07-24 00:00:00,INV7453,Novel,Books,5,527,2635,Online Gateway,City Center,Returning
2024-04-10 18:00:00,INV7454,Laptop,Electronics,4,59822,239288,Cash,Riverside,Returning
2024-09-26 19:00:00,INV7455,Washing Machine,Home Appliances,1,14942,14942,Card,City Center,Returning
2024-03-25 01:00:00,INV7456,Laptop,Electronics,1,59942,59942,Cash,Riverside,Returning
2024-11-27 13:00:00,INV7457,T-shirt,Fashion,2,798,1596,Online Gateway,City Center,Returning
2024-07-18 16:00:00,INV7458,Shoes,Fashion,5,2659,13295,Online Gateway,Riverside,New
2024-10-11 14:00:00,INV7459,Smartphone,Electronics,3,20044,60132,Online Gateway,Riverside,New
2024-04-11 10:00:00,INV7460,Pen Set,Books,3,-20,-60,UPI,Riverside,Returning
2024-04-29 12:00:00,INV7461,Smartphone,Electronics,5,19876,99380,UPI,Riverside,Returning
2024-02-29 22:00:00,INV7462,Smartphone,Electronics,3,19887,59661,Online Gateway,Riverside,New
2024-05-27 15:00:00,INV7463,Notebook,Books,1,28,28,Cash,Riverside,New
2024-03-15 05:00:00,INV7464,Washing Machine,Home Appliances,2,15162,30324,UPI,City Center,New
2024-09-21 07:00:00,INV7465,Notebook,Books,2,-31,-62,Card,City Center,New
2024-04-04 07:00:00,INV7466,Smartphone,Electronics,3,20088,60264,Cash,City Center,Returning
2024-01-09 19:00:00,INV7467,Pen Set,Books,1,-42,-42,Card,City Center,Returning
2024-12-28 11:00:00,INV7468,Pen Set,Books,3,111,333,UPI,Riverside,Returning
2024-09-13 15:00:00,INV7469,Microwave,Home Appliances,4,6836,27344,UPI,Riverside,New
2024-10-19 19:00:00,INV7470,Pen Set,Books,4,182,728,Online Gateway,Riverside,New
2024-01-14 19:00:00,INV7471,T-shirt,Fashion,3,813,2439,Card,City Center,New
2024-10-12 20:00:00,INV7472,Washing Machine,Home Appliances,3,14989,44967,Online Gateway,Riverside,Returning
2024-12-01 04:00:00,INV7473,Notebook,Books,4,284,1136,Online Gateway,Riverside,Returning
2024-12-06 09:00:00,INV7474,Pen Set,Books,4,47,188,Online Gateway,Riverside,Returning
2024-12-30 06:00:00,INV7475,Washing Machine,Home Appliances,1,15087,15087,UPI,City Center,New
2024-08-26 08:00:00,INV7476,Mixer Grinder,Home Appliances,3,3628,10884,Card,Riverside,Returning
2024-01-31 07:00:00,INV7477,Jeans,Fashion,3,1694,5082,Cash,Riverside,Returning
2024-07-26 07:00:00,INV7478,Laptop,Electronics,3,60093,180279,Online Gateway,City Center,Returning
2024-05-15 03:00:00,INV7479,Headphones,Electronics,4,1484,5936,UPI,Riverside,New
2024-01-28 00:00:00,INV7480,Headphones,Electronics,1,1520,1520,Cash,Riverside,New
2024-07-31 07:00:00,INV7481,Washing Machine,Home Appliances,5,14887,74435,Online Gateway,City Center,Returning
2024-10-02 14:00:00,INV7482,Notebook,Books,3,-83,-249,Cash,Riverside,Returning
2024-10-24 07:00:00,INV7483,Headphones,Electronics,3,1512,4536,Online Gateway,City Center,New
2024-02-12 01:00:00,INV7484,Shoes,Fashion,2,2344,4688,UPI,City Center,New
2024-03-05 14:00:00,INV7485,Shoes,Fashion,1,2578,2578,Card,City Center,New
2024-11-08 04:00:00,INV7486,Laptop,Electronics,1,59855,59855,Cash,Riverside,New
2024-05-21 17:00:00,INV7487,Washing Machine,Home Appliances,3,14928,44784,UPI,Riverside,Returning
2024-11-06 07:00:00,INV7488,Jeans,Fashion,3,1668,5004,UPI,Riverside,New
2024-08-14 00:00:00,INV7489,Novel,Books,4,353,1412,UPI,City Center,Returning
2024-06-25 17:00:00,INV7490,Shoes,Fashion,4,2611,10444,Online Gateway,Riverside,Returning
2024-05-11 17:00:00,INV7491,Microwave,Home Appliances,5,6908,34540,UPI,City Center,Returning
2024-06-22 03:00:00,INV7492,Novel,Books,5,402,2010,Online Gateway,City Center,New
2024-11-07 14:00:00,INV7493,Jeans,Fashion,3,1803,5409,Online Gateway,Riverside,New
2024-12-29 07:00:00,INV7494,Notebook,Books,2,177,354,UPI,Riverside,Returning
2024-10-02 17:00:00,INV7495,Smartphone,Electronics,4,20134,80536,Card,Riverside,Returning
2024-08-23 20:00:00,INV7496,Laptop,Electronics,1,60107,60107,Cash,Riverside,New
2024-12-25 08:00:00,INV7497,T-shirt,Fashion,4,908,3632,UPI,Riverside,Returning
2024-02-19 00:00:00,INV7498,Pen Set,Books,2,153,306,Card,Riverside,Returning
2024-11-27 12:00:00,INV7499,Headphones,Electronics,4,1568,6272,UPI,City Center,Returning
2024-12-24 00:00:00,INV7500,Novel,Books,4,397,1588,Online Gateway,Riverside,New
2024-04-03 01:00:00,INV7501,Smartphone,Electronics,1,19867,19867,Online Gateway,City Center,New
2024-07-14 20:00:00,INV7502,Notebook,Books,5,60,300,Card,City Center,New
2024-09-03 02:00:00,INV7503,Mixer Grinder,Home Appliances,4,3381,13524,Cash,City Center,New
2024-11-23 12:00:00,INV7504,Jeans,Fashion,1,1892,1892,Cash,Riverside,Returning
2024-11-09 14:00:00,INV7505,Pen Set,Books,4,-63,-252,UPI,Riverside,Returning
2024-08-19 15:00:00,INV7506,Pen Set,Books,2,-73,-146,Cash,City Center,Returning
2024-10-07 12:00:00,INV7507,Jeans,Fashion,4,1808,7232,Card,City Center,New
2024-04-14 17:00:00,INV7508,Notebook,Books,3,-82,-246,Card,Riverside,New
2024-11-22 06:00:00,INV7509,Pen Set,Books,2,46,92,Card,Riverside,New
2024-10-16 08:00:00,INV7510,Notebook,Books,5,-54,-270,UPI,City Center,New
2024-11-25 14:00:00,INV7511,Laptop,Electronics,4,59960,239840,UPI,Riverside,New
2024-08-23 09:00:00,INV7512,Notebook,Books,3,-19,-57,Cash,City Center,Returning
2024-02-15 16:00:00,INV7513,Mixer Grinder,Home Appliances,3,3397,10191,UPI,City Center,Returning
2024-03-22 07:00:00,INV7514,T-shirt,Fashion,3,607,1821,Card,City Center,New
2024-11-20 23:00:00,INV7515,Mixer Grinder,Home Appliances,1,3599,3599,Online Gateway,City Center,New
2024-01-25 19:00:00,INV7516,T-shirt,Fashion,3,602,1806,UPI,City Center,New
2024-11-24 03:00:00,INV7517,Laptop,Electronics,5,59806,299030,Online Gateway,Riverside,New
2024-07-03 23:00:00,INV7518,Notebook,Books,5,-11,-55,Card,Riverside,New
2024-09-05 20:00:00,INV7519,Headphones,Electronics,4,1543,6172,Card,Riverside,Returning
2024-02-05 18:00:00,INV7520,Jeans,Fashion,3,1731,5193,Online Gateway,Riverside,New
2024-08-17 23:00:00,INV7521,Microwave,Home Appliances,2,7027,14054,UPI,Riverside,New
2024-11-03 17:00:00,INV7522,Jeans,Fashion,3,1758,5274,Cash,Riverside,Returning
2024-12-25 20:00:00,INV7523,Smartphone,Electronics,2,19999,39998,Online Gateway,Riverside,New
2024-06-28 21:00:00,INV7524,Jeans,Fashion,2,1897,3794,Card,City Center,Returning
2024-05-23 22:00:00,INV7525,Headphones,Electronics,4,1662,6648,Cash,City Center,New
2024-02-12 22:00:00,INV7526,Jeans,Fashion,1,1928,1928,Cash,City Center,Returning
2024-11-25 10:00:00,INV7527,Shoes,Fashion,2,2591,5182,Cash,Riverside,New
2024-03-01 07:00:00,INV7528,Microwave,Home Appliances,5,7179,35895,UPI,City Center,Returning
2024-04-28 18:00:00,INV7529,Microwave,Home Appliances,4,6896,27584,Card,City Center,New
2024-12-03 18:00:00,INV7530,Novel,Books,5,322,1610,Card,Riverside,New
2024-10-24 23:00:00,INV7531,Pen Set,Books,5,-94,-470,Card,Riverside,Returning
2024-10-16 16:00:00,INV7532,Novel,Books,2,590,1180,UPI,Riverside,Returning
2024-06-17 23:00:00,INV7533,Notebook,Books,1,47,47,Card,City Center,New
2024-08-13 02:00:00,INV7534,Washing Machine,Home Appliances,2,14890,29780,Cash,Riverside,Returning
2024-03-10 16:00:00,INV7535,Novel,Books,1,323,323,Cash,Riverside,Returning
2024-07-07 20:00:00,INV7536,Shoes,Fashion,4,2428,9712,Card,Riverside,Returning
2024-07-24 04:00:00,INV7537,T-shirt,Fashion,3,707,2121,Card,Riverside,New
2024-09-10 13:00:00,INV7538,T-shirt,Fashion,2,680,1360,Cash,City Center,Returning
2024-11-18 06:00:00,INV7539,Notebook,Books,2,-16,-32,Online Gateway,Riverside,New
2024-07-21 16:00:00,INV7540,Jeans,Fashion,2,1836,3672,Cash,Riverside,Returning
2024-02-20 21:00:00,INV7541,Notebook,Books,4,-46,-184,Cash,City Center,New
2024-04-29 04:00:00,INV7542,Mixer Grinder,Home Appliances,3,3411,10233,Cash,City Center,New
2024-12-17 04:00:00,INV7543,Novel,Books,1,330,330,Online Gateway,City Center,New
2024-05-15 13:00:00,INV7544,Jeans,Fashion,5,1974,9870,Online Gateway,Riverside,Returning
2024-06-06 14:00:00,INV7545,Jeans,Fashion,3,1806,5418,UPI,Riverside,New
2024-10-16 21:00:00,INV7546,Microwave,Home Appliances,2,7083,14166,UPI,Riverside,New
2024-02-01 22:00:00,INV7547,Shoes,Fashion,3,2440,7320,Online Gateway,City Center,New
2024-04-21 17:00:00,INV7548,Headphones,Electronics,3,1493,4479,UPI,Riverside,Returning
2024-11-17 06:00:00,INV7549,Smartphone,Electronics,3,19951,59853,Online Gateway,City Center,Returning
2024-11-07 18:00:00,INV7550,Smartphone,Electronics,4,19960,79840,Online Gateway,City Center,Returning
2024-07-30 22:00:00,INV7551,Smartphone,Electronics,5,19987,99935,Cash,Riverside,Returning
2024-11-27 20:00:00,INV7552,Novel,Books,4,483,1932,UPI,Riverside,Returning
2024-04-21 01:00:00,INV7553,Washing Machine,Home Appliances,1,14821,14821,Card,City Center,Returning
2024-05-26 09:00:00,INV7554,Pen Set,Books,3,-72,-216,Card,Riverside,Returning
2024-01-21 15:00:00,INV7555,Mixer Grinder,Home Appliances,3,3626,10878,Card,City Center,New
2024-08-30 14:00:00,INV7556,Novel,Books,2,394,788,Card,Riverside,New
2024-03-27 08:00:00,INV7557,Pen Set,Books,3,23,69,UPI,Riverside,Returning
2024-11-20 19:00:00,INV7558,Pen Set,Books,2,82,164,Card,City Center,Returning
2024-12-21 09:00:00,INV7559,Washing Machine,Home Appliances,4,14823,59292,UPI,City Center,Returning
2024-06-13 13:00:00,INV7560,Headphones,Electronics,4,1457,5828,Card,City Center,New
2024-09-08 09:00:00,INV7561,Novel,Books,4,323,1292,Cash,City Center,Returning
2024-12-13 00:00:00,INV7562,Headphones,Electronics,2,1602,3204,Card,City Center,New
2024-04-16 11:00:00,INV7563,Novel,Books,2,485,970,Card,Riverside,New
2024-09-22 10:00:00,INV7564,Novel,Books,2,385,770,UPI,City Center,New
2024-07-02 23:00:00,INV7565,Pen Set,Books,3,140,420,Online Gateway,City Center,Returning
2024-09-05 07:00:00,INV7566,Laptop,Electronics,4,60021,240084,UPI,City Center,New
2024-09-06 17:00:00,INV7567,Mixer Grinder,Home Appliances,4,3575,14300,Card,Riverside,Returning
2024-07-28 05:00:00,INV7568,Washing Machine,Home Appliances,4,15151,60604,Cash,City Center,Returning
2024-05-01 03:00:00,INV7569,Mixer Grinder,Home Appliances,2,3459,6918,UPI,Riverside,Returning
2024-05-01 10:00:00,INV7570,Washing Machine,Home Appliances,4,15111,60444,UPI,City Center,Returning
2024-06-10 06:00:00,INV7571,Notebook,Books,1,248,248,UPI,City Center,Returning
2024-07-30 21:00:00,INV7572,Mixer Grinder,Home Appliances,2,3649,7298,UPI,City Center,Returning
2024-09-29 18:00:00,INV7573,Jeans,Fashion,5,1692,8460,UPI,Riverside,New
2024-01-17 11:00:00,INV7574,Novel,Books,4,394,1576,Online Gateway,Riverside,New
2024-02-09 02:00:00,INV7575,Shoes,Fashion,2,2467,4934,Online Gateway,City Center,Returning
2024-04-14 14:00:00,INV7576,Shoes,Fashion,3,2667,8001,Online Gateway,City Center,Returning
2024-07-12 04:00:00,INV7577,Laptop,Electronics,3,60039,180117,Card,City Center,New
2024-03-09 17:00:00,INV7578,T-shirt,Fashion,3,820,2460,Online Gateway,Riverside,New
2024-06-02 18:00:00,INV7579,Laptop,Electronics,3,59851,179553,UPI,Riverside,New
2024-05-23 03:00:00,INV7580,Mixer Grinder,Home Appliances,1,3493,3493,Online Gateway,City Center,Returning
2024-05-13 09:00:00,INV7581,Pen Set,Books,5,206,1030,Online Gateway,City Center,Returning
2024-06-23 03:00:00,INV7582,T-shirt,Fashion,5,730,3650,Cash,City Center,Returning
2024-12-16 05:00:00,INV7583,Smartphone,Electronics,5,20018,100090,UPI,Riverside,New
2024-05-14 21:00:00,INV7584,Shoes,Fashion,3,2439,7317,Cash,City Center,New
2024-06-09 22:00:00,INV7585,Smartphone,Electronics,5,19926,99630,Cash,City Center,Returning
2024-01-03 10:00:00,INV7586,Novel,Books,2,437,874,Online Gateway,Riverside,New
2024-07-24 18:00:00,INV7587,Headphones,Electronics,2,1552,3104,Online Gateway,City Center,New
2024-05-03 19:00:00,INV7588,Smartphone,Electronics,2,19881,39762,Cash,City Center,Returning
2024-12-12 10:00:00,INV7589,Shoes,Fashion,1,2556,2556,UPI,City Center,New
2024-05-19 09:00:00,INV7590,Laptop,Electronics,2,59923,119846,Cash,Riverside,New
2024-04-13 14:00:00,INV7591,Shoes,Fashion,1,2399,2399,Card,Riverside,New
2024-01-24 09:00:00,INV7592,Notebook,Books,1,49,49,Cash,City Center,New
2024-06-14 21:00:00,INV7593,Headphones,Electronics,4,1323,5292,Card,City Center,New
2024-09-17 21:00:00,INV7594,Mixer Grinder,Home Appliances,5,3518,17590,Online Gateway,City Center,New
2024-03-13 09:00:00,INV7595,Smartphone,Electronics,2,20118,40236,UPI,City Center,New
2024-05-28 02:00:00,INV7596,Smartphone,Electronics,4,20048,80192,UPI,Riverside,New
2024-10-22 15:00:00,INV7597,Laptop,Electronics,1,60153,60153,Cash,City Center,Returning
2024-12-10 10:00:00,INV7598,Washing Machine,Home Appliances,3,14908,44724,Card,Riverside,Returning
2024-01-13 06:00:00,INV7599,Mixer Grinder,Home Appliances,2,3431,6862,Card,Riverside,New
2024-12-08 04:00:00,INV7600,Jeans,Fashion,1,1760,1760,UPI,Riverside,Returning
2024-08-10 02:00:00,INV7601,Washing Machine,Home Appliances,5,14859,74295,Cash,Riverside,New
2024-07-12 23:00:00,INV7602,Pen Set,Books,5,81,405,Cash,City Center,Returning
2024-02-16 05:00:00,INV7603,Headphones,Electronics,5,1395,6975,Cash,Riverside,New
2024-06-06 03:00:00,INV7604,Laptop,Electronics,5,59921,299605,Cash,City Center,Returning
2024-12-22 19:00:00,INV7605,Notebook,Books,5,228,1140,Cash,City Center,New
2024-09-12 03:00:00,INV7606,Headphones,Electronics,1,1494,1494,Cash,City Center,Returning
2024-11-14 15:00:00,INV7607,Novel,Books,2,391,782,UPI,City Center,New
2024-02-18 22:00:00,INV7608,Headphones,Electronics,3,1395,4185,Online Gateway,Riverside,New
2024-02-18 12:00:00,INV7609,Jeans,Fashion,2,1935,3870,Cash,City Center,New
2024-12-29 00:00:00,INV7610,Shoes,Fashion,1,2350,2350,Online Gateway,Riverside,Returning
2024-07-05 02:00:00,INV7611,Pen Set,Books,3,-66,-198,Card,City Center,Returning
2024-08-18 18:00:00,INV7612,Microwave,Home Appliances,1,6851,6851,Cash,Riverside,Returning
2024-10-23 07:00:00,INV7613,Mixer Grinder,Home Appliances,1,3357,3357,Online Gateway,Riverside,Returning
2024-12-17 10:00:00,INV7614,Pen Set,Books,2,156,312,Cash,City Center,Returning
2024-04-26 16:00:00,INV7615,Smartphone,Electronics,3,19896,59688,Online Gateway,Riverside,New
2024-07-10 23:00:00,INV7616,Washing Machine,Home Appliances,4,14919,59676,Cash,City Center,New
2024-10-29 14:00:00,INV7617,Laptop,Electronics,5,60093,300465,UPI,City Center,Returning
2024-03-05 05:00:00,INV7618,Notebook,Books,3,6,18,Cash,Riverside,New
2024-04-25 05:00:00,INV7619,Jeans,Fashion,2,1639,3278,UPI,City Center,New
2024-07-06 03:00:00,INV7620,Notebook,Books,3,-86,-258,Online Gateway,Riverside,Returning
2024-05-08 11:00:00,INV7621,Laptop,Electronics,5,59932,299660,UPI,City Center,Returning
2024-08-11 04:00:00,INV7622,Washing Machine,Home Appliances,4,15028,60112,Cash,City Center,Returning
2024-03-18 09:00:00,INV7623,Mixer Grinder,Home Appliances,3,3523,10569,Online Gateway,Riverside,New
2024-02-02 01:00:00,INV7624,Pen Set,Books,1,136,136,Card,City Center,Returning
2024-02-29 06:00:00,INV7625,Washing Machine,Home Appliances,3,15137,45411,UPI,City Center,Returning
2024-12-24 06:00:00,INV7626,Mixer Grinder,Home Appliances,2,3464,6928,UPI,City Center,New
2024-05-03 20:00:00,INV7627,Microwave,Home Appliances,2,7026,14052,Card,Riverside,Returning
2024-03-19 00:00:00,INV7628,Shoes,Fashion,2,2580,5160,Card,City Center,New
2024-08-21 07:00:00,INV7629,Pen Set,Books,5,-30,-150,Card,City Center,Returning
2024-04-04 13:00:00,INV7630,Smartphone,Electronics,1,20184,20184,Card,City Center,New
2024-08-07 19:00:00,INV7631,T-shirt,Fashion,1,818,818,Card,Riverside,New
2024-07-16 21:00:00,INV7632,Smartphone,Electronics,5,20105,100525,Cash,Riverside,New
2024-09-30 19:00:00,INV7633,Headphones,Electronics,3,1321,3963,Online Gateway,Riverside,New
2024-07-30 08:00:00,INV7634,Smartphone,Electronics,4,20126,80504,UPI,Riverside,New
2024-08-15 15:00:00,INV7635,Pen Set,Books,1,85,85,Cash,Riverside,Returning
2024-11-06 10:00:00,INV7636,Mixer Grinder,Home Appliances,3,3525,10575,Online Gateway,Riverside,New
2024-12-16 20:00:00,INV7637,Notebook,Books,1,-17,-17,UPI,City Center,Returning
2024-06-13 23:00:00,INV7638,Pen Set,Books,5,-138,-690,UPI,Riverside,New
2024-02-24 17:00:00,INV7639,Shoes,Fashion,5,2636,13180,Cash,City Center,New
2024-11-22 23:00:00,INV7640,Smartphone,Electronics,3,19971,59913,Online Gateway,Riverside,Returning
2024-02-14 14:00:00,INV7641,Microwave,Home Appliances,4,7013,28052,Cash,Riverside,New
2024-05-16 21:00:00,INV7642,T-shirt,Fashion,5,804,4020,Cash,City Center,Returning
2024-05-08 23:00:00,INV7643,Laptop,Electronics,5,59878,299390,Cash,Riverside,Returning
2024-01-14 08:00:00,INV7644,T-shirt,Fashion,3,638,1914,Online Gateway,Riverside,New
2024-04-06 17:00:00,INV7645,Headphones,Electronics,2,1640,3280,Card,City Center,Returning
2024-01-24 03:00:00,INV7646,Pen Set,Books,3,-33,-99,UPI,Riverside,New
2024-07-24 19:00:00,INV7647,Microwave,Home Appliances,4,7136,28544,Card,Riverside,New
2024-08-14 08:00:00,INV7648,Pen Set,Books,2,-120,-240,UPI,City Center,Returning
2024-02-27 18:00:00,INV7649,Mixer Grinder,Home Appliances,5,3584,17920,Online Gateway,City Center,Returning
2024-07-17 11:00:00,INV7650,Pen Set,Books,5,105,525,Card,Riverside,New
2024-10-12 14:00:00,INV7651,Novel,Books,5,397,1985,Card,Riverside,Returning
2024-11-14 05:00:00,INV7652,Notebook,Books,1,-17,-17,UPI,City Center,New
2024-07-20 17:00:00,INV7653,Novel,Books,5,505,2525,Online Gateway,City Center,Returning
2024-06-10 03:00:00,INV7654,Washing Machine,Home Appliances,3,15073,45219,UPI,Riverside,New
2024-06-07 01:00:00,INV7655,Notebook,Books,4,27,108,Card,Riverside,Returning
2024-11-03 05:00:00,INV7656,Notebook,Books,3,-33,-99,Card,City Center,Returning
2024-04-14 17:00:00,INV7657,Notebook,Books,4,107,428,Card,City Center,Returning
2024-06-07 11:00:00,INV7658,Shoes,Fashion,3,2415,7245,Card,Riverside,New
2024-04-06 23:00:00,INV7659,Washing Machine,Home Appliances,2,14828,29656,Cash,Riverside,Returning
2024-03-31 05:00:00,INV7660,Shoes,Fashion,2,2438,4876,Cash,City Center,Returning
2024-05-17 20:00:00,INV7661,Pen Set,Books,2,-103,-206,UPI,Riverside,New
2024-09-25 20:00:00,INV7662,T-shirt,Fashion,3,690,2070,Online Gateway,City Center,Returning
2024-12-02 03:00:00,INV7663,Headphones,Electronics,5,1584,7920,Online Gateway,City Center,New
2024-11-14 10:00:00,INV7664,Shoes,Fashion,3,2535,7605,Cash,Riverside,Returning
2024-09-23 20:00:00,INV7665,T-shirt,Fashion,3,785,2355,Cash,Riverside,New
2024-02-11 08:00:00,INV7666,T-shirt,Fashion,3,675,2025,Cash,City Center,New
2024-08-14 00:00:00,INV7667,Microwave,Home Appliances,3,6935,20805,UPI,Riverside,Returning
2024-07-01 13:00:00,INV7668,Microwave,Home Appliances,3,6885,20655,Cash,Riverside,New
2024-05-12 06:00:00,INV7669,Notebook,Books,3,93,279,Card,City Center,Returning
2024-07-18 06:00:00,INV7670,Smartphone,Electronics,2,20119,40238,Cash,City Center,Returning
2024-08-19 16:00:00,INV7671,T-shirt,Fashion,4,928,3712,Card,Riverside,Returning
2024-11-06 20:00:00,INV7672,T-shirt,Fashion,2,900,1800,Online Gateway,City Center,Returning
2024-05-08 06:00:00,INV7673,Microwave,Home Appliances,2,6965,13930,Card,Riverside,Returning
2024-05-04 07:00:00,INV7674,Notebook,Books,5,-40,-200,UPI,City Center,New
2024-10-29 11:00:00,INV7675,Laptop,Electronics,4,59961,239844,Cash,Riverside,Returning
2024-09-09 06:00:00,INV7676,Notebook,Books,1,170,170,Card,Riverside,Returning
2024-04-15 03:00:00,INV7677,Novel,Books,2,651,1302,Card,City Center,Returning
2024-07-09 21:00:00,INV7678,Microwave,Home Appliances,5,6887,34435,UPI,Riverside,New
2024-08-21 17:00:00,INV7679,Smartphone,Electronics,1,20170,20170,Cash,City Center,Returning
2024-03-24 09:00:00,INV7680,Washing Machine,Home Appliances,3,14922,44766,Online Gateway,Riverside,New
2024-02-27 19:00:00,INV7681,T-shirt,Fashion,2,981,1962,Cash,City Center,Returning
2024-09-30 00:00:00,INV7682,Notebook,Books,4,-94,-376,Online Gateway,Riverside,Returning
2024-02-12 22:00:00,INV7683,Smartphone,Electronics,1,19993,19993,Online Gateway,City Center,Returning
2024-02-20 20:00:00,INV7684,T-shirt,Fashion,5,652,3260,Card,City Center,Returning
2024-09-08 11:00:00,INV7685,Novel,Books,1,497,497,UPI,City Center,Returning
2024-09-28 19:00:00,INV7686,Smartphone,Electronics,3,20024,60072,Cash,Riverside,New
2024-12-02 10:00:00,INV7687,Smartphone,Electronics,1,19884,19884,UPI,City Center,New
2024-02-04 18:00:00,INV7688,Pen Set,Books,2,-109,-218,Online Gateway,City Center,New
2024-03-12 20:00:00,INV7689,T-shirt,Fashion,1,695,695,Online Gateway,City Center,Returning
2024-10-01 22:00:00,INV7690,Mixer Grinder,Home Appliances,2,3627,7254,Card,City Center,New
2024-04-10 13:00:00,INV7691,Laptop,Electronics,5,60000,300000,Cash,Riverside,Returning
2024-09-06 17:00:00,INV7692,Headphones,Electronics,3,1318,3954,Online Gateway,Riverside,Returning
2024-07-06 10:00:00,INV7693,Novel,Books,5,625,3125,Online Gateway,Riverside,New
2024-03-28 17:00:00,INV7694,Laptop,Electronics,1,60131,60131,Cash,Riverside,New
2024-04-17 00:00:00,INV7695,T-shirt,Fashion,3,669,2007,UPI,Riverside,New
2024-01-09 17:00:00,INV7696,Notebook,Books,4,14,56,Online Gateway,City Center,New
2024-07-23 15:00:00,INV7697,Pen Set,Books,5,66,330,Cash,Riverside,Returning
2024-04-02 12:00:00,INV7698,Headphones,Electronics,5,1660,8300,UPI,Riverside,Returning
2024-01-10 17:00:00,INV7699,Jeans,Fashion,4,1957,7828,Online Gateway,City Center,Returning
2024-02-03 00:00:00,INV7700,Pen Set,Books,5,107,535,Card,City Center,New
2024-05-09 14:00:00,INV7701,Jeans,Fashion,3,1855,5565,Online Gateway,Riverside,New
2024-03-31 06:00:00,INV7702,Washing Machine,Home Appliances,4,15022,60088,Cash,Riverside,Returning
2024-12-21 06:00:00,INV7703,Pen Set,Books,1,-130,-130,UPI,City Center,Returning
2024-08-04 09:00:00,INV7704,Pen Set,Books,5,-98,-490,UPI,City Center,Returning
2024-02-20 14:00:00,INV7705,Shoes,Fashion,5,2328,11640,Card,Riverside,Returning
2024-07-03 03:00:00,INV7706,Pen Set,Books,1,-82,-82,UPI,Riverside,Returning
2024-10-31 18:00:00,INV7707,Washing Machine,Home Appliances,1,15116,15116,Online Gateway,City Center,Returning
2024-12-19 03:00:00,INV7708,T-shirt,Fashion,4,801,3204,Cash,Riverside,Returning
2024-01-09 20:00:00,INV7709,Smartphone,Electronics,2,19844,39688,Cash,City Center,Returning
2024-03-10 02:00:00,INV7710,Headphones,Electronics,4,1384,5536,Card,Riverside,Returning
2024-07-28 08:00:00,INV7711,Notebook,Books,3,-47,-141,Cash,City Center,Returning
2024-09-03 13:00:00,INV7712,Jeans,Fashion,5,1750,8750,Cash,Riverside,New
2024-08-02 05:00:00,INV7713,Jeans,Fashion,4,1791,7164,Card,Riverside,New
2024-03-15 18:00:00,INV7714,T-shirt,Fashion,2,840,1680,Online Gateway,Riverside,New
2024-09-06 12:00:00,INV7715,Microwave,Home Appliances,4,7149,28596,UPI,Riverside,Returning
2024-12-11 16:00:00,INV7716,Shoes,Fashion,4,2429,9716,UPI,City Center,Returning
2024-08-20 10:00:00,INV7717,Smartphone,Electronics,2,19887,39774,UPI,Riverside,Returning
2024-08-19 07:00:00,INV7718,Microwave,Home Appliances,5,7127,35635,Cash,City Center,Returning
2024-06-09 05:00:00,INV7719,Jeans,Fashion,2,1680,3360,Online Gateway,City Center,Returning
2024-10-14 18:00:00,INV7720,Novel,Books,4,467,1868,Card,City Center,Returning
2024-01-16 18:00:00,INV7721,Microwave,Home Appliances,3,7147,21441,Cash,City Center,New
2024-05-17 05:00:00,INV7722,Shoes,Fashion,5,2473,12365,UPI,City Center,Returning
2024-05-18 17:00:00,INV7723,Laptop,Electronics,1,60086,60086,UPI,City Center,Returning
2024-07-19 08:00:00,INV7724,Novel,Books,1,365,365,UPI,City Center,Returning
2024-11-26 17:00:00,INV7725,Novel,Books,3,540,1620,UPI,City Center,Returning
2024-01-10 08:00:00,INV7726,Smartphone,Electronics,2,20145,40290,Online Gateway,Riverside,New
2024-01-31 17:00:00,INV7727,Jeans,Fashion,2,1914,3828,UPI,Riverside,New
2024-01-10 19:00:00,INV7728,T-shirt,Fashion,2,970,1940,Online Gateway,City Center,New
2024-01-30 15:00:00,INV7729,T-shirt,Fashion,1,861,861,UPI,City Center,New
2024-09-06 12:00:00,INV7730,Washing Machine,Home Appliances,2,14904,29808,UPI,Riverside,New
2024-03-19 16:00:00,INV7731,Smartphone,Electronics,5,20106,100530,Online Gateway,Riverside,New
2024-10-25 21:00:00,INV7732,Microwave,Home Appliances,2,7066,14132,Card,Riverside,Returning
2024-02-22 11:00:00,INV7733,Novel,Books,2,637,1274,Card,City Center,Returning
2024-08-06 14:00:00,INV7734,Smartphone,Electronics,5,19833,99165,Online Gateway,City Center,Returning
2024-10-29 23:00:00,INV7735,Laptop,Electronics,2,59903,119806,Card,City Center,Returning
2024-02-01 04:00:00,INV7736,T-shirt,Fashion,3,644,1932,UPI,City Center,Returning
2024-05-27 23:00:00,INV7737,Notebook,Books,4,-73,-292,Card,City Center,New
2024-09-23 16:00:00,INV7738,Smartphone,Electronics,2,20041,40082,Cash,City Center,New
2024-10-03 19:00:00,INV7739,Laptop,Electronics,5,59923,299615,Online Gateway,Riverside,Returning
2024-12-28 13:00:00,INV7740,Microwave,Home Appliances,4,7200,28800,Online Gateway,Riverside,New
2024-03-16 23:00:00,INV7741,Washing Machine,Home Appliances,3,15191,45573,Online Gateway,Riverside,Returning
2024-10-12 12:00:00,INV7742,Jeans,Fashion,3,1752,5256,UPI,City Center,New
2024-11-20 01:00:00,INV7743,T-shirt,Fashion,5,656,3280,UPI,Riverside,New
2024-06-25 08:00:00,INV7744,Jeans,Fashion,1,1655,1655,Cash,City Center,Returning
2024-09-28 15:00:00,INV7745,Novel,Books,2,593,1186,UPI,Riverside,New
2024-03-15 01:00:00,INV7746,Shoes,Fashion,1,2575,2575,Card,City Center,New
2024-02-20 22:00:00,INV7747,Shoes,Fashion,1,2405,2405,UPI,City Center,Returning
2024-11-13 22:00:00,INV7748,Notebook,Books,5,61,305,UPI,City Center,Returning
2024-03-15 01:00:00,INV7749,Laptop,Electronics,2,59992,119984,UPI,City Center,Returning
2024-11-08 02:00:00,INV7750,Headphones,Electronics,4,1307,5228,Online Gateway,Riverside,Returning
2024-07-21 11:00:00,INV7751,Pen Set,Books,1,13,13,Cash,Riverside,Returning
2024-12-04 06:00:00,INV7752,Mixer Grinder,Home Appliances,4,3523,14092,Card,City Center,Returning
2024-05-04 13:00:00,INV7753,T-shirt,Fashion,5,725,3625,UPI,City Center,Returning
2024-12-13 15:00:00,INV7754,Pen Set,Books,5,82,410,Card,City Center,New
2024-02-25 05:00:00,INV7755,Novel,Books,3,327,981,Online Gateway,Riverside,Returning
2024-08-01 15:00:00,INV7756,Headphones,Electronics,3,1385,4155,Cash,City Center,New
2024-04-23 10:00:00,INV7757,Pen Set,Books,3,109,327,Card,Riverside,Returning
2024-07-13 00:00:00,INV7758,Smartphone,Electronics,2,19991,39982,Card,Riverside,New
2024-02-25 05:00:00,INV7759,Novel,Books,5,453,2265,UPI,City Center,Returning
2024-06-21 05:00:00,INV7760,Notebook,Books,3,219,657,Cash,Riverside,Returning
2024-04-29 13:00:00,INV7761,Washing Machine,Home Appliances,3,14952,44856,Online Gateway,Riverside,Returning
2024-02-21 18:00:00,INV7762,Headphones,Electronics,2,1599,3198,Cash,City Center,Returning
2024-12-21 19:00:00,INV7763,Smartphone,Electronics,3,19886,59658,UPI,City Center,Returning
2024-03-17 07:00:00,INV7764,Microwave,Home Appliances,5,6987,34935,UPI,Riverside,Returning
2024-03-06 09:00:00,INV7765,Laptop,Electronics,1,60057,60057,Online Gateway,Riverside,Returning
2024-10-28 22:00:00,INV7766,Laptop,Electronics,1,60150,60150,UPI,Riverside,Returning
2024-03-20 22:00:00,INV7767,Laptop,Electronics,5,60147,300735,Card,Riverside,Returning
2024-09-24 08:00:00,INV7768,Headphones,Electronics,3,1322,3966,Card,City Center,New
2024-05-14 16:00:00,INV7769,Pen Set,Books,3,191,573,Cash,Riverside,Returning
2024-06-05 14:00:00,INV7770,Pen Set,Books,1,175,175,Online Gateway,City Center,Returning
2024-09-06 21:00:00,INV7771,Pen Set,Books,4,-129,-516,Card,City Center,Returning
2024-04-08 03:00:00,INV7772,Smartphone,Electronics,2,20139,40278,UPI,City Center,Returning
2024-03-17 00:00:00,INV7773,Novel,Books,5,365,1825,Cash,Riverside,Returning
2024-10-30 08:00:00,INV7774,Jeans,Fashion,4,1765,7060,Card,Riverside,Returning
2024-06-18 04:00:00,INV7775,T-shirt,Fashion,2,967,1934,Card,City Center,Returning
2024-08-09 20:00:00,INV7776,Microwave,Home Appliances,5,6973,34865,Cash,Riverside,New
2024-01-17 20:00:00,INV7777,Washing Machine,Home Appliances,4,15066,60264,Cash,Riverside,Returning
2024-03-12 17:00:00,INV7778,Pen Set,Books,4,-94,-376,UPI,Riverside,Returning
2024-08-09 12:00:00,INV7779,Notebook,Books,4,-59,-236,Online Gateway,Riverside,Returning
2024-06-09 05:00:00,INV7780,Laptop,Electronics,5,59922,299610,Online Gateway,City Center,Returning
2024-06-24 10:00:00,INV7781,T-shirt,Fashion,4,927,3708,Cash,Riverside,Returning
2024-01-03 16:00:00,INV7782,Jeans,Fashion,1,1956,1956,Online Gateway,City Center,New
2024-09-22 22:00:00,INV7783,Shoes,Fashion,2,2600,5200,UPI,Riverside,New
2024-02-10 08:00:00,INV7784,Headphones,Electronics,2,1433,2866,UPI,City Center,New
2024-01-16 08:00:00,INV7785,Jeans,Fashion,4,1910,7640,Online Gateway,City Center,New
2024-12-17 00:00:00,INV7786,Smartphone,Electronics,2,20128,40256,Online Gateway,Riverside,Returning
2024-04-03 10:00:00,INV7787,Mixer Grinder,Home Appliances,4,3596,14384,Online Gateway,Riverside,Returning
2024-07-27 10:00:00,INV7788,Novel,Books,5,621,3105,Online Gateway,City Center,New
2024-05-08 11:00:00,INV7789,Novel,Books,4,414,1656,Cash,Riverside,New
2024-12-02 09:00:00,INV7790,Microwave,Home Appliances,1,6933,6933,Card,Riverside,New
2024-03-02 05:00:00,INV7791,Headphones,Electronics,3,1588,4764,Cash,Riverside,Returning
2024-07-15 21:00:00,INV7792,Headphones,Electronics,2,1302,2604,Cash,City Center,Returning
2024-06-26 11:00:00,INV7793,T-shirt,Fashion,4,900,3600,Cash,City Center,Returning
2024-05-30 22:00:00,INV7794,Washing Machine,Home Appliances,2,14855,29710,Cash,Riverside,New
2024-02-04 07:00:00,INV7795,Microwave,Home Appliances,1,7068,7068,UPI,Riverside,New
2024-05-22 23:00:00,INV7796,Washing Machine,Home Appliances,1,15015,15015,Card,City Center,New
2024-09-29 00:00:00,INV7797,Laptop,Electronics,4,59896,239584,UPI,Riverside,Returning
2024-06-21 23:00:00,INV7798,Shoes,Fashion,3,2551,7653,Online Gateway,Riverside,Returning
2024-06-24 13:00:00,INV7799,Novel,Books,3,385,1155,UPI,City Center,New
2024-11-05 04:00:00,INV7800,T-shirt,Fashion,1,963,963,Cash,City Center,New
2024-02-02 11:00:00,INV7801,Microwave,Home Appliances,2,6809,13618,Card,City Center,Returning
2024-04-30 12:00:00,INV7802,Mixer Grinder,Home Appliances,2,3663,7326,Online Gateway,Riverside,Returning
2024-08-18 14:00:00,INV7803,Shoes,Fashion,3,2365,7095,Card,Riverside,Returning
2024-05-17 18:00:00,INV7804,Smartphone,Electronics,1,20085,20085,Card,City Center,New
2024-04-30 22:00:00,INV7805,Mixer Grinder,Home Appliances,1,3651,3651,Online Gateway,Riverside,Returning
2024-06-03 22:00:00,INV7806,Headphones,Electronics,1,1587,1587,UPI,City Center,New
2024-01-01 21:00:00,INV7807,Pen Set,Books,1,-102,-102,Card,City Center,Returning
2024-03-03 12:00:00,INV7808,Microwave,Home Appliances,5,6815,34075,Card,Riverside,Returning
2024-05-31 17:00:00,INV7809,Washing Machine,Home Appliances,4,14917,59668,Online Gateway,Riverside,Returning
2024-08-05 04:00:00,INV7810,Headphones,Electronics,5,1337,6685,Card,City Center,Returning
2024-01-08 23:00:00,INV7811,Jeans,Fashion,5,1863,9315,UPI,Riverside,New
2024-12-23 19:00:00,INV7812,Shoes,Fashion,2,2650,5300,Online Gateway,City Center,New
2024-10-25 22:00:00,INV7813,Notebook,Books,5,42,210,Cash,City Center,Returning
2024-08-01 02:00:00,INV7814,Jeans,Fashion,2,1776,3552,Card,City Center,New
2024-07-13 06:00:00,INV7815,Headphones,Electronics,3,1678,5034,UPI,City Center,Returning
2024-06-29 06:00:00,INV7816,Pen Set,Books,3,62,186,Online Gateway,City Center,Returning
2024-06-29 15:00:00,INV7817,Laptop,Electronics,2,59827,119654,UPI,Riverside,Returning
2024-12-11 01:00:00,INV7818,Mixer Grinder,Home Appliances,1,3533,3533,Cash,City Center,Returning
2024-12-26 08:00:00,INV7819,Jeans,Fashion,2,1745,3490,UPI,City Center,Returning
2024-08-16 22:00:00,INV7820,Headphones,Electronics,5,1558,7790,Card,City Center,New
2024-12-21 16:00:00,INV7821,Pen Set,Books,1,17,17,Cash,Riverside,Returning
2024-04-22 23:00:00,INV7822,Microwave,Home Appliances,4,7011,28044,UPI,City Center,New
2024-11-12 11:00:00,INV7823,Washing Machine,Home Appliances,1,15009,15009,UPI,Riverside,Returning
2024-09-18 09:00:00,INV7824,Jeans,Fashion,2,1860,3720,Card,City Center,Returning
2024-09-18 20:00:00,INV7825,Smartphone,Electronics,5,20135,100675,UPI,Riverside,New
2024-06-15 10:00:00,INV7826,Headphones,Electronics,5,1456,7280,UPI,Riverside,New
2024-03-10 22:00:00,INV7827,Notebook,Books,3,279,837,UPI,Riverside,Returning
2024-12-16 14:00:00,INV7828,Washing Machine,Home Appliances,4,14839,59356,Card,Riverside,Returning
2024-01-31 23:00:00,INV7829,Notebook,Books,3,-92,-276,Cash,City Center,Returning
2024-01-20 06:00:00,INV7830,Novel,Books,3,668,2004,Online Gateway,Riverside,New
2024-03-06 08:00:00,INV7831,Headphones,Electronics,2,1588,3176,UPI,City Center,Returning
2024-03-13 08:00:00,INV7832,Laptop,Electronics,1,60096,60096,UPI,City Center,New
2024-11-25 07:00:00,INV7833,Notebook,Books,4,-85,-340,Online Gateway,Riverside,New
2024-10-18 18:00:00,INV7834,Mixer Grinder,Home Appliances,3,3643,10929,Card,Riverside,New
2024-02-26 12:00:00,INV7835,Pen Set,Books,5,102,510,Cash,Riverside,New
2024-02-12 06:00:00,INV7836,Laptop,Electronics,2,59814,119628,Card,City Center,New
2024-02-13 22:00:00,INV7837,Smartphone,Electronics,2,19805,39610,Online Gateway,Riverside,Returning
2024-03-14 12:00:00,INV7838,Washing Machine,Home Appliances,2,15026,30052,Card,City Center,New
2024-09-07 09:00:00,INV7839,Notebook,Books,4,14,56,UPI,Riverside,New
2024-07-04 18:00:00,INV7840,Washing Machine,Home Appliances,3,15015,45045,Online Gateway,City Center,Returning
2024-01-28 19:00:00,INV7841,Notebook,Books,1,196,196,Cash,Riverside,Returning
2024-05-20 10:00:00,INV7842,Notebook,Books,3,151,453,UPI,City Center,Returning
2024-09-06 00:00:00,INV7843,Microwave,Home Appliances,4,6817,27268,UPI,Riverside,Returning
2024-02-28 02:00:00,INV7844,Microwave,Home Appliances,2,7107,14214,Card,City Center,Returning
2024-12-11 10:00:00,INV7845,T-shirt,Fashion,5,602,3010,UPI,Riverside,Returning
2024-06-18 14:00:00,INV7846,Mixer Grinder,Home Appliances,5,3553,17765,Card,City Center,Returning
2024-10-17 22:00:00,INV7847,Mixer Grinder,Home Appliances,5,3519,17595,Cash,City Center,New
2024-12-24 21:00:00,INV7848,Jeans,Fashion,2,1648,3296,Card,City Center,Returning
2024-08-21 07:00:00,INV7849,Washing Machine,Home Appliances,2,14961,29922,UPI,Riverside,New
2024-06-01 02:00:00,INV7850,Notebook,Books,1,188,188,UPI,City Center,Returning
2024-05-30 20:00:00,INV7851,Laptop,Electronics,1,60199,60199,UPI,Riverside,New
2024-05-12 22:00:00,INV7852,Jeans,Fashion,5,1839,9195,Cash,City Center,New
2024-01-17 07:00:00,INV7853,Smartphone,Electronics,5,20143,100715,Cash,City Center,Returning
2024-02-14 19:00:00,INV7854,Shoes,Fashion,5,2559,12795,UPI,Riverside,Returning
2024-04-20 10:00:00,INV7855,Microwave,Home Appliances,2,7122,14244,UPI,Riverside,Returning
2024-04-09 08:00:00,INV7856,Shoes,Fashion,4,2685,10740,Card,City Center,Returning
2024-02-03 17:00:00,INV7857,Smartphone,Electronics,2,19854,39708,UPI,Riverside,Returning
2024-12-01 07:00:00,INV7858,Smartphone,Electronics,5,19912,99560,Card,City Center,New
2024-08-17 05:00:00,INV7859,Laptop,Electronics,3,59950,179850,Card,Riverside,New
2024-10-14 07:00:00,INV7860,Jeans,Fashion,1,1653,1653,Cash,City Center,New
2024-02-18 07:00:00,INV7861,Jeans,Fashion,5,1753,8765,Cash,Riverside,New
2024-11-11 14:00:00,INV7862,Notebook,Books,5,44,220,Cash,City Center,Returning
2024-03-04 19:00:00,INV7863,Novel,Books,4,618,2472,Cash,City Center,New
2024-08-16 09:00:00,INV7864,Shoes,Fashion,5,2577,12885,Online Gateway,Riverside,Returning
2024-11-10 12:00:00,INV7865,Washing Machine,Home Appliances,4,14818,59272,Online Gateway,City Center,Returning
2024-07-26 08:00:00,INV7866,Smartphone,Electronics,2,20199,40398,UPI,City Center,New
2024-08-25 07:00:00,INV7867,Novel,Books,5,540,2700,Card,Riverside,Returning
2024-12-17 21:00:00,INV7868,T-shirt,Fashion,2,610,1220,Cash,City Center,Returning
2024-05-27 20:00:00,INV7869,Shoes,Fashion,2,2653,5306,Card,Riverside,New
2024-09-13 19:00:00,INV7870,Headphones,Electronics,4,1685,6740,Online Gateway,City Center,New
2024-10-04 23:00:00,INV7871,Laptop,Electronics,4,59862,239448,UPI,Riverside,New
2024-08-07 08:00:00,INV7872,Mixer Grinder,Home Appliances,3,3360,10080,Card,City Center,New
2024-02-21 07:00:00,INV7873,Smartphone,Electronics,4,20060,80240,Online Gateway,City Center,Returning
2024-04-10 23:00:00,INV7874,Microwave,Home Appliances,4,7007,28028,Online Gateway,Riverside,New
2024-12-02 07:00:00,INV7875,Novel,Books,2,660,1320,Card,City Center,New
2024-06-26 13:00:00,INV7876,Laptop,Electronics,2,60071,120142,Online Gateway,Riverside,Returning
2024-05-01 04:00:00,INV7877,T-shirt,Fashion,1,783,783,Card,City Center,New
2024-07-15 08:00:00,INV7878,Shoes,Fashion,4,2306,9224,Online Gateway,Riverside,Returning
2024-10-08 11:00:00,INV7879,Mixer Grinder,Home Appliances,4,3356,13424,Card,Riverside,Returning
2024-06-10 19:00:00,INV7880,Notebook,Books,2,93,186,UPI,Riverside,Returning
2024-05-26 11:00:00,INV7881,Smartphone,Electronics,2,20007,40014,UPI,Riverside,Returning
2024-05-21 19:00:00,INV7882,T-shirt,Fashion,3,648,1944,UPI,Riverside,New
2024-07-10 14:00:00,INV7883,Microwave,Home Appliances,3,7191,21573,Card,Riverside,Returning
2024-07-27 16:00:00,INV7884,Pen Set,Books,3,2,6,Card,Riverside,New
2024-09-16 06:00:00,INV7885,Pen Set,Books,4,185,740,Cash,City Center,Returning
2024-06-16 01:00:00,INV7886,Smartphone,Electronics,1,19857,19857,UPI,Riverside,Returning
2024-04-23 23:00:00,INV7887,Shoes,Fashion,2,2578,5156,UPI,City Center,Returning
2024-07-06 03:00:00,INV7888,Microwave,Home Appliances,4,6946,27784,Online Gateway,Riverside,New
2024-12-24 01:00:00,INV7889,Notebook,Books,3,-70,-210,Online Gateway,City Center,New
2024-02-10 14:00:00,INV7890,Mixer Grinder,Home Appliances,2,3334,6668,Card,Riverside,Returning
2024-01-10 07:00:00,INV7891,Jeans,Fashion,1,1690,1690,Online Gateway,Riverside,Returning
2024-07-11 05:00:00,INV7892,Laptop,Electronics,2,60120,120240,UPI,Riverside,Returning
2024-10-09 09:00:00,INV7893,Shoes,Fashion,2,2405,4810,Card,City Center,Returning
2024-12-17 03:00:00,INV7894,Novel,Books,3,370,1110,UPI,Riverside,Returning
2024-06-24 11:00:00,INV7895,Laptop,Electronics,3,59839,179517,UPI,Riverside,Returning
2024-01-10 09:00:00,INV7896,Mixer Grinder,Home Appliances,2,3506,7012,Card,City Center,New
2024-12-06 23:00:00,INV7897,Headphones,Electronics,3,1646,4938,Card,Riverside,New
2024-06-27 05:00:00,INV7898,Washing Machine,Home Appliances,1,15140,15140,Online Gateway,City Center,Returning
2024-02-25 21:00:00,INV7899,Novel,Books,4,676,2704,UPI,Riverside,Returning
2024-06-17 04:00:00,INV7900,Pen Set,Books,2,-40,-80,Online Gateway,City Center,New
2024-12-16 01:00:00,INV7901,Notebook,Books,5,76,380,UPI,Riverside,Returning
2024-06-04 07:00:00,INV7902,Pen Set,Books,2,61,122,Cash,City Center,New
2024-06-12 16:00:00,INV7903,Novel,Books,2,391,782,UPI,City Center,New
2024-04-26 19:00:00,INV7904,Pen Set,Books,2,-79,-158,Cash,Riverside,New
2024-09-30 06:00:00,INV7905,Jeans,Fashion,2,1950,3900,UPI,City Center,Returning
2024-01-17 09:00:00,INV7906,T-shirt,Fashion,3,788,2364,UPI,City Center,New
2024-10-11 23:00:00,INV7907,Jeans,Fashion,5,1871,9355,Card,City Center,Returning
2024-01-25 05:00:00,INV7908,Laptop,Electronics,1,59918,59918,UPI,Riverside,New
2024-01-06 12:00:00,INV7909,Laptop,Electronics,2,59881,119762,Card,Riverside,Returning
2024-04-28 06:00:00,INV7910,Shoes,Fashion,3,2641,7923,UPI,City Center,Returning
2024-05-21 01:00:00,INV7911,Microwave,Home Appliances,5,7186,35930,Online Gateway,Riverside,Returning
2024-06-06 02:00:00,INV7912,Smartphone,Electronics,4,20057,80228,Online Gateway,City Center,New
2024-04-04 12:00:00,INV7913,Shoes,Fashion,2,2699,5398,UPI,City Center,Returning
2024-02-10 15:00:00,INV7914,Headphones,Electronics,5,1508,7540,UPI,Riverside,Returning
2024-11-12 21:00:00,INV7915,Notebook,Books,2,52,104,Online Gateway,Riverside,New
2024-10-27 13:00:00,INV7916,Notebook,Books,5,175,875,Card,City Center,New
2024-04-28 03:00:00,INV7917,Novel,Books,2,485,970,Online Gateway,City Center,Returning
2024-04-24 02:00:00,INV7918,Washing Machine,Home Appliances,4,15140,60560,Card,Riverside,New
2024-06-21 06:00:00,INV7919,Smartphone,Electronics,4,19903,79612,Card,City Center,Returning
2024-10-11 17:00:00,INV7920,Washing Machine,Home Appliances,1,14852,14852,Online Gateway,City Center,Returning
2024-12-14 01:00:00,INV7921,Headphones,Electronics,5,1693,8465,Cash,City Center,New
2024-03-20 13:00:00,INV7922,Pen Set,Books,4,9,36,Cash,Riverside,Returning
2024-03-22 19:00:00,INV7923,T-shirt,Fashion,5,641,3205,Cash,Riverside,New
2024-08-02 17:00:00,INV7924,T-shirt,Fashion,2,948,1896,Cash,City Center,New
2024-02-10 06:00:00,INV7925,Laptop,Electronics,1,59998,59998,Online Gateway,City Center,Returning
2024-02-07 01:00:00,INV7926,Washing Machine,Home Appliances,2,15184,30368,Card,Riverside,Returning
2024-05-07 13:00:00,INV7927,Jeans,Fashion,3,1637,4911,UPI,City Center,Returning
2024-09-26 05:00:00,INV7928,Microwave,Home Appliances,5,6993,34965,Card,City Center,Returning
2024-09-13 22:00:00,INV7929,Smartphone,Electronics,1,20124,20124,Cash,Riverside,Returning
2024-10-17 07:00:00,INV7930,Smartphone,Electronics,1,19995,19995,Online Gateway,City Center,New
2024-12-03 13:00:00,INV7931,Headphones,Electronics,4,1303,5212,UPI,Riverside,New
2024-11-03 11:00:00,INV7932,Notebook,Books,1,126,126,UPI,Riverside,New
2024-10-30 08:00:00,INV7933,Mixer Grinder,Home Appliances,5,3354,16770,Online Gateway,City Center,Returning
2024-02-14 11:00:00,INV7934,T-shirt,Fashion,1,612,612,Online Gateway,Riverside,Returning
2024-06-24 23:00:00,INV7935,Mixer Grinder,Home Appliances,5,3447,17235,UPI,Riverside,New
2024-07-10 23:00:00,INV7936,Headphones,Electronics,1,1520,1520,UPI,City Center,New
2024-06-15 01:00:00,INV7937,Notebook,Books,3,-22,-66,Card,City Center,Returning
2024-05-12 11:00:00,INV7938,T-shirt,Fashion,3,607,1821,Online Gateway,City Center,New
2024-07-08 02:00:00,INV7939,Notebook,Books,1,251,251,Online Gateway,City Center,Returning
2024-04-08 10:00:00,INV7940,Laptop,Electronics,2,59924,119848,Cash,Riverside,New
2024-04-02 16:00:00,INV7941,Washing Machine,Home Appliances,4,15027,60108,Cash,Riverside,Returning
2024-09-22 11:00:00,INV7942,Shoes,Fashion,2,2636,5272,Card,City Center,Returning
2024-03-12 22:00:00,INV7943,Smartphone,Electronics,3,20033,60099,UPI,Riverside,Returning
2024-08-29 07:00:00,INV7944,Pen Set,Books,1,-63,-63,Card,Riverside,New
2024-12-02 09:00:00,INV7945,Headphones,Electronics,1,1700,1700,Card,City Center,Returning
2024-12-18 10:00:00,INV7946,Notebook,Books,2,-76,-152,UPI,City Center,New
2024-10-19 05:00:00,INV7947,Microwave,Home Appliances,4,7080,28320,Cash,City Center,New
2024-02-04 21:00:00,INV7948,Washing Machine,Home Appliances,5,15020,75100,Card,Riverside,New
2024-07-10 00:00:00,INV7949,Jeans,Fashion,1,1844,1844,Card,City Center,Returning
2024-01-29 14:00:00,INV7950,Pen Set,Books,5,-118,-590,Card,Riverside,New
2024-01-15 20:00:00,INV7951,Laptop,Electronics,2,60152,120304,Card,Riverside,New
2024-07-12 15:00:00,INV7952,Pen Set,Books,2,99,198,UPI,Riverside,New
2024-07-03 02:00:00,INV7953,Shoes,Fashion,5,2417,12085,UPI,Riverside,New
2024-10-03 18:00:00,INV7954,Notebook,Books,2,146,292,Online Gateway,Riverside,Returning
2024-05-21 07:00:00,INV7955,Shoes,Fashion,5,2599,12995,UPI,City Center,Returning
2024-06-30 13:00:00,INV7956,Pen Set,Books,5,-141,-705,Card,City Center,New
2024-07-22 07:00:00,INV7957,Mixer Grinder,Home Appliances,4,3627,14508,UPI,City Center,Returning
2024-08-09 15:00:00,INV7958,Mixer Grinder,Home Appliances,4,3635,14540,Card,City Center,New
2024-04-24 03:00:00,INV7959,Mixer Grinder,Home Appliances,3,3310,9930,UPI,City Center,Returning
2024-07-18 08:00:00,INV7960,Notebook,Books,5,153,765,Cash,Riverside,New
2024-02-06 13:00:00,INV7961,Jeans,Fashion,1,1885,1885,Card,City Center,Returning
2024-04-29 14:00:00,INV7962,Microwave,Home Appliances,2,6853,13706,Cash,City Center,Returning
2024-01-13 04:00:00,INV7963,T-shirt,Fashion,3,731,2193,Online Gateway,City Center,New
2024-12-29 16:00:00,INV7964,Pen Set,Books,1,91,91,Cash,Riverside,Returning
2024-04-21 22:00:00,INV7965,Pen Set,Books,1,-135,-135,Card,Riverside,Returning
2024-01-10 17:00:00,INV7966,Washing Machine,Home Appliances,5,15147,75735,UPI,Riverside,Returning
2024-04-08 22:00:00,INV7967,Notebook,Books,4,286,1144,Card,Riverside,Returning
2024-04-04 16:00:00,INV7968,T-shirt,Fashion,5,793,3965,Online Gateway,Riverside,New
2024-02-10 06:00:00,INV7969,Microwave,Home Appliances,2,6912,13824,Online Gateway,Riverside,New
2024-02-07 01:00:00,INV7970,T-shirt,Fashion,4,734,2936,Cash,City Center,New
2024-06-09 23:00:00,INV7971,Mixer Grinder,Home Appliances,1,3578,3578,Cash,City Center,Returning
2024-09-13 10:00:00,INV7972,Mixer Grinder,Home Appliances,5,3407,17035,Card,Riverside,New
2024-05-21 16:00:00,INV7973,Mixer Grinder,Home Appliances,5,3620,18100,UPI,City Center,Returning
2024-12-08 18:00:00,INV7974,Shoes,Fashion,5,2426,12130,UPI,City Center,Returning
2024-07-08 06:00:00,INV7975,Laptop,Electronics,2,60002,120004,UPI,Riverside,Returning
2024-05-26 19:00:00,INV7976,Jeans,Fashion,2,1953,3906,Online Gateway,Riverside,Returning
2024-03-14 11:00:00,INV7977,Mixer Grinder,Home Appliances,1,3411,3411,Cash,Riverside,New
2024-05-17 03:00:00,INV7978,Washing Machine,Home Appliances,4,15067,60268,Cash,Riverside,Returning
2024-04-13 16:00:00,INV7979,Headphones,Electronics,3,1631,4893,Cash,City Center,Returning
2024-03-05 22:00:00,INV7980,Shoes,Fashion,4,2497,9988,UPI,City Center,New
2024-07-14 10:00:00,INV7981,Novel,Books,2,305,610,Card,Riverside,New
2024-09-12 01:00:00,INV7982,Novel,Books,3,369,1107,Online Gateway,City Center,Returning
2024-04-04 20:00:00,INV7983,Shoes,Fashion,2,2607,5214,Online Gateway,City Center,Returning
2024-07-03 23:00:00,INV7984,Pen Set,Books,1,-103,-103,Cash,Riverside,Returning
2024-02-15 23:00:00,INV7985,Pen Set,Books,3,83,249,UPI,Riverside,Returning
2024-11-09 08:00:00,INV7986,Shoes,Fashion,4,2537,10148,Cash,Riverside,New
2024-08-13 09:00:00,INV7987,Novel,Books,4,534,2136,Cash,Riverside,Returning
2024-11-23 21:00:00,INV7988,Washing Machine,Home Appliances,3,15094,45282,Online Gateway,Riverside,New
2024-05-03 04:00:00,INV7989,Novel,Books,4,348,1392,Cash,City Center,Returning
2024-11-17 06:00:00,INV7990,Laptop,Electronics,3,60040,180120,Card,Riverside,New
2024-09-07 17:00:00,INV7991,Laptop,Electronics,5,60181,300905,Cash,Riverside,New
2024-05-21 00:00:00,INV7992,Pen Set,Books,4,10,40,Online Gateway,Riverside,New
2024-01-02 04:00:00,INV7993,Laptop,Electronics,4,60165,240660,Card,City Center,Returning
2024-11-19 04:00:00,INV7994,Notebook,Books,4,-66,-264,Online Gateway,City Center,Returning
2024-10-16 12:00:00,INV7995,Jeans,Fashion,5,1836,9180,Card,City Center,Returning
2024-08-27 19:00:00,INV7996,Shoes,Fashion,3,2690,8070,Cash,City Center,New
2024-05-30 02:00:00,INV7997,T-shirt,Fashion,5,769,3845,Online Gateway,Riverside,Returning
2024-07-29 22:00:00,INV7998,Smartphone,Electronics,2,19997,39994,UPI,Riverside,New
2024-12-02 07:00:00,INV7999,Mixer Grinder,Home Appliances,1,3583,3583,Card,City Center,New
2024-10-28 20:00:00,INV8000,Microwave,Home Appliances,5,7119,35595,UPI,City Center,Returning
2024-09-22 12:00:00,INV8001,Novel,Books,5,332,1660,Online Gateway,City Center,Returning
2024-10-23 01:00:00,INV8002,Smartphone,Electronics,3,20146,60438,UPI,Riverside,New
2024-05-29 05:00:00,INV8003,Microwave,Home Appliances,2,6831,13662,UPI,City Center,Returning
2024-04-25 02:00:00,INV8004,Washing Machine,Home Appliances,2,14863,29726,UPI,Riverside,Returning
2024-01-24 20:00:00,INV8005,Microwave,Home Appliances,1,7052,7052,Cash,Riverside,Returning
2024-11-17 01:00:00,INV8006,T-shirt,Fashion,5,963,4815,Cash,Riverside,Returning
2024-01-26 14:00:00,INV8007,Laptop,Electronics,1,59830,59830,UPI,City Center,Returning
2024-06-17 18:00:00,INV8008,Jeans,Fashion,4,1623,6492,Card,City Center,New
2024-01-14 13:00:00,INV8009,Laptop,Electronics,4,59959,239836,Cash,Riverside,Returning
2024-06-04 20:00:00,INV8010,Headphones,Electronics,5,1510,7550,Card,City Center,Returning
2024-01-15 22:00:00,INV8011,Pen Set,Books,3,-72,-216,Online Gateway,City Center,Returning
2024-06-06 09:00:00,INV8012,T-shirt,Fashion,5,964,4820,Online Gateway,City Center,Returning
2024-09-03 02:00:00,INV8013,Smartphone,Electronics,5,20045,100225,Card,Riverside,Returning
2024-03-12 17:00:00,INV8014,Notebook,Books,3,41,123,Online Gateway,Riverside,Returning
2024-02-26 05:00:00,INV8015,Mixer Grinder,Home Appliances,2,3641,7282,Online Gateway,City Center,New
2024-06-03 00:00:00,INV8016,Pen Set,Books,3,-54,-162,Card,Riverside,New
2024-06-11 08:00:00,INV8017,Washing Machine,Home Appliances,4,15035,60140,Cash,Riverside,New
2024-06-26 12:00:00,INV8018,Pen Set,Books,4,-149,-596,Cash,Riverside,Returning
2024-10-16 05:00:00,INV8019,Shoes,Fashion,1,2431,2431,Cash,City Center,Returning
2024-06-07 16:00:00,INV8020,Washing Machine,Home Appliances,1,14823,14823,UPI,City Center,New
2024-08-06 14:00:00,INV8021,Smartphone,Electronics,4,20149,80596,Online Gateway,Riverside,Returning
2024-12-15 08:00:00,INV8022,Jeans,Fashion,2,1845,3690,Cash,Riverside,New
2024-06-09 05:00:00,INV8023,Headphones,Electronics,4,1594,6376,Online Gateway,City Center,Returning
2024-04-17 09:00:00,INV8024,Washing Machine,Home Appliances,2,15179,30358,UPI,City Center,Returning
2024-01-04 19:00:00,INV8025,T-shirt,Fashion,2,956,1912,Online Gateway,City Center,New
2024-06-25 10:00:00,INV8026,Pen Set,Books,3,-43,-129,Cash,Riverside,Returning
2024-12-27 08:00:00,INV8027,Microwave,Home Appliances,4,6869,27476,Card,Riverside,New
2024-10-01 16:00:00,INV8028,Headphones,Electronics,3,1459,4377,Card,City Center,Returning
2024-12-04 16:00:00,INV8029,Notebook,Books,2,194,388,Cash,Riverside,Returning
2024-02-14 19:00:00,INV8030,Washing Machine,Home Appliances,3,15047,45141,Card,Riverside,Returning
2024-04-14 17:00:00,INV8031,Laptop,Electronics,3,59996,179988,Online Gateway,City Center,New
2024-12-06 08:00:00,INV8032,Notebook,Books,2,123,246,Cash,Riverside,New
2024-10-12 21:00:00,INV8033,Jeans,Fashion,3,1616,4848,Card,Riverside,New
2024-01-26 04:00:00,INV8034,Shoes,Fashion,3,2315,6945,Online Gateway,City Center,New
2024-05-04 03:00:00,INV8035,Headphones,Electronics,2,1694,3388,Cash,Riverside,Returning
2024-10-24 12:00:00,INV8036,Microwave,Home Appliances,4,7007,28028,UPI,Riverside,New
2024-10-21 09:00:00,INV8037,Jeans,Fashion,2,1976,3952,Card,Riverside,New
2024-07-23 20:00:00,INV8038,Notebook,Books,1,254,254,Online Gateway,Riverside,New
2024-10-10 08:00:00,INV8039,Jeans,Fashion,2,1959,3918,Card,Riverside,New
2024-01-25 21:00:00,INV8040,Microwave,Home Appliances,5,7140,35700,Cash,Riverside,New
2024-11-01 00:00:00,INV8041,Shoes,Fashion,5,2316,11580,UPI,Riverside,New
2024-12-28 17:00:00,INV8042,Headphones,Electronics,1,1414,1414,Online Gateway,Riverside,Returning
2024-08-22 06:00:00,INV8043,T-shirt,Fashion,3,770,2310,UPI,City Center,Returning
2024-03-19 05:00:00,INV8044,Smartphone,Electronics,3,19861,59583,Cash,Riverside,New
2024-03-11 19:00:00,INV8045,Pen Set,Books,3,190,570,UPI,Riverside,New
2024-08-28 20:00:00,INV8046,Jeans,Fashion,2,1918,3836,UPI,City Center,Returning
2024-01-30 20:00:00,INV8047,Mixer Grinder,Home Appliances,4,3436,13744,UPI,City Center,New
2024-06-19 06:00:00,INV8048,Shoes,Fashion,3,2644,7932,Online Gateway,City Center,Returning
2024-01-28 17:00:00,INV8049,Mixer Grinder,Home Appliances,4,3605,14420,Card,Riverside,New
2024-11-22 22:00:00,INV8050,Jeans,Fashion,4,1612,6448,Cash,Riverside,New
2024-10-02 11:00:00,INV8051,Jeans,Fashion,3,1632,4896,UPI,City Center,Returning
2024-02-14 23:00:00,INV8052,Novel,Books,4,655,2620,UPI,City Center,New
2024-12-16 19:00:00,INV8053,Microwave,Home Appliances,5,6928,34640,UPI,City Center,New
2024-12-13 12:00:00,INV8054,Headphones,Electronics,4,1401,5604,UPI,Riverside,Returning
2024-02-14 13:00:00,INV8055,Mixer Grinder,Home Appliances,1,3642,3642,Cash,Riverside,Returning
2024-08-07 07:00:00,INV8056,Pen Set,Books,2,-93,-186,Card,Riverside,Returning
2024-11-27 07:00:00,INV8057,Smartphone,Electronics,4,19941,79764,Online Gateway,City Center,Returning
2024-02-26 19:00:00,INV8058,Headphones,Electronics,4,1694,6776,UPI,City Center,New
2024-07-06 20:00:00,INV8059,Headphones,Electronics,2,1645,3290,UPI,Riverside,New
2024-03-14 03:00:00,INV8060,Pen Set,Books,5,-102,-510,Cash,City Center,Returning
2024-01-22 15:00:00,INV8061,Mixer Grinder,Home Appliances,1,3385,3385,Online Gateway,City Center,Returning
2024-08-15 15:00:00,INV8062,Laptop,Electronics,5,60107,300535,UPI,City Center,Returning
2024-10-28 09:00:00,INV8063,T-shirt,Fashion,5,941,4705,Cash,City Center,Returning
2024-02-15 22:00:00,INV8064,Mixer Grinder,Home Appliances,1,3549,3549,Card,City Center,New
2024-01-25 21:00:00,INV8065,Mixer Grinder,Home Appliances,1,3465,3465,Cash,Riverside,New
2024-05-16 09:00:00,INV8066,Mixer Grinder,Home Appliances,1,3437,3437,Cash,City Center,New
2024-08-28 21:00:00,INV8067,T-shirt,Fashion,1,774,774,Cash,City Center,New
2024-09-17 16:00:00,INV8068,Jeans,Fashion,4,1963,7852,Card,Riverside,Returning
2024-10-29 10:00:00,INV8069,Novel,Books,5,319,1595,Card,City Center,New
2024-09-30 02:00:00,INV8070,Smartphone,Electronics,1,20010,20010,Online Gateway,Riverside,Returning
2024-11-29 10:00:00,INV8071,Laptop,Electronics,2,60125,120250,Cash,City Center,Returning
2024-07-20 22:00:00,INV8072,Washing Machine,Home Appliances,4,15016,60064,UPI,City Center,New
2024-07-18 22:00:00,INV8073,Headphones,Electronics,3,1589,4767,Card,Riverside,New
2024-10-02 05:00:00,INV8074,Laptop,Electronics,4,59936,239744,UPI,Riverside,New
2024-05-04 10:00:00,INV8075,Headphones,Electronics,4,1302,5208,Card,City Center,New
2024-01-17 16:00:00,INV8076,Shoes,Fashion,1,2670,2670,UPI,Riverside,Returning
2024-04-28 23:00:00,INV8077,Washing Machine,Home Appliances,3,15053,45159,Cash,Riverside,Returning
2024-05-22 04:00:00,INV8078,Jeans,Fashion,4,1862,7448,Cash,City Center,New
2024-01-03 08:00:00,INV8079,T-shirt,Fashion,5,919,4595,UPI,City Center,Returning
2024-11-30 06:00:00,INV8080,Shoes,Fashion,5,2591,12955,Online Gateway,Riverside,New
2024-03-19 03:00:00,INV8081,Washing Machine,Home Appliances,3,14980,44940,Cash,Riverside,New
2024-07-08 07:00:00,INV8082,Pen Set,Books,5,15,75,Card,City Center,New
2024-06-28 02:00:00,INV8083,Shoes,Fashion,1,2541,2541,Card,Riverside,Returning
2024-06-06 00:00:00,INV8084,Washing Machine,Home Appliances,3,14848,44544,Card,Riverside,New
2024-08-27 16:00:00,INV8085,Shoes,Fashion,5,2486,12430,UPI,Riverside,Returning
2024-07-20 09:00:00,INV8086,Jeans,Fashion,5,1803,9015,Cash,City Center,Returning
2024-02-26 09:00:00,INV8087,Mixer Grinder,Home Appliances,2,3595,7190,Card,Riverside,New
2024-07-26 19:00:00,INV8088,Mixer Grinder,Home Appliances,2,3488,6976,UPI,Riverside,New
2024-10-01 21:00:00,INV8089,Notebook,Books,4,163,652,UPI,City Center,New
2024-06-28 15:00:00,INV8090,Laptop,Electronics,4,60113,240452,Online Gateway,Riverside,Returning
2024-05-02 06:00:00,INV8091,Novel,Books,2,391,782,UPI,Riverside,New
2024-01-01 22:00:00,INV8092,Microwave,Home Appliances,4,7152,28608,Card,City Center,New
2024-02-20 09:00:00,INV8093,Washing Machine,Home Appliances,5,14920,74600,Cash,City Center,Returning
2024-02-03 12:00:00,INV8094,Jeans,Fashion,2,1730,3460,Cash,City Center,Returning
2024-12-12 21:00:00,INV8095,Jeans,Fashion,4,1887,7548,Cash,City Center,New
2024-07-03 00:00:00,INV8096,Mixer Grinder,Home Appliances,1,3345,3345,Online Gateway,Riverside,New
2024-12-25 09:00:00,INV8097,Notebook,Books,1,115,115,Card,Riverside,Returning
2024-08-02 05:00:00,INV8098,Laptop,Electronics,2,60183,120366,Online Gateway,Riverside,Returning
2024-07-26 00:00:00,INV8099,Microwave,Home Appliances,2,7197,14394,UPI,City Center,Returning
2024-06-01 23:00:00,INV8100,Smartphone,Electronics,3,20156,60468,Card,City Center,New
2024-10-30 20:00:00,INV8101,Pen Set,Books,2,-55,-110,Card,City Center,Returning
2024-10-18 17:00:00,INV8102,Notebook,Books,4,139,556,Cash,Riverside,Returning
2024-03-28 10:00:00,INV8103,Notebook,Books,4,281,1124,UPI,Riverside,Returning
2024-12-17 20:00:00,INV8104,Notebook,Books,2,284,568,Cash,City Center,New
2024-07-29 21:00:00,INV8105,Notebook,Books,1,51,51,Cash,City Center,Returning
2024-05-16 00:00:00,INV8106,Shoes,Fashion,4,2585,10340,Card,Riverside,New
2024-08-14 11:00:00,INV8107,Smartphone,Electronics,5,20028,100140,Online Gateway,Riverside,Returning
2024-12-19 21:00:00,INV8108,Notebook,Books,2,-4,-8,UPI,City Center,New
2024-10-05 19:00:00,INV8109,Jeans,Fashion,2,1902,3804,Card,City Center,New
2024-04-25 03:00:00,INV8110,T-shirt,Fashion,2,784,1568,Online Gateway,Riverside,Returning
2024-06-15 21:00:00,INV8111,Headphones,Electronics,4,1533,6132,UPI,Riverside,Returning
2024-05-15 01:00:00,INV8112,Notebook,Books,3,-76,-228,Card,City Center,Returning
2024-05-07 09:00:00,INV8113,Headphones,Electronics,1,1351,1351,UPI,Riverside,Returning
2024-01-23 22:00:00,INV8114,Laptop,Electronics,2,60164,120328,Online Gateway,City Center,New
2024-08-20 06:00:00,INV8115,Novel,Books,4,664,2656,Online Gateway,Riverside,New
2024-08-13 11:00:00,INV8116,Laptop,Electronics,3,60036,180108,UPI,City Center,Returning
2024-03-07 03:00:00,INV8117,Notebook,Books,5,204,1020,UPI,Riverside,Returning
2024-09-03 16:00:00,INV8118,Laptop,Electronics,4,60095,240380,Card,City Center,Returning
2024-08-07 04:00:00,INV8119,Shoes,Fashion,2,2630,5260,Cash,City Center,Returning
2024-07-02 17:00:00,INV8120,T-shirt,Fashion,4,641,2564,Online Gateway,Riverside,Returning
2024-08-28 23:00:00,INV8121,Washing Machine,Home Appliances,4,15130,60520,Online Gateway,City Center,Returning
2024-01-30 16:00:00,INV8122,Shoes,Fashion,4,2682,10728,Cash,City Center,Returning
2024-08-13 06:00:00,INV8123,Novel,Books,3,699,2097,UPI,City Center,New
2024-11-28 22:00:00,INV8124,Smartphone,Electronics,5,19971,99855,Online Gateway,City Center,New
2024-11-05 04:00:00,INV8125,Notebook,Books,3,222,666,Cash,City Center,Returning
2024-10-12 03:00:00,INV8126,Microwave,Home Appliances,2,7053,14106,Online Gateway,Riverside,New
2024-04-11 09:00:00,INV8127,Washing Machine,Home Appliances,2,15058,30116,Online Gateway,Riverside,Returning
2024-05-17 13:00:00,INV8128,Novel,Books,5,552,2760,Online Gateway,City Center,Returning
2024-01-12 06:00:00,INV8129,Mixer Grinder,Home Appliances,2,3369,6738,Cash,City Center,New
2024-02-14 23:00:00,INV8130,Laptop,Electronics,1,59849,59849,UPI,City Center,Returning
2024-08-09 18:00:00,INV8131,Notebook,Books,4,205,820,Cash,Riverside,New
2024-08-07 01:00:00,INV8132,Jeans,Fashion,1,1764,1764,Online Gateway,Riverside,Returning
2024-11-28 14:00:00,INV8133,Smartphone,Electronics,3,20098,60294,Cash,Riverside,Returning
2024-09-15 22:00:00,INV8134,Smartphone,Electronics,1,20139,20139,Cash,City Center,Returning
2024-07-27 14:00:00,INV8135,Notebook,Books,3,163,489,Online Gateway,City Center,Returning
2024-06-15 01:00:00,INV8136,Headphones,Electronics,2,1547,3094,UPI,Riverside,Returning
2024-12-28 17:00:00,INV8137,Jeans,Fashion,2,1917,3834,UPI,City Center,New
2024-09-06 15:00:00,INV8138,Jeans,Fashion,1,1833,1833,Cash,Riverside,New
2024-09-16 11:00:00,INV8139,Pen Set,Books,3,-118,-354,Card,City Center,Returning
2024-11-22 09:00:00,INV8140,Shoes,Fashion,2,2467,4934,Card,Riverside,Returning
2024-04-30 06:00:00,INV8141,Jeans,Fashion,4,1948,7792,Online Gateway,Riverside,Returning
2024-04-20 13:00:00,INV8142,Shoes,Fashion,3,2669,8007,Card,Riverside,Returning
2024-07-21 16:00:00,INV8143,Mixer Grinder,Home Appliances,4,3465,13860,Cash,City Center,New
2024-04-14 18:00:00,INV8144,Laptop,Electronics,3,60162,180486,Online Gateway,City Center,Returning
2024-06-14 09:00:00,INV8145,Laptop,Electronics,4,60044,240176,Cash,City Center,New
2024-05-16 20:00:00,INV8146,Washing Machine,Home Appliances,1,15138,15138,Cash,Riverside,Returning
2024-11-18 12:00:00,INV8147,Washing Machine,Home Appliances,4,15162,60648,Online Gateway,Riverside,Returning
2024-07-09 06:00:00,INV8148,Microwave,Home Appliances,2,7183,14366,Cash,Riverside,New
2024-04-01 12:00:00,INV8149,Headphones,Electronics,3,1693,5079,Card,Riverside,Returning
2024-02-02 21:00:00,INV8150,Washing Machine,Home Appliances,5,15136,75680,Card,City Center,New
2024-05-24 19:00:00,INV8151,Headphones,Electronics,3,1687,5061,Card,Riverside,Returning
2024-02-24 13:00:00,INV8152,Pen Set,Books,2,35,70,UPI,Riverside,Returning
2024-02-06 00:00:00,INV8153,Microwave,Home Appliances,2,6963,13926,Cash,Riverside,New
2024-08-12 13:00:00,INV8154,Pen Set,Books,1,188,188,Online Gateway,City Center,New
2024-05-20 03:00:00,INV8155,Notebook,Books,5,52,260,Online Gateway,Riverside,Returning
2024-12-08 07:00:00,INV8156,Pen Set,Books,4,233,932,Cash,City Center,Returning
2024-05-05 03:00:00,INV8157,Smartphone,Electronics,3,20112,60336,Card,Riverside,New
2024-12-20 06:00:00,INV8158,Smartphone,Electronics,5,20002,100010,Card,Riverside,Returning
2024-02-21 07:00:00,INV8159,Washing Machine,Home Appliances,3,14930,44790,Card,City Center,Returning
2024-11-27 15:00:00,INV8160,Smartphone,Electronics,5,19972,99860,Online Gateway,Riverside,New
2024-04-22 23:00:00,INV8161,Laptop,Electronics,1,60133,60133,Online Gateway,City Center,Returning
2024-10-01 05:00:00,INV8162,Headphones,Electronics,1,1327,1327,UPI,City Center,Returning
2024-11-17 01:00:00,INV8163,T-shirt,Fashion,1,828,828,Online Gateway,City Center,Returning
2024-01-18 13:00:00,INV8164,Mixer Grinder,Home Appliances,1,3346,3346,Card,Riverside,New
2024-02-09 10:00:00,INV8165,Pen Set,Books,4,233,932,Card,Riverside,Returning
2024-03-17 10:00:00,INV8166,Headphones,Electronics,4,1621,6484,Card,Riverside,Returning
2024-03-06 04:00:00,INV8167,Microwave,Home Appliances,4,7040,28160,Cash,Riverside,Returning
2024-11-01 12:00:00,INV8168,T-shirt,Fashion,5,903,4515,Cash,Riverside,New
2024-07-25 00:00:00,INV8169,Headphones,Electronics,5,1609,8045,Online Gateway,City Center,Returning
2024-02-24 12:00:00,INV8170,T-shirt,Fashion,5,693,3465,Online Gateway,City Center,New
2024-05-04 10:00:00,INV8171,Notebook,Books,2,193,386,Card,City Center,New
2024-01-17 02:00:00,INV8172,Shoes,Fashion,2,2500,5000,Card,Riverside,Returning
2024-09-12 11:00:00,INV8173,Washing Machine,Home Appliances,1,14880,14880,Cash,City Center,Returning
2024-05-15 18:00:00,INV8174,Mixer Grinder,Home Appliances,5,3447,17235,Cash,Riverside,Returning
2024-09-12 01:00:00,INV8175,Microwave,Home Appliances,1,7154,7154,Card,City Center,Returning
2024-07-19 11:00:00,INV8176,Headphones,Electronics,3,1332,3996,UPI,Riverside,New
2024-09-30 22:00:00,INV8177,Microwave,Home Appliances,4,7141,28564,UPI,Riverside,New
2024-10-06 01:00:00,INV8178,Headphones,Electronics,2,1654,3308,UPI,Riverside,New
2024-06-12 21:00:00,INV8179,Pen Set,Books,5,15,75,Online Gateway,City Center,Returning
2024-02-29 23:00:00,INV8180,Shoes,Fashion,1,2641,2641,Card,City Center,New
2024-09-14 01:00:00,INV8181,Novel,Books,2,420,840,UPI,City Center,Returning
2024-07-05 16:00:00,INV8182,Mixer Grinder,Home Appliances,5,3554,17770,Cash,Riverside,New
2024-01-03 07:00:00,INV8183,Jeans,Fashion,5,1932,9660,Online Gateway,Riverside,Returning
2024-05-18 12:00:00,INV8184,Headphones,Electronics,4,1569,6276,UPI,Riverside,Returning
2024-10-09 09:00:00,INV8185,Washing Machine,Home Appliances,3,15146,45438,UPI,Riverside,New
2024-01-05 09:00:00,INV8186,Microwave,Home Appliances,2,7066,14132,Card,City Center,New
2024-05-13 09:00:00,INV8187,Smartphone,Electronics,5,19980,99900,Cash,City Center,Returning
2024-01-28 21:00:00,INV8188,Jeans,Fashion,4,1978,7912,UPI,Riverside,New
2024-02-10 06:00:00,INV8189,Pen Set,Books,3,127,381,Cash,City Center,Returning
2024-01-13 19:00:00,INV8190,Mixer Grinder,Home Appliances,1,3355,3355,Cash,Riverside,Returning
2024-03-30 02:00:00,INV8191,Novel,Books,4,433,1732,UPI,Riverside,Returning
2024-01-05 13:00:00,INV8192,Smartphone,Electronics,5,19908,99540,Online Gateway,Riverside,Returning
2024-05-31 08:00:00,INV8193,Shoes,Fashion,4,2624,10496,UPI,Riverside,Returning
2024-10-07 08:00:00,INV8194,Shoes,Fashion,2,2419,4838,UPI,Riverside,Returning
2024-08-24 20:00:00,INV8195,T-shirt,Fashion,5,809,4045,Card,City Center,Returning
2024-09-27 19:00:00,INV8196,Novel,Books,2,379,758,Online Gateway,City Center,New
2024-03-20 19:00:00,INV8197,Novel,Books,1,476,476,Cash,City Center,New
2024-01-24 04:00:00,INV8198,Microwave,Home Appliances,3,6905,20715,Online Gateway,City Center,Returning
2024-11-13 11:00:00,INV8199,Jeans,Fashion,1,1765,1765,Card,City Center,Returning
2024-01-05 08:00:00,INV8200,Laptop,Electronics,3,60124,180372,Cash,Riverside,Returning
2024-03-26 07:00:00,INV8201,Headphones,Electronics,4,1313,5252,Online Gateway,Riverside,New
2024-01-07 01:00:00,INV8202,Novel,Books,1,438,438,UPI,Riverside,Returning
2024-02-06 09:00:00,INV8203,Shoes,Fashion,4,2493,9972,Cash,Riverside,New
2024-01-13 10:00:00,INV8204,Novel,Books,5,347,1735,Online Gateway,Riverside,Returning
2024-05-14 22:00:00,INV8205,Pen Set,Books,2,49,98,Online Gateway,Riverside,New
2024-09-22 22:00:00,INV8206,Novel,Books,4,630,2520,UPI,Riverside,Returning
2024-04-14 15:00:00,INV8207,Mixer Grinder,Home Appliances,5,3649,18245,UPI,Riverside,Returning
2024-10-01 20:00:00,INV8208,Smartphone,Electronics,2,19857,39714,UPI,Riverside,Returning
2024-02-02 15:00:00,INV8209,Pen Set,Books,5,49,245,Cash,Riverside,New
2024-07-27 00:00:00,INV8210,Novel,Books,3,392,1176,UPI,Riverside,Returning
2024-01-16 10:00:00,INV8211,Microwave,Home Appliances,4,7047,28188,UPI,City Center,Returning
2024-01-21 06:00:00,INV8212,Notebook,Books,2,-60,-120,Card,City Center,Returning
2024-11-03 10:00:00,INV8213,Mixer Grinder,Home Appliances,4,3527,14108,UPI,Riverside,New
2024-05-13 04:00:00,INV8214,Novel,Books,1,580,580,Online Gateway,Riverside,Returning
2024-06-27 15:00:00,INV8215,Microwave,Home Appliances,5,7142,35710,Card,City Center,New
2024-04-04 05:00:00,INV8216,Novel,Books,1,627,627,Cash,City Center,Returning
2024-12-23 04:00:00,INV8217,Novel,Books,1,463,463,UPI,Riverside,New
2024-01-10 22:00:00,INV8218,Microwave,Home Appliances,2,6994,13988,UPI,Riverside,Returning
2024-10-12 03:00:00,INV8219,Laptop,Electronics,3,60173,180519,Cash,City Center,Returning
2024-02-16 01:00:00,INV8220,T-shirt,Fashion,2,748,1496,Online Gateway,City Center,Returning
2024-02-27 18:00:00,INV8221,Smartphone,Electronics,2,19896,39792,Card,City Center,New
2024-03-10 11:00:00,INV8222,Washing Machine,Home Appliances,3,14921,44763,Card,Riverside,New
2024-04-22 03:00:00,INV8223,Pen Set,Books,3,163,489,Online Gateway,Riverside,New
2024-11-19 04:00:00,INV8224,Novel,Books,4,380,1520,Card,City Center,Returning
2024-03-24 04:00:00,INV8225,Laptop,Electronics,5,60050,300250,Online Gateway,Riverside,Returning
2024-02-29 09:00:00,INV8226,Mixer Grinder,Home Appliances,5,3374,16870,Online Gateway,City Center,Returning
2024-11-30 07:00:00,INV8227,Washing Machine,Home Appliances,2,14824,29648,Online Gateway,Riverside,New
2024-10-12 09:00:00,INV8228,Novel,Books,5,671,3355,Card,Riverside,Returning
2024-05-15 07:00:00,INV8229,Washing Machine,Home Appliances,1,15091,15091,Online Gateway,Riverside,Returning
2024-04-18 00:00:00,INV8230,Jeans,Fashion,1,1986,1986,Cash,Riverside,Returning
2024-03-03 02:00:00,INV8231,Jeans,Fashion,1,1827,1827,Card,Riverside,New
2024-02-21 00:00:00,INV8232,Novel,Books,1,651,651,Cash,City Center,Returning
2024-04-17 19:00:00,INV8233,Novel,Books,2,663,1326,Card,City Center,Returning
2024-11-17 10:00:00,INV8234,Jeans,Fashion,2,1829,3658,Card,Riverside,Returning
2024-05-07 16:00:00,INV8235,Washing Machine,Home Appliances,2,14808,29616,UPI,Riverside,New
2024-11-21 04:00:00,INV8236,Pen Set,Books,3,67,201,Online Gateway,City Center,New
2024-02-04 16:00:00,INV8237,Microwave,Home Appliances,4,6963,27852,Card,Riverside,New
2024-04-11 16:00:00,INV8238,T-shirt,Fashion,3,883,2649,Cash,Riverside,New
2024-07-18 19:00:00,INV8239,Mixer Grinder,Home Appliances,5,3455,17275,Cash,Riverside,Returning
2024-03-09 14:00:00,INV8240,Pen Set,Books,3,241,723,Card,City Center,Returning
2024-01-19 08:00:00,INV8241,Shoes,Fashion,4,2473,9892,Online Gateway,City Center,Returning
2024-09-05 04:00:00,INV8242,Mixer Grinder,Home Appliances,2,3617,7234,UPI,City Center,Returning
2024-04-08 15:00:00,INV8243,Pen Set,Books,1,28,28,Cash,City Center,New
2024-10-06 00:00:00,INV8244,Washing Machine,Home Appliances,5,15012,75060,Online Gateway,City Center,New
2024-08-04 06:00:00,INV8245,Headphones,Electronics,5,1354,6770,UPI,Riverside,New
2024-07-13 07:00:00,INV8246,Mixer Grinder,Home Appliances,4,3700,14800,Cash,City Center,Returning
2024-10-21 06:00:00,INV8247,Mixer Grinder,Home Appliances,3,3414,10242,Online Gateway,City Center,New
2024-06-29 11:00:00,INV8248,T-shirt,Fashion,5,687,3435,UPI,City Center,New
2024-05-06 10:00:00,INV8249,Microwave,Home Appliances,1,7045,7045,Card,City Center,Returning
2024-05-15 22:00:00,INV8250,Pen Set,Books,2,139,278,Cash,Riverside,New
2024-03-28 19:00:00,INV8251,Laptop,Electronics,4,60086,240344,UPI,City Center,Returning
2024-10-20 04:00:00,INV8252,Mixer Grinder,Home Appliances,1,3516,3516,Online Gateway,City Center,New
2024-06-29 00:00:00,INV8253,Mixer Grinder,Home Appliances,4,3517,14068,UPI,Riverside,New
2024-09-04 10:00:00,INV8254,Washing Machine,Home Appliances,4,15046,60184,UPI,Riverside,Returning
2024-04-24 11:00:00,INV8255,Microwave,Home Appliances,2,7176,14352,UPI,Riverside,New
2024-07-13 21:00:00,INV8256,Laptop,Electronics,3,60181,180543,Online Gateway,Riverside,New
2024-11-28 04:00:00,INV8257,Jeans,Fashion,1,1750,1750,Cash,City Center,Returning
2024-06-26 16:00:00,INV8258,Pen Set,Books,5,183,915,Cash,City Center,Returning
2024-05-10 13:00:00,INV8259,Jeans,Fashion,5,1829,9145,Card,City Center,Returning
2024-03-02 01:00:00,INV8260,Microwave,Home Appliances,5,6949,34745,UPI,Riverside,New
2024-06-20 05:00:00,INV8261,Laptop,Electronics,5,59810,299050,Card,Riverside,New
2024-04-02 03:00:00,INV8262,Laptop,Electronics,3,59843,179529,UPI,City Center,Returning
2024-08-18 19:00:00,INV8263,Pen Set,Books,3,146,438,Card,City Center,Returning
2024-03-11 09:00:00,INV8264,Washing Machine,Home Appliances,1,15067,15067,Cash,Riverside,New
2024-11-17 23:00:00,INV8265,Smartphone,Electronics,3,20125,60375,UPI,Riverside,Returning
2024-11-19 12:00:00,INV8266,Smartphone,Electronics,2,20131,40262,UPI,City Center,Returning
2024-07-08 05:00:00,INV8267,Microwave,Home Appliances,3,6823,20469,Cash,City Center,Returning
2024-05-27 13:00:00,INV8268,Jeans,Fashion,5,1754,8770,Cash,City Center,New
2024-02-04 02:00:00,INV8269,Notebook,Books,4,-89,-356,Online Gateway,City Center,Returning
2024-07-07 09:00:00,INV8270,T-shirt,Fashion,5,757,3785,Card,Riverside,Returning
2024-02-16 20:00:00,INV8271,Notebook,Books,3,278,834,Cash,City Center,Returning
2024-08-23 20:00:00,INV8272,Shoes,Fashion,5,2411,12055,Online Gateway,Riverside,Returning
2024-08-23 01:00:00,INV8273,Headphones,Electronics,2,1455,2910,UPI,Riverside,New
2024-02-17 01:00:00,INV8274,Microwave,Home Appliances,1,7068,7068,Card,City Center,Returning
2024-03-11 22:00:00,INV8275,Smartphone,Electronics,3,20129,60387,Card,Riverside,Returning
2024-03-24 09:00:00,INV8276,Notebook,Books,5,222,1110,Online Gateway,Riverside,New
2024-10-15 00:00:00,INV8277,Notebook,Books,5,-82,-410,Cash,City Center,Returning
2024-06-10 14:00:00,INV8278,Jeans,Fashion,2,1902,3804,Cash,Riverside,Returning
2024-10-28 08:00:00,INV8279,Microwave,Home Appliances,2,6961,13922,Cash,Riverside,New
2024-09-20 19:00:00,INV8280,Notebook,Books,5,92,460,Cash,Riverside,New
2024-09-08 11:00:00,INV8281,Novel,Books,5,557,2785,Online Gateway,City Center,New
2024-09-28 19:00:00,INV8282,Microwave,Home Appliances,1,7102,7102,Cash,Riverside,Returning
2024-12-03 23:00:00,INV8283,Mixer Grinder,Home Appliances,5,3352,16760,Card,City Center,New
2024-12-30 00:00:00,INV8284,Notebook,Books,5,50,250,Online Gateway,City Center,New
2024-04-10 01:00:00,INV8285,Mixer Grinder,Home Appliances,1,3486,3486,Cash,City Center,Returning
2024-01-23 11:00:00,INV8286,T-shirt,Fashion,3,733,2199,Online Gateway,Riverside,New
2024-08-21 23:00:00,INV8287,Jeans,Fashion,4,1718,6872,Cash,City Center,Returning
2024-05-03 04:00:00,INV8288,Shoes,Fashion,4,2355,9420,Card,Riverside,Returning
2024-12-02 13:00:00,INV8289,Novel,Books,5,531,2655,Online Gateway,City Center,New
2024-06-04 02:00:00,INV8290,Novel,Books,3,555,1665,UPI,Riverside,Returning
2024-07-30 23:00:00,INV8291,Jeans,Fashion,1,1884,1884,Cash,Riverside,New
2024-09-26 04:00:00,INV8292,Microwave,Home Appliances,2,7133,14266,Card,City Center,Returning
2024-03-31 10:00:00,INV8293,Microwave,Home Appliances,1,7017,7017,Cash,Riverside,New
2024-05-21 07:00:00,INV8294,Washing Machine,Home Appliances,1,14935,14935,UPI,Riverside,New
2024-10-16 06:00:00,INV8295,Washing Machine,Home Appliances,3,14818,44454,UPI,Riverside,New
2024-03-08 08:00:00,INV8296,Jeans,Fashion,2,1820,3640,UPI,Riverside,Returning
2024-09-26 02:00:00,INV8297,Notebook,Books,5,278,1390,Card,Riverside,Returning
2024-04-24 20:00:00,INV8298,Pen Set,Books,3,-19,-57,Cash,City Center,New
2024-10-12 13:00:00,INV8299,Pen Set,Books,4,135,540,Cash,Riverside,Returning
2024-11-17 05:00:00,INV8300,Washing Machine,Home Appliances,2,14810,29620,Card,City Center,Returning
2024-03-21 16:00:00,INV8301,Shoes,Fashion,5,2500,12500,UPI,City Center,Returning
2024-05-08 19:00:00,INV8302,Headphones,Electronics,4,1643,6572,Online Gateway,City Center,Returning
2024-02-10 08:00:00,INV8303,T-shirt,Fashion,1,759,759,Online Gateway,Riverside,Returning
2024-10-31 01:00:00,INV8304,Laptop,Electronics,2,60022,120044,Cash,City Center,Returning
2024-05-13 11:00:00,INV8305,Shoes,Fashion,3,2379,7137,UPI,Riverside,Returning
2024-09-27 19:00:00,INV8306,Washing Machine,Home Appliances,1,15085,15085,Card,City Center,Returning
2024-08-03 13:00:00,INV8307,Pen Set,Books,2,-105,-210,Card,Riverside,New
2024-02-07 01:00:00,INV8308,Pen Set,Books,3,26,78,Cash,City Center,Returning
2024-11-03 14:00:00,INV8309,T-shirt,Fashion,2,921,1842,UPI,City Center,Returning
2024-05-27 03:00:00,INV8310,Jeans,Fashion,1,1788,1788,Online Gateway,City Center,Returning
2024-02-03 09:00:00,INV8311,Notebook,Books,5,-12,-60,Cash,Riverside,New
2024-12-09 02:00:00,INV8312,Microwave,Home Appliances,1,6877,6877,Online Gateway,City Center,New
2024-05-19 13:00:00,INV8313,T-shirt,Fashion,1,954,954,Card,City Center,Returning
2024-11-29 13:00:00,INV8314,Mixer Grinder,Home Appliances,1,3675,3675,Card,City Center,Returning
2024-05-13 09:00:00,INV8315,Microwave,Home Appliances,2,7031,14062,Card,City Center,New
2024-01-15 13:00:00,INV8316,Washing Machine,Home Appliances,2,15029,30058,Online Gateway,Riverside,Returning
2024-01-25 07:00:00,INV8317,T-shirt,Fashion,4,914,3656,UPI,City Center,Returning
2024-05-20 17:00:00,INV8318,Washing Machine,Home Appliances,5,15028,75140,Online Gateway,Riverside,New
2024-09-08 04:00:00,INV8319,Novel,Books,3,437,1311,Card,City Center,New
2024-11-16 14:00:00,INV8320,Washing Machine,Home Appliances,4,14977,59908,Online Gateway,City Center,Returning
2024-09-15 04:00:00,INV8321,Washing Machine,Home Appliances,5,14933,74665,Cash,Riverside,New
2024-10-22 03:00:00,INV8322,Washing Machine,Home Appliances,4,15024,60096,Card,City Center,New
2024-05-21 17:00:00,INV8323,Shoes,Fashion,1,2503,2503,Cash,City Center,New
2024-05-12 17:00:00,INV8324,Microwave,Home Appliances,4,7105,28420,Cash,Riverside,New
2024-08-08 05:00:00,INV8325,T-shirt,Fashion,1,706,706,Card,City Center,New
2024-10-09 04:00:00,INV8326,Smartphone,Electronics,3,20140,60420,Cash,City Center,New
2024-12-19 18:00:00,INV8327,Washing Machine,Home Appliances,4,14943,59772,Cash,City Center,New
2024-05-19 11:00:00,INV8328,Washing Machine,Home Appliances,2,15075,30150,Cash,City Center,New
2024-02-02 20:00:00,INV8329,Mixer Grinder,Home Appliances,5,3654,18270,UPI,City Center,New
2024-07-25 01:00:00,INV8330,Smartphone,Electronics,3,19941,59823,Card,Riverside,New
2024-04-30 09:00:00,INV8331,Jeans,Fashion,4,1725,6900,UPI,City Center,Returning
2024-08-07 17:00:00,INV8332,Novel,Books,1,311,311,Online Gateway,Riverside,New
2024-05-16 08:00:00,INV8333,Mixer Grinder,Home Appliances,4,3393,13572,Card,Riverside,Returning
2024-08-06 02:00:00,INV8334,Laptop,Electronics,3,60003,180009,Cash,City Center,Returning
2024-10-14 14:00:00,INV8335,Notebook,Books,2,-27,-54,UPI,Riverside,New
2024-11-13 04:00:00,INV8336,Headphones,Electronics,3,1353,4059,Card,Riverside,New
2024-04-13 20:00:00,INV8337,Shoes,Fashion,3,2322,6966,Online Gateway,City Center,New
2024-10-08 01:00:00,INV8338,Laptop,Electronics,5,59948,299740,Cash,City Center,Returning
2024-06-25 16:00:00,INV8339,Microwave,Home Appliances,5,7097,35485,Online Gateway,City Center,Returning
2024-04-06 18:00:00,INV8340,Headphones,Electronics,5,1568,7840,Cash,City Center,Returning
2024-08-08 18:00:00,INV8341,Notebook,Books,3,-6,-18,Online Gateway,Riverside,Returning
2024-03-18 13:00:00,INV8342,Jeans,Fashion,1,1873,1873,Card,Riverside,New
2024-10-02 20:00:00,INV8343,Washing Machine,Home Appliances,5,15144,75720,Card,City Center,Returning
2024-06-17 15:00:00,INV8344,Laptop,Electronics,4,59915,239660,Online Gateway,City Center,New
2024-11-11 21:00:00,INV8345,Mixer Grinder,Home Appliances,4,3342,13368,UPI,City Center,New
2024-11-01 00:00:00,INV8346,Shoes,Fashion,5,2305,11525,Card,City Center,New
2024-02-15 18:00:00,INV8347,Jeans,Fashion,4,1690,6760,Online Gateway,City Center,Returning
2024-08-06 15:00:00,INV8348,Laptop,Electronics,2,60133,120266,UPI,Riverside,Returning
2024-03-13 06:00:00,INV8349,Mixer Grinder,Home Appliances,3,3634,10902,Online Gateway,City Center,New
2024-07-13 07:00:00,INV8350,Shoes,Fashion,2,2536,5072,Card,City Center,Returning
2024-09-03 05:00:00,INV8351,Headphones,Electronics,2,1605,3210,Card,City Center,New
2024-05-22 08:00:00,INV8352,Novel,Books,4,643,2572,Card,Riverside,Returning
2024-09-19 14:00:00,INV8353,Laptop,Electronics,1,59951,59951,Card,Riverside,Returning
2024-11-12 09:00:00,INV8354,Jeans,Fashion,3,1720,5160,Cash,Riverside,Returning
2024-01-29 08:00:00,INV8355,Jeans,Fashion,5,1737,8685,Online Gateway,City Center,New
2024-12-06 03:00:00,INV8356,Microwave,Home Appliances,5,6888,34440,UPI,Riverside,New
2024-03-27 06:00:00,INV8357,Washing Machine,Home Appliances,4,15106,60424,Card,Riverside,Returning
2024-10-04 20:00:00,INV8358,Jeans,Fashion,3,1931,5793,Cash,Riverside,Returning
2024-11-29 09:00:00,INV8359,Mixer Grinder,Home Appliances,2,3576,7152,Online Gateway,Riverside,New
2024-04-01 07:00:00,INV8360,Laptop,Electronics,4,60182,240728,Online Gateway,City Center,New
2024-11-12 02:00:00,INV8361,Pen Set,Books,2,-91,-182,Online Gateway,City Center,New
2024-04-28 14:00:00,INV8362,Notebook,Books,1,16,16,UPI,City Center,Returning
2024-04-12 15:00:00,INV8363,Shoes,Fashion,2,2421,4842,Cash,Riverside,Returning
2024-10-11 21:00:00,INV8364,Novel,Books,4,435,1740,Cash,City Center,New
2024-07-24 02:00:00,INV8365,Smartphone,Electronics,3,20007,60021,Cash,City Center,New
2024-07-02 00:00:00,INV8366,Shoes,Fashion,3,2395,7185,Cash,Riverside,New
2024-05-12 15:00:00,INV8367,Headphones,Electronics,4,1327,5308,Card,City Center,Returning
2024-05-11 23:00:00,INV8368,Pen Set,Books,3,-84,-252,Online Gateway,Riverside,New
2024-05-04 21:00:00,INV8369,Shoes,Fashion,1,2494,2494,Cash,Riverside,New
2024-09-28 17:00:00,INV8370,Mixer Grinder,Home Appliances,2,3397,6794,Cash,City Center,New
2024-05-14 11:00:00,INV8371,Microwave,Home Appliances,1,7153,7153,Online Gateway,City Center,Returning
2024-09-30 12:00:00,INV8372,Jeans,Fashion,4,1978,7912,UPI,City Center,Returning
2024-03-25 08:00:00,INV8373,Smartphone,Electronics,5,20140,100700,UPI,City Center,New
2024-01-14 17:00:00,INV8374,Novel,Books,1,302,302,UPI,Riverside,Returning
2024-04-13 14:00:00,INV8375,Shoes,Fashion,3,2380,7140,Online Gateway,City Center,Returning
2024-02-18 03:00:00,INV8376,Novel,Books,3,344,1032,Online Gateway,Riverside,New
2024-07-05 13:00:00,INV8377,Jeans,Fashion,2,1735,3470,Cash,City Center,New
2024-04-01 01:00:00,INV8378,Headphones,Electronics,2,1569,3138,Online Gateway,Riverside,New
2024-10-22 06:00:00,INV8379,Laptop,Electronics,4,60012,240048,UPI,Riverside,New
2024-04-06 13:00:00,INV8380,Headphones,Electronics,3,1597,4791,Card,City Center,Returning
2024-05-30 21:00:00,INV8381,Microwave,Home Appliances,4,7027,28108,UPI,City Center,Returning
2024-07-06 03:00:00,INV8382,Novel,Books,1,488,488,Online Gateway,City Center,Returning
2024-04-14 15:00:00,INV8383,Jeans,Fashion,2,1677,3354,Card,Riverside,Returning
2024-11-22 18:00:00,INV8384,Pen Set,Books,3,-67,-201,Online Gateway,City Center,Returning
2024-12-26 01:00:00,INV8385,Mixer Grinder,Home Appliances,4,3567,14268,Cash,Riverside,New
2024-11-23 00:00:00,INV8386,Smartphone,Electronics,4,19854,79416,UPI,City Center,New
2024-08-13 04:00:00,INV8387,Smartphone,Electronics,3,19883,59649,UPI,City Center,New
2024-08-12 17:00:00,INV8388,T-shirt,Fashion,5,759,3795,UPI,Riverside,Returning
2024-02-23 21:00:00,INV8389,Microwave,Home Appliances,2,6838,13676,Card,Riverside,New
2024-04-12 17:00:00,INV8390,Pen Set,Books,4,215,860,UPI,City Center,New
2024-05-12 07:00:00,INV8391,Notebook,Books,4,105,420,UPI,Riverside,Returning
2024-11-23 01:00:00,INV8392,Notebook,Books,1,177,177,UPI,Riverside,New
2024-12-17 20:00:00,INV8393,Shoes,Fashion,3,2303,6909,Cash,City Center,Returning
2024-12-08 02:00:00,INV8394,Washing Machine,Home Appliances,1,15036,15036,Cash,Riverside,New
2024-04-24 23:00:00,INV8395,Shoes,Fashion,1,2358,2358,Cash,City Center,Returning
2024-08-06 23:00:00,INV8396,Shoes,Fashion,5,2413,12065,Cash,City Center,Returning
2024-12-16 14:00:00,INV8397,Headphones,Electronics,1,1425,1425,UPI,Riverside,Returning
2024-01-01 02:00:00,INV8398,Jeans,Fashion,4,1732,6928,Cash,City Center,New
2024-12-04 18:00:00,INV8399,Novel,Books,1,640,640,UPI,Riverside,New
2024-02-22 11:00:00,INV8400,Washing Machine,Home Appliances,1,15163,15163,Online Gateway,City Center,Returning
2024-12-07 06:00:00,INV8401,Smartphone,Electronics,1,20015,20015,UPI,City Center,Returning
2024-06-29 03:00:00,INV8402,Pen Set,Books,2,5,10,Cash,City Center,Returning
2024-08-28 13:00:00,INV8403,Microwave,Home Appliances,3,6949,20847,Online Gateway,Riverside,New
2024-04-17 00:00:00,INV8404,T-shirt,Fashion,5,674,3370,Card,City Center,New
2024-03-19 13:00:00,INV8405,Notebook,Books,4,50,200,Card,City Center,New
2024-10-21 04:00:00,INV8406,Washing Machine,Home Appliances,5,14933,74665,Online Gateway,City Center,New
2024-11-22 20:00:00,INV8407,Mixer Grinder,Home Appliances,5,3478,17390,Cash,Riverside,New
2024-09-11 15:00:00,INV8408,Shoes,Fashion,3,2652,7956,Online Gateway,Riverside,Returning
2024-04-07 10:00:00,INV8409,Headphones,Electronics,1,1685,1685,Online Gateway,Riverside,Returning
2024-06-05 14:00:00,INV8410,T-shirt,Fashion,3,696,2088,Card,City Center,Returning
2024-07-19 10:00:00,INV8411,T-shirt,Fashion,5,761,3805,Cash,Riverside,New
2024-10-09 23:00:00,INV8412,Jeans,Fashion,3,1652,4956,Cash,City Center,Returning
2024-10-25 19:00:00,INV8413,Notebook,Books,1,14,14,UPI,Riverside,New
2024-04-23 19:00:00,INV8414,Notebook,Books,1,287,287,Cash,Riverside,New
2024-02-06 05:00:00,INV8415,Notebook,Books,4,174,696,Online Gateway,Riverside,Returning
2024-08-03 06:00:00,INV8416,Pen Set,Books,4,-123,-492,Cash,City Center,New
2024-01-04 21:00:00,INV8417,T-shirt,Fashion,1,956,956,UPI,Riverside,Returning
2024-05-04 11:00:00,INV8418,Microwave,Home Appliances,3,7055,21165,Card,City Center,Returning
2024-12-25 11:00:00,INV8419,Pen Set,Books,2,40,80,Online Gateway,City Center,Returning
2024-07-25 03:00:00,INV8420,Novel,Books,4,317,1268,Cash,Riverside,Returning
2024-10-04 03:00:00,INV8421,Headphones,Electronics,3,1423,4269,Cash,Riverside,Returning
2024-10-17 19:00:00,INV8422,Laptop,Electronics,3,59802,179406,Card,Riverside,New
2024-10-10 02:00:00,INV8423,Smartphone,Electronics,1,20065,20065,UPI,Riverside,Returning
2024-09-28 20:00:00,INV8424,T-shirt,Fashion,1,977,977,UPI,City Center,New
2024-05-11 00:00:00,INV8425,Jeans,Fashion,3,1616,4848,UPI,Riverside,New
2024-05-29 11:00:00,INV8426,Mixer Grinder,Home Appliances,1,3571,3571,UPI,Riverside,New
2024-01-04 04:00:00,INV8427,Washing Machine,Home Appliances,4,15058,60232,Cash,Riverside,New
2024-09-30 01:00:00,INV8428,Pen Set,Books,5,160,800,Card,Riverside,New
2024-12-11 17:00:00,INV8429,Washing Machine,Home Appliances,1,14846,14846,UPI,Riverside,New
2024-10-05 22:00:00,INV8430,Pen Set,Books,4,-60,-240,Online Gateway,City Center,New
2024-04-29 17:00:00,INV8431,Washing Machine,Home Appliances,5,14903,74515,Cash,City Center,New
2024-05-19 10:00:00,INV8432,Notebook,Books,1,135,135,UPI,City Center,New
2024-10-19 16:00:00,INV8433,Headphones,Electronics,2,1423,2846,Cash,City Center,Returning
2024-05-11 04:00:00,INV8434,Washing Machine,Home Appliances,4,15055,60220,Card,Riverside,New
2024-01-11 04:00:00,INV8435,Pen Set,Books,2,115,230,UPI,Riverside,New
2024-04-19 09:00:00,INV8436,Washing Machine,Home Appliances,2,15152,30304,Online Gateway,City Center,Returning
2024-06-09 09:00:00,INV8437,Smartphone,Electronics,2,19942,39884,Card,Riverside,Returning
2024-11-18 09:00:00,INV8438,Shoes,Fashion,2,2403,4806,UPI,Riverside,New
2024-12-13 05:00:00,INV8439,Pen Set,Books,4,-20,-80,Card,City Center,Returning
2024-02-07 04:00:00,INV8440,Pen Set,Books,2,-144,-288,UPI,City Center,New
2024-08-16 15:00:00,INV8441,Microwave,Home Appliances,5,6922,34610,Online Gateway,Riverside,New
2024-10-29 03:00:00,INV8442,Jeans,Fashion,5,1833,9165,Cash,Riverside,New
2024-10-31 14:00:00,INV8443,Jeans,Fashion,1,1939,1939,UPI,City Center,Returning
2024-04-09 23:00:00,INV8444,Shoes,Fashion,1,2692,2692,UPI,Riverside,Returning
2024-07-12 08:00:00,INV8445,Microwave,Home Appliances,5,7161,35805,Card,Riverside,Returning
2024-05-03 08:00:00,INV8446,Notebook,Books,2,150,300,Card,Riverside,Returning
2024-11-01 05:00:00,INV8447,Microwave,Home Appliances,2,6913,13826,Cash,Riverside,New
2024-03-02 05:00:00,INV8448,Headphones,Electronics,5,1376,6880,Cash,City Center,Returning
2024-05-20 14:00:00,INV8449,Smartphone,Electronics,1,20137,20137,Cash,City Center,New
2024-12-09 02:00:00,INV8450,Laptop,Electronics,1,59815,59815,Online Gateway,Riverside,New
2024-11-26 03:00:00,INV8451,Jeans,Fashion,1,1691,1691,UPI,Riverside,Returning
2024-08-01 10:00:00,INV8452,Mixer Grinder,Home Appliances,3,3664,10992,Cash,City Center,New
2024-08-12 11:00:00,INV8453,Headphones,Electronics,2,1392,2784,Card,City Center,New
2024-11-13 23:00:00,INV8454,Mixer Grinder,Home Appliances,4,3427,13708,UPI,Riverside,New
2024-10-28 02:00:00,INV8455,Pen Set,Books,5,5,25,Card,City Center,New
2024-07-31 20:00:00,INV8456,Microwave,Home Appliances,1,7069,7069,UPI,Riverside,New
2024-04-02 16:00:00,INV8457,Microwave,Home Appliances,5,6886,34430,Cash,City Center,New
2024-03-28 22:00:00,INV8458,Washing Machine,Home Appliances,5,14895,74475,Card,Riverside,New
2024-02-09 21:00:00,INV8459,Mixer Grinder,Home Appliances,1,3616,3616,Card,Riverside,New
2024-10-24 18:00:00,INV8460,Jeans,Fashion,1,1919,1919,Card,City Center,Returning
2024-01-24 08:00:00,INV8461,Mixer Grinder,Home Appliances,3,3438,10314,Card,City Center,New
2024-11-04 21:00:00,INV8462,Microwave,Home Appliances,3,7132,21396,Online Gateway,City Center,New
2024-02-24 16:00:00,INV8463,Smartphone,Electronics,2,19906,39812,Online Gateway,City Center,Returning
2024-03-16 21:00:00,INV8464,Novel,Books,3,502,1506,Card,Riverside,Returning
2024-08-23 06:00:00,INV8465,Jeans,Fashion,3,1615,4845,Online Gateway,Riverside,New
2024-07-25 01:00:00,INV8466,Laptop,Electronics,3,59919,179757,UPI,Riverside,New
2024-08-11 22:00:00,INV8467,Shoes,Fashion,3,2582,7746,Cash,City Center,New
2024-04-20 11:00:00,INV8468,Notebook,Books,5,-9,-45,Card,Riverside,New
2024-07-14 21:00:00,INV8469,Headphones,Electronics,5,1443,7215,Online Gateway,Riverside,New
2024-04-29 21:00:00,INV8470,Jeans,Fashion,5,1848,9240,UPI,City Center,Returning
2024-08-20 14:00:00,INV8471,Smartphone,Electronics,3,20018,60054,UPI,City Center,Returning
2024-08-12 14:00:00,INV8472,Shoes,Fashion,2,2680,5360,Cash,Riverside,New
2024-06-19 03:00:00,INV8473,Washing Machine,Home Appliances,4,15013,60052,Online Gateway,City Center,Returning
2024-02-01 01:00:00,INV8474,Shoes,Fashion,2,2346,4692,Cash,City Center,Returning
2024-12-30 13:00:00,INV8475,Pen Set,Books,1,-97,-97,UPI,Riverside,New
2024-02-09 05:00:00,INV8476,Laptop,Electronics,5,59925,299625,Online Gateway,City Center,New
2024-06-16 15:00:00,INV8477,Shoes,Fashion,3,2650,7950,Cash,City Center,Returning
2024-04-05 16:00:00,INV8478,Microwave,Home Appliances,5,6839,34195,Online Gateway,City Center,New
2024-02-09 03:00:00,INV8479,Microwave,Home Appliances,5,7123,35615,Card,City Center,Returning
2024-03-08 02:00:00,INV8480,Smartphone,Electronics,5,20097,100485,Card,City Center,New
2024-09-19 12:00:00,INV8481,T-shirt,Fashion,3,864,2592,Card,City Center,Returning
2024-03-12 21:00:00,INV8482,Headphones,Electronics,1,1500,1500,Card,Riverside,Returning
2024-10-26 11:00:00,INV8483,Pen Set,Books,3,-85,-255,UPI,Riverside,Returning
2024-01-02 08:00:00,INV8484,Microwave,Home Appliances,2,6875,13750,UPI,Riverside,New
2024-09-06 09:00:00,INV8485,Washing Machine,Home Appliances,3,14868,44604,Cash,Riverside,New
2024-05-22 06:00:00,INV8486,Washing Machine,Home Appliances,4,15119,60476,Cash,City Center,New
2024-02-18 04:00:00,INV8487,Microwave,Home Appliances,2,7182,14364,Cash,Riverside,Returning
2024-05-10 06:00:00,INV8488,Mixer Grinder,Home Appliances,5,3311,16555,Card,Riverside,Returning
2024-12-09 20:00:00,INV8489,Laptop,Electronics,5,59850,299250,Online Gateway,Riverside,Returning
2024-03-05 07:00:00,INV8490,Jeans,Fashion,4,1767,7068,Online Gateway,City Center,Returning
2024-01-12 07:00:00,INV8491,T-shirt,Fashion,3,694,2082,Cash,Riverside,Returning
2024-08-08 15:00:00,INV8492,Laptop,Electronics,3,59843,179529,UPI,Riverside,Returning
2024-06-18 20:00:00,INV8493,Microwave,Home Appliances,3,6804,20412,Card,City Center,New
2024-09-02 22:00:00,INV8494,Pen Set,Books,4,180,720,Online Gateway,Riverside,New
2024-04-22 21:00:00,INV8495,Laptop,Electronics,1,59836,59836,Card,Riverside,New
2024-08-05 13:00:00,INV8496,T-shirt,Fashion,1,778,778,Cash,Riverside,Returning
2024-12-21 09:00:00,INV8497,Laptop,Electronics,5,59836,299180,UPI,Riverside,Returning
2024-10-07 02:00:00,INV8498,Jeans,Fashion,3,1865,5595,UPI,City Center,New
2024-12-07 17:00:00,INV8499,Laptop,Electronics,1,59950,59950,Cash,City Center,Returning
2024-06-21 16:00:00,INV8500,Pen Set,Books,4,-20,-80,UPI,Riverside,Returning
2024-08-21 14:00:00,INV8501,Washing Machine,Home Appliances,5,14908,74540,UPI,Riverside,Returning
2024-10-08 22:00:00,INV8502,Headphones,Electronics,3,1508,4524,Cash,Riverside,New
2024-01-31 10:00:00,INV8503,T-shirt,Fashion,4,817,3268,Card,Riverside,Returning
2024-07-22 18:00:00,INV8504,Washing Machine,Home Appliances,1,14842,14842,Card,City Center,Returning
2024-03-09 16:00:00,INV8505,Novel,Books,3,678,2034,Cash,City Center,New
2024-06-25 04:00:00,INV8506,Headphones,Electronics,1,1496,1496,UPI,City Center,Returning
2024-03-29 18:00:00,INV8507,Laptop,Electronics,5,60145,300725,Cash,Riverside,Returning
2024-06-30 22:00:00,INV8508,Novel,Books,1,457,457,Card,City Center,Returning
2024-03-03 18:00:00,INV8509,Laptop,Electronics,4,59836,239344,Online Gateway,Riverside,New
2024-03-30 22:00:00,INV8510,Notebook,Books,4,250,1000,UPI,Riverside,Returning
2024-05-01 12:00:00,INV8511,Pen Set,Books,4,-54,-216,Cash,City Center,New
2024-05-14 13:00:00,INV8512,Headphones,Electronics,2,1362,2724,Online Gateway,Riverside,Returning
2024-09-18 01:00:00,INV8513,Laptop,Electronics,2,59985,119970,UPI,Riverside,New
2024-06-21 08:00:00,INV8514,Washing Machine,Home Appliances,5,14930,74650,UPI,Riverside,Returning
2024-04-22 01:00:00,INV8515,Novel,Books,4,444,1776,UPI,City Center,Returning
2024-10-26 14:00:00,INV8516,Notebook,Books,3,-57,-171,Card,City Center,New
2024-04-27 02:00:00,INV8517,Smartphone,Electronics,2,20027,40054,Card,Riverside,Returning
2024-09-13 08:00:00,INV8518,Microwave,Home Appliances,5,7163,35815,Card,Riverside,Returning
2024-01-01 12:00:00,INV8519,Novel,Books,1,667,667,UPI,Riverside,Returning
2024-09-04 10:00:00,INV8520,Laptop,Electronics,1,60094,60094,UPI,Riverside,Returning
2024-11-29 07:00:00,INV8521,Mixer Grinder,Home Appliances,3,3507,10521,Card,City Center,Returning
2024-10-27 19:00:00,INV8522,Mixer Grinder,Home Appliances,5,3553,17765,Cash,Riverside,New
2024-08-10 00:00:00,INV8523,Microwave,Home Appliances,4,7141,28564,Online Gateway,Riverside,Returning
2024-05-30 21:00:00,INV8524,Novel,Books,4,405,1620,Online Gateway,City Center,Returning
2024-06-02 11:00:00,INV8525,Shoes,Fashion,3,2375,7125,UPI,City Center,New
2024-11-24 00:00:00,INV8526,Mixer Grinder,Home Appliances,4,3362,13448,Online Gateway,City Center,Returning
2024-08-09 06:00:00,INV8527,T-shirt,Fashion,4,822,3288,Online Gateway,Riverside,Returning
2024-01-28 04:00:00,INV8528,Pen Set,Books,4,235,940,Cash,City Center,New
2024-08-29 15:00:00,INV8529,Novel,Books,2,486,972,Card,Riverside,Returning
2024-06-06 22:00:00,INV8530,Headphones,Electronics,3,1595,4785,Card,City Center,Returning
2024-03-09 13:00:00,INV8531,Washing Machine,Home Appliances,5,15054,75270,Cash,Riverside,Returning
2024-07-07 00:00:00,INV8532,Microwave,Home Appliances,3,7094,21282,Cash,City Center,Returning
2024-07-17 07:00:00,INV8533,Notebook,Books,4,275,1100,Card,Riverside,Returning
2024-09-01 18:00:00,INV8534,Laptop,Electronics,3,59942,179826,Online Gateway,Riverside,Returning
2024-06-02 16:00:00,INV8535,Smartphone,Electronics,3,19817,59451,UPI,Riverside,Returning
2024-11-16 09:00:00,INV8536,Laptop,Electronics,2,59986,119972,Cash,City Center,Returning
2024-02-27 11:00:00,INV8537,Jeans,Fashion,3,1731,5193,UPI,City Center,Returning
2024-06-25 19:00:00,INV8538,Microwave,Home Appliances,3,6867,20601,UPI,Riverside,New
2024-09-28 03:00:00,INV8539,Microwave,Home Appliances,3,6936,20808,UPI,Riverside,Returning
2024-11-21 19:00:00,INV8540,Pen Set,Books,3,213,639,Online Gateway,Riverside,Returning
2024-12-24 01:00:00,INV8541,Shoes,Fashion,2,2473,4946,UPI,City Center,New
2024-04-20 13:00:00,INV8542,Pen Set,Books,3,-137,-411,UPI,City Center,New
2024-08-21 19:00:00,INV8543,Notebook,Books,4,-18,-72,Online Gateway,Riverside,New
2024-09-12 07:00:00,INV8544,Mixer Grinder,Home Appliances,2,3543,7086,Online Gateway,Riverside,Returning
2024-06-12 11:00:00,INV8545,Laptop,Electronics,5,60097,300485,UPI,City Center,Returning
2024-12-18 11:00:00,INV8546,Washing Machine,Home Appliances,1,14920,14920,Online Gateway,Riverside,New
2024-09-03 08:00:00,INV8547,Notebook,Books,2,298,596,Online Gateway,Riverside,Returning
2024-08-01 18:00:00,INV8548,T-shirt,Fashion,5,688,3440,UPI,City Center,Returning
2024-08-14 15:00:00,INV8549,Laptop,Electronics,1,60046,60046,Online Gateway,City Center,Returning
2024-11-24 08:00:00,INV8550,Jeans,Fashion,2,1844,3688,Online Gateway,Riverside,Returning
2024-09-25 17:00:00,INV8551,Headphones,Electronics,3,1551,4653,Cash,Riverside,Returning
2024-03-12 21:00:00,INV8552,Novel,Books,1,600,600,Cash,Riverside,New
2024-11-09 10:00:00,INV8553,Notebook,Books,4,197,788,UPI,City Center,Returning
2024-07-18 08:00:00,INV8554,Headphones,Electronics,3,1610,4830,Card,Riverside,New
2024-02-21 08:00:00,INV8555,Smartphone,Electronics,4,20110,80440,Cash,Riverside,Returning
2024-12-13 10:00:00,INV8556,Novel,Books,4,571,2284,Cash,Riverside,New
2024-11-06 06:00:00,INV8557,Shoes,Fashion,1,2544,2544,Cash,City Center,New
2024-07-11 08:00:00,INV8558,Shoes,Fashion,2,2686,5372,UPI,City Center,New
2024-07-15 21:00:00,INV8559,Shoes,Fashion,4,2453,9812,Card,City Center,Returning
2024-06-02 05:00:00,INV8560,Novel,Books,2,688,1376,UPI,Riverside,New
2024-09-18 23:00:00,INV8561,Mixer Grinder,Home Appliances,1,3346,3346,Online Gateway,Riverside,New
2024-12-19 08:00:00,INV8562,Smartphone,Electronics,2,20093,40186,UPI,Riverside,Returning
2024-02-28 17:00:00,INV8563,Laptop,Electronics,2,59834,119668,Cash,City Center,Returning
2024-12-07 21:00:00,INV8564,Novel,Books,1,434,434,Online Gateway,Riverside,Returning
2024-01-11 16:00:00,INV8565,Smartphone,Electronics,1,20134,20134,Card,City Center,New
2024-03-12 17:00:00,INV8566,Shoes,Fashion,5,2683,13415,Cash,Riverside,Returning
2024-02-29 07:00:00,INV8567,Washing Machine,Home Appliances,4,15130,60520,UPI,City Center,New
2024-07-25 09:00:00,INV8568,Novel,Books,3,396,1188,Card,Riverside,Returning
2024-05-04 14:00:00,INV8569,Notebook,Books,3,-19,-57,UPI,Riverside,New
2024-02-19 19:00:00,INV8570,Microwave,Home Appliances,4,6923,27692,UPI,Riverside,New
2024-07-08 23:00:00,INV8571,Pen Set,Books,2,-146,-292,Card,Riverside,Returning
2024-06-30 21:00:00,INV8572,Headphones,Electronics,1,1532,1532,Card,City Center,Returning
2024-02-21 20:00:00,INV8573,Headphones,Electronics,3,1323,3969,UPI,Riverside,New
2024-10-08 22:00:00,INV8574,Headphones,Electronics,4,1527,6108,Card,Riverside,Returning
2024-08-08 22:00:00,INV8575,Notebook,Books,5,25,125,Online Gateway,City Center,Returning
2024-02-24 10:00:00,INV8576,Mixer Grinder,Home Appliances,4,3690,14760,Online Gateway,City Center,Returning
2024-04-10 02:00:00,INV8577,Novel,Books,1,387,387,Online Gateway,Riverside,New
2024-01-21 16:00:00,INV8578,Mixer Grinder,Home Appliances,4,3545,14180,UPI,Riverside,Returning
2024-05-21 15:00:00,INV8579,Novel,Books,1,326,326,UPI,City Center,Returning
2024-02-07 21:00:00,INV8580,Washing Machine,Home Appliances,2,15105,30210,Online Gateway,Riverside,Returning
2024-01-16 12:00:00,INV8581,Headphones,Electronics,3,1351,4053,UPI,Riverside,New
2024-09-16 20:00:00,INV8582,Smartphone,Electronics,5,19825,99125,Card,City Center,Returning
2024-02-26 00:00:00,INV8583,Laptop,Electronics,3,59839,179517,Cash,Riverside,New
2024-12-20 19:00:00,INV8584,Novel,Books,1,368,368,UPI,City Center,New
2024-04-11 07:00:00,INV8585,Microwave,Home Appliances,1,6892,6892,Online Gateway,Riverside,Returning
2024-07-13 14:00:00,INV8586,Mixer Grinder,Home Appliances,1,3449,3449,Online Gateway,City Center,Returning
2024-04-26 00:00:00,INV8587,Jeans,Fashion,1,1640,1640,Card,Riverside,New
2024-03-11 15:00:00,INV8588,Smartphone,Electronics,1,19815,19815,Cash,Riverside,Returning
2024-03-20 11:00:00,INV8589,Jeans,Fashion,4,1826,7304,Card,City Center,New
2024-07-19 14:00:00,INV8590,Microwave,Home Appliances,1,7155,7155,Cash,City Center,Returning
2024-02-02 12:00:00,INV8591,T-shirt,Fashion,5,697,3485,Cash,Riverside,Returning
2024-02-12 11:00:00,INV8592,Washing Machine,Home Appliances,1,15055,15055,Card,City Center,New
2024-02-28 11:00:00,INV8593,Smartphone,Electronics,4,19909,79636,Online Gateway,City Center,New
2024-02-29 10:00:00,INV8594,Novel,Books,4,624,2496,Cash,City Center,New
2024-09-01 12:00:00,INV8595,Smartphone,Electronics,3,20089,60267,Card,Riverside,New
2024-01-01 10:00:00,INV8596,Smartphone,Electronics,5,20115,100575,Card,City Center,Returning
2024-09-20 18:00:00,INV8597,Laptop,Electronics,1,60012,60012,Cash,City Center,Returning
2024-04-27 17:00:00,INV8598,Jeans,Fashion,3,1954,5862,Online Gateway,Riverside,New
2024-11-07 00:00:00,INV8599,Headphones,Electronics,3,1343,4029,UPI,City Center,Returning
2024-05-05 03:00:00,INV8600,Mixer Grinder,Home Appliances,1,3441,3441,Online Gateway,City Center,New
2024-10-26 19:00:00,INV8601,Mixer Grinder,Home Appliances,1,3316,3316,UPI,Riverside,New
2024-10-07 00:00:00,INV8602,Smartphone,Electronics,3,20182,60546,Card,City Center,New
2024-05-08 16:00:00,INV8603,Novel,Books,3,612,1836,Online Gateway,City Center,New
2024-03-15 13:00:00,INV8604,Microwave,Home Appliances,4,7107,28428,Card,Riverside,Returning
2024-05-06 12:00:00,INV8605,Microwave,Home Appliances,5,7023,35115,Online Gateway,City Center,Returning
2024-11-03 09:00:00,INV8606,T-shirt,Fashion,5,770,3850,Online Gateway,City Center,Returning
2024-11-12 14:00:00,INV8607,Microwave,Home Appliances,3,6804,20412,UPI,City Center,New
2024-07-20 14:00:00,INV8608,T-shirt,Fashion,4,733,2932,Cash,Riverside,Returning
2024-09-01 16:00:00,INV8609,Notebook,Books,5,112,560,Cash,Riverside,Returning
2024-06-01 05:00:00,INV8610,T-shirt,Fashion,1,978,978,Card,Riverside,Returning
2024-06-28 03:00:00,INV8611,Smartphone,Electronics,1,19953,19953,Cash,Riverside,New
2024-02-10 13:00:00,INV8612,Jeans,Fashion,5,1610,8050,Cash,Riverside,Returning
2024-10-22 03:00:00,INV8613,Jeans,Fashion,4,1621,6484,Card,Riverside,Returning
2024-08-16 22:00:00,INV8614,Pen Set,Books,5,45,225,UPI,City Center,Returning
2024-05-21 22:00:00,INV8615,T-shirt,Fashion,3,646,1938,UPI,Riverside,New
2024-08-02 14:00:00,INV8616,Novel,Books,3,692,2076,Card,Riverside,Returning
2024-05-10 09:00:00,INV8617,Notebook,Books,1,171,171,Cash,Riverside,New
2024-01-05 08:00:00,INV8618,Smartphone,Electronics,3,19863,59589,Card,Riverside,Returning
2024-11-05 17:00:00,INV8619,Headphones,Electronics,4,1561,6244,UPI,Riverside,New
2024-11-16 09:00:00,INV8620,T-shirt,Fashion,2,730,1460,Cash,Riverside,New
2024-05-28 15:00:00,INV8621,T-shirt,Fashion,2,602,1204,Online Gateway,Riverside,New
2024-06-30 04:00:00,INV8622,Microwave,Home Appliances,1,6822,6822,Online Gateway,City Center,Returning
2024-07-01 22:00:00,INV8623,Shoes,Fashion,4,2484,9936,Online Gateway,City Center,New
2024-10-10 19:00:00,INV8624,Novel,Books,4,500,2000,Online Gateway,City Center,New
2024-02-19 05:00:00,INV8625,Jeans,Fashion,3,1662,4986,Online Gateway,City Center,Returning
2024-07-12 12:00:00,INV8626,Laptop,Electronics,1,60053,60053,Online Gateway,City Center,New
2024-09-01 17:00:00,INV8627,Pen Set,Books,4,28,112,Cash,City Center,New
2024-07-02 02:00:00,INV8628,Microwave,Home Appliances,4,7083,28332,UPI,City Center,Returning
2024-05-27 06:00:00,INV8629,Jeans,Fashion,3,1833,5499,Online Gateway,City Center,Returning
2024-08-31 12:00:00,INV8630,Microwave,Home Appliances,4,6823,27292,Online Gateway,Riverside,Returning
2024-09-04 11:00:00,INV8631,Headphones,Electronics,1,1609,1609,Card,City Center,New
2024-09-26 19:00:00,INV8632,T-shirt,Fashion,5,660,3300,UPI,City Center,New
2024-03-14 22:00:00,INV8633,Notebook,Books,5,-23,-115,Cash,Riverside,New
2024-12-11 03:00:00,INV8634,Microwave,Home Appliances,2,7181,14362,UPI,Riverside,New
2024-01-19 14:00:00,INV8635,Shoes,Fashion,4,2537,10148,UPI,City Center,New
2024-01-05 12:00:00,INV8636,Headphones,Electronics,1,1476,1476,UPI,Riverside,Returning
2024-05-14 23:00:00,INV8637,Notebook,Books,4,202,808,Cash,City Center,New
2024-09-04 03:00:00,INV8638,Notebook,Books,2,75,150,Online Gateway,City Center,New
2024-06-17 21:00:00,INV8639,Mixer Grinder,Home Appliances,2,3512,7024,Cash,City Center,New
2024-07-08 01:00:00,INV8640,Headphones,Electronics,3,1551,4653,Cash,City Center,Returning
2024-09-22 01:00:00,INV8641,Notebook,Books,2,267,534,Cash,Riverside,New
2024-02-21 21:00:00,INV8642,Microwave,Home Appliances,1,6915,6915,UPI,Riverside,Returning
2024-04-23 08:00:00,INV8643,Novel,Books,1,462,462,Cash,Riverside,Returning
2024-12-18 21:00:00,INV8644,Washing Machine,Home Appliances,1,15023,15023,Online Gateway,City Center,Returning
2024-11-18 13:00:00,INV8645,Jeans,Fashion,5,1803,9015,Card,Riverside,New
2024-07-31 17:00:00,INV8646,Headphones,Electronics,3,1424,4272,Online Gateway,Riverside,New
2024-05-01 18:00:00,INV8647,Headphones,Electronics,1,1616,1616,Card,City Center,Returning
2024-04-14 17:00:00,INV8648,T-shirt,Fashion,3,623,1869,Cash,Riverside,Returning
2024-04-26 17:00:00,INV8649,Laptop,Electronics,5,60024,300120,Online Gateway,City Center,Returning
2024-10-17 21:00:00,INV8650,Smartphone,Electronics,5,19902,99510,UPI,City Center,New
2024-12-08 13:00:00,INV8651,Laptop,Electronics,1,60023,60023,Online Gateway,Riverside,Returning
2024-09-27 22:00:00,INV8652,Mixer Grinder,Home Appliances,3,3423,10269,Card,City Center,New
2024-09-08 14:00:00,INV8653,T-shirt,Fashion,4,631,2524,Card,Riverside,Returning
2024-09-16 13:00:00,INV8654,Laptop,Electronics,5,60111,300555,Online Gateway,City Center,Returning
2024-01-16 04:00:00,INV8655,T-shirt,Fashion,5,949,4745,Card,Riverside,Returning
2024-03-16 00:00:00,INV8656,Novel,Books,1,445,445,UPI,Riverside,New
2024-09-05 06:00:00,INV8657,Notebook,Books,3,282,846,Card,City Center,Returning
2024-11-05 20:00:00,INV8658,Microwave,Home Appliances,1,6864,6864,Online Gateway,City Center,New
2024-07-18 17:00:00,INV8659,Microwave,Home Appliances,4,6934,27736,UPI,City Center,New
2024-12-06 00:00:00,INV8660,Laptop,Electronics,1,59964,59964,Cash,City Center,Returning
2024-01-08 11:00:00,INV8661,Microwave,Home Appliances,3,6952,20856,Online Gateway,City Center,New
2024-06-10 09:00:00,INV8662,Mixer Grinder,Home Appliances,3,3392,10176,Online Gateway,Riverside,New
2024-06-14 00:00:00,INV8663,Washing Machine,Home Appliances,2,15061,30122,Card,Riverside,New
2024-02-19 10:00:00,INV8664,Microwave,Home Appliances,2,6976,13952,UPI,City Center,New
2024-02-02 05:00:00,INV8665,Laptop,Electronics,3,60155,180465,Card,Riverside,New
2024-07-04 20:00:00,INV8666,Jeans,Fashion,3,1628,4884,Cash,City Center,Returning
2024-01-15 16:00:00,INV8667,Headphones,Electronics,3,1539,4617,Cash,City Center,Returning
2024-10-16 07:00:00,INV8668,Mixer Grinder,Home Appliances,5,3542,17710,UPI,City Center,Returning
2024-08-04 18:00:00,INV8669,Smartphone,Electronics,2,20118,40236,Cash,Riverside,New
2024-08-10 16:00:00,INV8670,Mixer Grinder,Home Appliances,1,3483,3483,Cash,Riverside,New
2024-07-06 19:00:00,INV8671,Headphones,Electronics,1,1665,1665,Cash,Riverside,Returning
2024-07-20 06:00:00,INV8672,Notebook,Books,1,40,40,UPI,City Center,Returning
2024-01-05 21:00:00,INV8673,Washing Machine,Home Appliances,5,15109,75545,Card,City Center,New
2024-01-21 01:00:00,INV8674,Microwave,Home Appliances,4,7158,28632,Card,Riverside,Returning
2024-06-27 15:00:00,INV8675,Microwave,Home Appliances,2,7061,14122,Online Gateway,City Center,New
2024-10-10 10:00:00,INV8676,Novel,Books,2,645,1290,UPI,City Center,New
2024-12-11 18:00:00,INV8677,Novel,Books,1,492,492,Cash,Riverside,Returning
2024-07-05 13:00:00,INV8678,Shoes,Fashion,4,2323,9292,Online Gateway,City Center,New
2024-09-29 05:00:00,INV8679,T-shirt,Fashion,1,704,704,Online Gateway,City Center,Returning
2024-01-11 03:00:00,INV8680,Novel,Books,1,370,370,UPI,City Center,New
2024-10-19 04:00:00,INV8681,Washing Machine,Home Appliances,4,15096,60384,UPI,City Center,Returning
2024-02-06 01:00:00,INV8682,T-shirt,Fashion,2,818,1636,UPI,City Center,New
2024-08-10 01:00:00,INV8683,Notebook,Books,3,278,834,UPI,Riverside,Returning
2024-01-26 03:00:00,INV8684,Washing Machine,Home Appliances,5,15189,75945,Cash,Riverside,New
2024-08-27 20:00:00,INV8685,Mixer Grinder,Home Appliances,5,3463,17315,Cash,Riverside,Returning
2024-06-16 10:00:00,INV8686,Pen Set,Books,2,184,368,Cash,Riverside,Returning
2024-08-04 08:00:00,INV8687,Washing Machine,Home Appliances,2,14922,29844,Cash,City Center,New
2024-03-24 23:00:00,INV8688,Laptop,Electronics,3,59879,179637,Card,City Center,New
2024-05-20 20:00:00,INV8689,Pen Set,Books,5,118,590,Card,City Center,Returning
2024-06-06 02:00:00,INV8690,Laptop,Electronics,2,59966,119932,Cash,City Center,Returning
2024-08-30 21:00:00,INV8691,Laptop,Electronics,3,59802,179406,Cash,Riverside,New
2024-03-08 05:00:00,INV8692,Mixer Grinder,Home Appliances,4,3494,13976,Online Gateway,Riverside,Returning
2024-03-19 07:00:00,INV8693,Laptop,Electronics,4,60133,240532,Card,Riverside,New
2024-08-11 20:00:00,INV8694,Pen Set,Books,2,87,174,UPI,Riverside,Returning
2024-06-20 04:00:00,INV8695,Washing Machine,Home Appliances,2,15011,30022,Cash,Riverside,New
2024-01-07 04:00:00,INV8696,Microwave,Home Appliances,2,7071,14142,Cash,City Center,New
2024-03-14 02:00:00,INV8697,Shoes,Fashion,1,2588,2588,Online Gateway,City Center,New
2024-11-03 10:00:00,INV8698,Novel,Books,5,577,2885,Card,Riverside,Returning
2024-10-05 09:00:00,INV8699,Microwave,Home Appliances,1,7123,7123,Online Gateway,Riverside,New
2024-06-05 12:00:00,INV8700,Mixer Grinder,Home Appliances,4,3370,13480,Cash,City Center,Returning
2024-08-12 16:00:00,INV8701,Shoes,Fashion,4,2535,10140,Card,City Center,Returning
2024-05-07 04:00:00,INV8702,Mixer Grinder,Home Appliances,5,3498,17490,Cash,City Center,Returning
2024-08-25 04:00:00,INV8703,Washing Machine,Home Appliances,5,15148,75740,Cash,City Center,Returning
2024-06-24 18:00:00,INV8704,Novel,Books,1,459,459,Card,Riverside,New
2024-07-19 03:00:00,INV8705,Mixer Grinder,Home Appliances,3,3493,10479,UPI,City Center,Returning
2024-04-09 01:00:00,INV8706,Mixer Grinder,Home Appliances,1,3646,3646,Online Gateway,City Center,New
2024-07-30 22:00:00,INV8707,Notebook,Books,3,-49,-147,Online Gateway,Riverside,New
2024-05-12 14:00:00,INV8708,Shoes,Fashion,1,2321,2321,Cash,City Center,Returning
2024-05-11 16:00:00,INV8709,Mixer Grinder,Home Appliances,1,3616,3616,UPI,Riverside,Returning
2024-10-01 00:00:00,INV8710,Mixer Grinder,Home Appliances,4,3582,14328,Cash,Riverside,New
2024-04-17 18:00:00,INV8711,Shoes,Fashion,3,2513,7539,UPI,Riverside,Returning
2024-04-20 08:00:00,INV8712,Pen Set,Books,2,48,96,Cash,City Center,New
2024-10-31 17:00:00,INV8713,Shoes,Fashion,1,2643,2643,Cash,Riverside,Returning
2024-03-12 13:00:00,INV8714,Pen Set,Books,4,2,8,Cash,Riverside,Returning
2024-08-09 04:00:00,INV8715,Notebook,Books,3,13,39,Cash,Riverside,New
2024-11-04 15:00:00,INV8716,Pen Set,Books,2,77,154,Card,Riverside,New
2024-02-06 06:00:00,INV8717,Microwave,Home Appliances,1,6864,6864,Online Gateway,Riverside,New
2024-05-28 22:00:00,INV8718,T-shirt,Fashion,1,770,770,UPI,Riverside,New
2024-08-30 19:00:00,INV8719,Shoes,Fashion,4,2402,9608,Cash,Riverside,New
2024-11-28 18:00:00,INV8720,Smartphone,Electronics,4,20142,80568,UPI,Riverside,New
2024-12-18 14:00:00,INV8721,T-shirt,Fashion,4,904,3616,UPI,Riverside,New
2024-12-30 05:00:00,INV8722,Shoes,Fashion,1,2554,2554,Card,Riverside,New
2024-08-28 09:00:00,INV8723,Pen Set,Books,1,30,30,Online Gateway,Riverside,Returning
2024-08-26 21:00:00,INV8724,Headphones,Electronics,1,1570,1570,UPI,City Center,Returning
2024-05-15 00:00:00,INV8725,Mixer Grinder,Home Appliances,3,3666,10998,Online Gateway,Riverside,New
2024-07-22 21:00:00,INV8726,Smartphone,Electronics,3,20026,60078,Online Gateway,Riverside,Returning
2024-02-06 22:00:00,INV8727,Washing Machine,Home Appliances,2,14859,29718,Online Gateway,Riverside,Returning
2024-08-31 22:00:00,INV8728,Jeans,Fashion,2,1761,3522,UPI,Riverside,New
2024-08-09 14:00:00,INV8729,T-shirt,Fashion,3,887,2661,Online Gateway,Riverside,Returning
2024-04-04 02:00:00,INV8730,Headphones,Electronics,5,1391,6955,Cash,Riverside,New
2024-07-01 14:00:00,INV8731,Headphones,Electronics,4,1541,6164,UPI,City Center,Returning
2024-03-15 09:00:00,INV8732,Notebook,Books,1,-50,-50,UPI,Riverside,New
2024-11-17 23:00:00,INV8733,Shoes,Fashion,5,2383,11915,Online Gateway,City Center,Returning
2024-01-13 07:00:00,INV8734,Notebook,Books,5,169,845,Card,City Center,New
2024-04-18 05:00:00,INV8735,Shoes,Fashion,5,2641,13205,Online Gateway,City Center,New
2024-01-29 08:00:00,INV8736,Jeans,Fashion,3,1816,5448,Online Gateway,City Center,Returning
2024-07-22 18:00:00,INV8737,Washing Machine,Home Appliances,1,14830,14830,Card,Riverside,Returning
2024-06-28 02:00:00,INV8738,Jeans,Fashion,4,1737,6948,Cash,Riverside,New
2024-01-14 12:00:00,INV8739,Microwave,Home Appliances,1,7161,7161,UPI,City Center,Returning
2024-11-27 08:00:00,INV8740,Headphones,Electronics,4,1418,5672,UPI,City Center,Returning
2024-02-11 02:00:00,INV8741,Laptop,Electronics,1,60173,60173,Cash,City Center,Returning
2024-05-09 22:00:00,INV8742,Washing Machine,Home Appliances,3,14999,44997,Cash,Riverside,New
2024-02-01 16:00:00,INV8743,T-shirt,Fashion,5,1000,5000,Cash,City Center,New
2024-11-19 06:00:00,INV8744,Laptop,Electronics,5,59854,299270,Online Gateway,Riverside,Returning
2024-02-07 18:00:00,INV8745,Notebook,Books,5,65,325,UPI,Riverside,Returning
2024-08-17 03:00:00,INV8746,Pen Set,Books,2,-131,-262,Cash,City Center,Returning
2024-01-16 04:00:00,INV8747,Mixer Grinder,Home Appliances,3,3504,10512,Card,Riverside,Returning
2024-11-19 17:00:00,INV8748,Notebook,Books,2,-98,-196,UPI,City Center,New
2024-05-22 05:00:00,INV8749,Jeans,Fashion,5,1892,9460,Online Gateway,City Center,New
2024-11-30 11:00:00,INV8750,Microwave,Home Appliances,2,6880,13760,Cash,Riverside,Returning
2024-11-26 19:00:00,INV8751,Jeans,Fashion,4,1891,7564,Cash,City Center,Returning
2024-05-08 09:00:00,INV8752,Laptop,Electronics,5,60147,300735,Online Gateway,City Center,New
2024-08-15 00:00:00,INV8753,Microwave,Home Appliances,1,6909,6909,UPI,City Center,New
2024-05-15 18:00:00,INV8754,Jeans,Fashion,1,1611,1611,Online Gateway,Riverside,New
2024-03-28 19:00:00,INV8755,Headphones,Electronics,4,1515,6060,UPI,City Center,Returning
2024-11-26 08:00:00,INV8756,Novel,Books,3,690,2070,Online Gateway,Riverside,New
2024-05-02 05:00:00,INV8757,Washing Machine,Home Appliances,3,14831,44493,UPI,City Center,Returning
2024-04-27 21:00:00,INV8758,Microwave,Home Appliances,4,7144,28576,UPI,City Center,New
2024-12-25 17:00:00,INV8759,Washing Machine,Home Appliances,1,14880,14880,UPI,Riverside,New
2024-07-27 14:00:00,INV8760,Pen Set,Books,5,125,625,Online Gateway,Riverside,Returning
2024-03-05 23:00:00,INV8761,Novel,Books,5,552,2760,UPI,City Center,New
2024-03-13 13:00:00,INV8762,T-shirt,Fashion,1,944,944,UPI,Riverside,New
2024-08-30 22:00:00,INV8763,Mixer Grinder,Home Appliances,2,3690,7380,Card,City Center,New
2024-11-09 11:00:00,INV8764,Washing Machine,Home Appliances,3,15173,45519,Card,City Center,New
2024-01-27 01:00:00,INV8765,Notebook,Books,2,208,416,Online Gateway,Riverside,Returning
2024-03-11 10:00:00,INV8766,T-shirt,Fashion,3,716,2148,Card,City Center,Returning
2024-12-11 02:00:00,INV8767,Jeans,Fashion,4,1868,7472,Online Gateway,Riverside,Returning
2024-09-19 22:00:00,INV8768,Pen Set,Books,1,1,1,Online Gateway,Riverside,New
2024-05-05 06:00:00,INV8769,T-shirt,Fashion,4,968,3872,UPI,Riverside,New
2024-06-28 06:00:00,INV8770,Pen Set,Books,5,-42,-210,UPI,City Center,New
2024-02-15 08:00:00,INV8771,Washing Machine,Home Appliances,4,15121,60484,Cash,City Center,New
2024-09-07 07:00:00,INV8772,Novel,Books,5,526,2630,UPI,Riverside,New
2024-07-11 03:00:00,INV8773,Novel,Books,5,384,1920,Card,City Center,Returning
2024-11-26 08:00:00,INV8774,Notebook,Books,3,-33,-99,Cash,City Center,New
2024-07-06 02:00:00,INV8775,Washing Machine,Home Appliances,3,15059,45177,UPI,Riverside,New
2024-12-15 02:00:00,INV8776,Headphones,Electronics,3,1564,4692,Cash,City Center,Returning
2024-03-07 13:00:00,INV8777,Notebook,Books,3,140,420,Cash,Riverside,Returning
2024-06-05 03:00:00,INV8778,Shoes,Fashion,3,2647,7941,UPI,Riverside,Returning
2024-04-21 06:00:00,INV8779,Smartphone,Electronics,2,20194,40388,Card,Riverside,New
2024-12-17 07:00:00,INV8780,T-shirt,Fashion,3,628,1884,Online Gateway,City Center,New
2024-04-17 12:00:00,INV8781,Washing Machine,Home Appliances,2,14836,29672,Card,Riverside,Returning
2024-11-05 16:00:00,INV8782,Shoes,Fashion,3,2530,7590,UPI,Riverside,New
2024-12-13 02:00:00,INV8783,Pen Set,Books,4,-43,-172,Cash,City Center,New
2024-04-14 10:00:00,INV8784,Smartphone,Electronics,1,19836,19836,Card,Riverside,Returning
2024-07-15 21:00:00,INV8785,Notebook,Books,2,-52,-104,Cash,Riverside,Returning
2024-06-28 04:00:00,INV8786,T-shirt,Fashion,4,883,3532,Card,Riverside,Returning
2024-12-30 23:00:00,INV8787,Laptop,Electronics,4,59829,239316,UPI,City Center,Returning
2024-10-18 18:00:00,INV8788,Laptop,Electronics,5,59989,299945,Cash,Riverside,New
2024-09-12 11:00:00,INV8789,Washing Machine,Home Appliances,2,14894,29788,Online Gateway,Riverside,New
2024-07-08 01:00:00,INV8790,T-shirt,Fashion,2,666,1332,Online Gateway,Riverside,Returning
2024-04-07 07:00:00,INV8791,Headphones,Electronics,1,1693,1693,Online Gateway,City Center,Returning
2024-06-29 01:00:00,INV8792,Pen Set,Books,4,-130,-520,Online Gateway,City Center,Returning
2024-05-04 09:00:00,INV8793,Novel,Books,5,555,2775,Online Gateway,Riverside,New
2024-01-24 07:00:00,INV8794,Pen Set,Books,2,167,334,Online Gateway,City Center,Returning
2024-01-30 17:00:00,INV8795,Novel,Books,1,565,565,UPI,Riverside,Returning
2024-07-10 09:00:00,INV8796,T-shirt,Fashion,1,947,947,Card,Riverside,Returning
2024-06-15 04:00:00,INV8797,Pen Set,Books,5,-72,-360,Card,Riverside,New
2024-09-15 11:00:00,INV8798,Pen Set,Books,5,-141,-705,Cash,Riverside,Returning
2024-01-11 16:00:00,INV8799,Smartphone,Electronics,3,20108,60324,UPI,City Center,Returning
2024-01-02 13:00:00,INV8800,T-shirt,Fashion,4,878,3512,Online Gateway,City Center,Returning
2024-12-26 12:00:00,INV8801,Notebook,Books,3,276,828,Card,City Center,New
2024-03-17 08:00:00,INV8802,Smartphone,Electronics,4,20093,80372,Card,City Center,New
2024-11-12 16:00:00,INV8803,Notebook,Books,3,153,459,UPI,Riverside,New
2024-08-03 07:00:00,INV8804,Novel,Books,4,683,2732,Cash,Riverside,Returning
2024-01-19 00:00:00,INV8805,Jeans,Fashion,1,1672,1672,Cash,City Center,New
2024-06-21 23:00:00,INV8806,Laptop,Electronics,2,60055,120110,Online Gateway,Riverside,Returning
2024-09-24 03:00:00,INV8807,Mixer Grinder,Home Appliances,4,3328,13312,Cash,Riverside,New
2024-03-13 23:00:00,INV8808,Notebook,Books,2,66,132,Card,City Center,Returning
2024-07-27 05:00:00,INV8809,Shoes,Fashion,1,2614,2614,Cash,Riverside,New
2024-08-26 08:00:00,INV8810,Microwave,Home Appliances,4,7106,28424,Card,City Center,Returning
2024-11-13 08:00:00,INV8811,Notebook,Books,5,250,1250,Card,Riverside,Returning
2024-01-11 16:00:00,INV8812,Notebook,Books,4,296,1184,Card,City Center,Returning
2024-01-28 23:00:00,INV8813,Mixer Grinder,Home Appliances,5,3543,17715,UPI,City Center,New
2024-01-21 09:00:00,INV8814,Smartphone,Electronics,3,19883,59649,UPI,City Center,Returning
2024-10-14 01:00:00,INV8815,Headphones,Electronics,1,1527,1527,UPI,Riverside,New
2024-03-28 08:00:00,INV8816,Pen Set,Books,1,8,8,UPI,Riverside,Returning
2024-03-11 02:00:00,INV8817,Smartphone,Electronics,5,20161,100805,Online Gateway,Riverside,Returning
2024-04-12 12:00:00,INV8818,Notebook,Books,5,288,1440,Online Gateway,City Center,Returning
2024-07-07 17:00:00,INV8819,Notebook,Books,2,183,366,UPI,City Center,New
2024-08-01 09:00:00,INV8820,Microwave,Home Appliances,4,7140,28560,Cash,Riverside,Returning
2024-03-23 07:00:00,INV8821,Shoes,Fashion,4,2570,10280,UPI,City Center,Returning
2024-05-14 00:00:00,INV8822,Laptop,Electronics,3,60145,180435,Cash,City Center,Returning
2024-07-07 03:00:00,INV8823,Smartphone,Electronics,1,19815,19815,Card,City Center,Returning
2024-08-25 04:00:00,INV8824,Microwave,Home Appliances,2,6809,13618,Online Gateway,Riverside,New
2024-07-24 19:00:00,INV8825,T-shirt,Fashion,3,979,2937,UPI,Riverside,Returning
2024-08-19 19:00:00,INV8826,Smartphone,Electronics,5,20008,100040,Online Gateway,Riverside,Returning
2024-05-03 11:00:00,INV8827,Laptop,Electronics,1,60168,60168,UPI,City Center,Returning
2024-07-07 17:00:00,INV8828,Shoes,Fashion,3,2300,6900,Cash,City Center,New
2024-10-09 18:00:00,INV8829,Washing Machine,Home Appliances,3,14975,44925,Online Gateway,Riverside,Returning
2024-09-15 08:00:00,INV8830,Microwave,Home Appliances,3,7014,21042,Online Gateway,Riverside,Returning
2024-02-10 16:00:00,INV8831,Shoes,Fashion,2,2601,5202,Online Gateway,Riverside,Returning
2024-11-02 01:00:00,INV8832,Smartphone,Electronics,1,19972,19972,Cash,Riverside,Returning
2024-01-02 21:00:00,INV8833,Novel,Books,1,685,685,Card,City Center,New
2024-02-19 17:00:00,INV8834,Laptop,Electronics,5,59952,299760,Online Gateway,City Center,New
2024-07-07 00:00:00,INV8835,T-shirt,Fashion,4,925,3700,Cash,Riverside,New
2024-07-24 23:00:00,INV8836,Washing Machine,Home Appliances,3,14912,44736,Online Gateway,City Center,New
2024-09-18 18:00:00,INV8837,Jeans,Fashion,2,1997,3994,UPI,City Center,New
2024-01-11 06:00:00,INV8838,Microwave,Home Appliances,5,6835,34175,Online Gateway,City Center,New
2024-05-14 03:00:00,INV8839,Laptop,Electronics,5,60132,300660,Online Gateway,City Center,Returning
2024-01-27 12:00:00,INV8840,Laptop,Electronics,4,59857,239428,Cash,Riverside,Returning
2024-06-06 07:00:00,INV8841,Smartphone,Electronics,4,20109,80436,Cash,City Center,Returning
2024-04-10 21:00:00,INV8842,Microwave,Home Appliances,1,6969,6969,Cash,Riverside,New
2024-06-23 07:00:00,INV8843,Smartphone,Electronics,4,20136,80544,Online Gateway,Riverside,Returning
2024-01-30 16:00:00,INV8844,Notebook,Books,2,-47,-94,UPI,Riverside,Returning
2024-08-31 13:00:00,INV8845,Laptop,Electronics,5,60118,300590,Online Gateway,City Center,Returning
2024-08-09 19:00:00,INV8846,T-shirt,Fashion,5,815,4075,Cash,City Center,New
2024-09-08 08:00:00,INV8847,Novel,Books,5,412,2060,Cash,Riverside,Returning
2024-05-31 20:00:00,INV8848,Pen Set,Books,4,81,324,Card,Riverside,New
2024-11-19 21:00:00,INV8849,Microwave,Home Appliances,3,7118,21354,Online Gateway,Riverside,Returning
2024-03-28 20:00:00,INV8850,Headphones,Electronics,4,1429,5716,Card,City Center,New
2024-05-30 14:00:00,INV8851,Laptop,Electronics,5,60165,300825,Online Gateway,City Center,Returning
2024-10-16 21:00:00,INV8852,T-shirt,Fashion,4,770,3080,UPI,City Center,New
2024-08-07 23:00:00,INV8853,Shoes,Fashion,2,2496,4992,Online Gateway,City Center,New
2024-06-29 12:00:00,INV8854,Smartphone,Electronics,3,19995,59985,Online Gateway,City Center,Returning
2024-06-11 12:00:00,INV8855,Laptop,Electronics,5,59881,299405,Card,Riverside,Returning
2024-11-26 19:00:00,INV8856,T-shirt,Fashion,5,928,4640,Cash,City Center,Returning
2024-10-17 03:00:00,INV8857,Smartphone,Electronics,4,19966,79864,Cash,Riverside,New
2024-07-09 08:00:00,INV8858,Notebook,Books,2,238,476,Cash,Riverside,Returning
2024-11-22 14:00:00,INV8859,Notebook,Books,2,140,280,Cash,City Center,New
2024-03-17 21:00:00,INV8860,Notebook,Books,5,-68,-340,UPI,City Center,New
2024-01-16 22:00:00,INV8861,Pen Set,Books,2,45,90,Cash,City Center,Returning
2024-06-20 08:00:00,INV8862,Microwave,Home Appliances,5,6824,34120,UPI,Riverside,Returning
2024-10-21 13:00:00,INV8863,T-shirt,Fashion,5,734,3670,Cash,Riverside,New
2024-06-07 18:00:00,INV8864,Jeans,Fashion,1,1909,1909,Card,Riverside,New
2024-03-03 21:00:00,INV8865,Microwave,Home Appliances,5,7089,35445,Cash,City Center,New
2024-11-11 13:00:00,INV8866,Washing Machine,Home Appliances,5,15105,75525,Cash,City Center,Returning
2024-03-06 18:00:00,INV8867,Notebook,Books,1,227,227,Online Gateway,City Center,Returning
2024-02-06 15:00:00,INV8868,T-shirt,Fashion,1,819,819,Online Gateway,Riverside,New
2024-03-31 02:00:00,INV8869,Smartphone,Electronics,4,20188,80752,Online Gateway,City Center,Returning
2024-11-17 10:00:00,INV8870,Headphones,Electronics,1,1509,1509,Online Gateway,City Center,New
2024-02-26 15:00:00,INV8871,Jeans,Fashion,5,1980,9900,UPI,City Center,Returning
2024-07-03 15:00:00,INV8872,Notebook,Books,1,30,30,Online Gateway,Riverside,Returning
2024-12-05 12:00:00,INV8873,Pen Set,Books,4,-60,-240,UPI,City Center,New
2024-06-14 00:00:00,INV8874,Shoes,Fashion,1,2401,2401,Cash,Riverside,New
2024-06-07 19:00:00,INV8875,Pen Set,Books,5,61,305,Cash,Riverside,Returning
2024-06-25 18:00:00,INV8876,Novel,Books,5,611,3055,Online Gateway,City Center,New
2024-06-24 17:00:00,INV8877,Notebook,Books,3,212,636,UPI,Riverside,Returning
2024-01-04 08:00:00,INV8878,T-shirt,Fashion,1,912,912,UPI,Riverside,New
2024-04-23 20:00:00,INV8879,Headphones,Electronics,3,1338,4014,Cash,City Center,New
2024-11-22 09:00:00,INV8880,Headphones,Electronics,4,1418,5672,Card,Riverside,New
2024-04-22 21:00:00,INV8881,Headphones,Electronics,4,1684,6736,Online Gateway,Riverside,New
2024-04-10 22:00:00,INV8882,Mixer Grinder,Home Appliances,3,3595,10785,UPI,City Center,Returning
2024-05-31 17:00:00,INV8883,Mixer Grinder,Home Appliances,2,3420,6840,UPI,Riverside,Returning
2024-01-28 19:00:00,INV8884,Shoes,Fashion,3,2431,7293,Card,City Center,New
2024-04-14 00:00:00,INV8885,Mixer Grinder,Home Appliances,1,3360,3360,Cash,Riverside,Returning
2024-05-25 19:00:00,INV8886,Microwave,Home Appliances,4,7108,28432,UPI,City Center,Returning
2024-12-02 16:00:00,INV8887,Smartphone,Electronics,2,20118,40236,UPI,Riverside,New
2024-10-11 07:00:00,INV8888,Headphones,Electronics,2,1540,3080,UPI,City Center,New
2024-02-19 13:00:00,INV8889,Novel,Books,4,424,1696,Cash,Riverside,Returning
2024-10-02 04:00:00,INV8890,Headphones,Electronics,3,1376,4128,Card,City Center,Returning
2024-12-26 10:00:00,INV8891,Shoes,Fashion,3,2657,7971,Card,City Center,New
2024-02-12 17:00:00,INV8892,Novel,Books,3,679,2037,Online Gateway,Riverside,Returning
2024-11-20 09:00:00,INV8893,Washing Machine,Home Appliances,2,15082,30164,Cash,Riverside,New
2024-01-03 23:00:00,INV8894,Shoes,Fashion,3,2309,6927,Cash,Riverside,Returning
2024-08-19 02:00:00,INV8895,Pen Set,Books,3,244,732,UPI,City Center,Returning
2024-04-21 21:00:00,INV8896,Mixer Grinder,Home Appliances,2,3613,7226,UPI,City Center,Returning
2024-11-03 04:00:00,INV8897,Notebook,Books,5,-19,-95,Online Gateway,City Center,Returning
2024-03-18 00:00:00,INV8898,Pen Set,Books,3,117,351,Online Gateway,City Center,New
2024-03-25 06:00:00,INV8899,Pen Set,Books,4,-139,-556,Online Gateway,City Center,Returning
2024-09-21 02:00:00,INV8900,Mixer Grinder,Home Appliances,4,3670,14680,Card,Riverside,New
2024-06-04 21:00:00,INV8901,Mixer Grinder,Home Appliances,1,3488,3488,UPI,City Center,New
2024-02-24 02:00:00,INV8902,Washing Machine,Home Appliances,2,15186,30372,Card,City Center,Returning
2024-06-19 22:00:00,INV8903,Microwave,Home Appliances,3,6810,20430,Cash,City Center,Returning
2024-02-07 16:00:00,INV8904,Shoes,Fashion,2,2625,5250,Online Gateway,City Center,New
2024-05-06 02:00:00,INV8905,T-shirt,Fashion,1,746,746,Online Gateway,Riverside,Returning
2024-10-06 13:00:00,INV8906,Washing Machine,Home Appliances,5,15060,75300,Online Gateway,City Center,Returning
2024-07-15 07:00:00,INV8907,Smartphone,Electronics,2,20025,40050,Online Gateway,City Center,New
2024-11-30 05:00:00,INV8908,Pen Set,Books,3,-23,-69,Card,City Center,New
2024-09-05 17:00:00,INV8909,Pen Set,Books,2,185,370,Card,Riverside,Returning
2024-04-19 04:00:00,INV8910,Microwave,Home Appliances,3,6899,20697,Online Gateway,Riverside,Returning
2024-04-20 06:00:00,INV8911,T-shirt,Fashion,3,658,1974,Card,Riverside,Returning
2024-07-21 17:00:00,INV8912,Headphones,Electronics,2,1378,2756,Cash,City Center,Returning
2024-11-02 01:00:00,INV8913,Washing Machine,Home Appliances,3,15146,45438,UPI,City Center,Returning
2024-04-05 09:00:00,INV8914,Smartphone,Electronics,2,20065,40130,Cash,Riverside,New
2024-11-03 02:00:00,INV8915,Mixer Grinder,Home Appliances,4,3322,13288,Online Gateway,City Center,Returning
2024-06-10 08:00:00,INV8916,Jeans,Fashion,1,1618,1618,Online Gateway,City Center,New
2024-11-16 10:00:00,INV8917,Novel,Books,2,336,672,Online Gateway,City Center,Returning
2024-03-01 00:00:00,INV8918,Laptop,Electronics,3,60155,180465,Card,Riverside,Returning
2024-02-01 21:00:00,INV8919,Pen Set,Books,4,-96,-384,Cash,City Center,Returning
2024-06-19 12:00:00,INV8920,Notebook,Books,2,224,448,Cash,Riverside,Returning
2024-04-21 02:00:00,INV8921,Novel,Books,3,633,1899,Online Gateway,City Center,Returning
2024-12-26 15:00:00,INV8922,Notebook,Books,1,251,251,Online Gateway,Riverside,New
2024-09-05 16:00:00,INV8923,Headphones,Electronics,2,1463,2926,Card,City Center,Returning
2024-11-14 09:00:00,INV8924,Laptop,Electronics,5,59835,299175,Cash,City Center,Returning
2024-03-31 21:00:00,INV8925,Smartphone,Electronics,3,20105,60315,Card,City Center,Returning
2024-06-11 00:00:00,INV8926,Laptop,Electronics,2,60199,120398,Online Gateway,City Center,Returning
2024-02-05 00:00:00,INV8927,Mixer Grinder,Home Appliances,5,3446,17230,UPI,Riverside,New
2024-09-02 19:00:00,INV8928,Microwave,Home Appliances,2,7199,14398,Cash,City Center,New
2024-06-20 14:00:00,INV8929,Washing Machine,Home Appliances,4,15053,60212,Online Gateway,City Center,New
2024-01-24 13:00:00,INV8930,Smartphone,Electronics,5,19838,99190,Cash,Riverside,New
2024-09-07 05:00:00,INV8931,Mixer Grinder,Home Appliances,3,3657,10971,Card,City Center,Returning
2024-10-28 02:00:00,INV8932,Novel,Books,4,468,1872,Online Gateway,Riverside,New
2024-09-02 10:00:00,INV8933,Smartphone,Electronics,5,19862,99310,Cash,City Center,Returning
2024-06-28 15:00:00,INV8934,T-shirt,Fashion,4,685,2740,Cash,City Center,New
2024-11-18 08:00:00,INV8935,Smartphone,Electronics,2,19997,39994,UPI,Riverside,Returning
2024-05-04 06:00:00,INV8936,Washing Machine,Home Appliances,1,14911,14911,Cash,City Center,New
2024-09-10 11:00:00,INV8937,Smartphone,Electronics,2,19836,39672,Online Gateway,City Center,Returning
2024-01-24 04:00:00,INV8938,Laptop,Electronics,3,59890,179670,Card,City Center,Returning
2024-05-05 19:00:00,INV8939,Jeans,Fashion,5,1878,9390,Cash,City Center,Returning
2024-04-17 12:00:00,INV8940,Novel,Books,2,312,624,Online Gateway,City Center,New
2024-12-05 10:00:00,INV8941,T-shirt,Fashion,1,795,795,UPI,City Center,Returning
2024-12-09 11:00:00,INV8942,Headphones,Electronics,4,1345,5380,Cash,City Center,Returning
2024-06-16 11:00:00,INV8943,Shoes,Fashion,1,2321,2321,Cash,City Center,Returning
2024-05-10 18:00:00,INV8944,Novel,Books,2,687,1374,UPI,City Center,New
2024-01-28 23:00:00,INV8945,Washing Machine,Home Appliances,2,14879,29758,Card,City Center,New
2024-02-02 09:00:00,INV8946,Shoes,Fashion,4,2316,9264,Card,City Center,New
2024-07-24 07:00:00,INV8947,Novel,Books,3,302,906,Cash,Riverside,Returning
2024-05-05 22:00:00,INV8948,Novel,Books,4,342,1368,Card,Riverside,New
2024-03-18 12:00:00,INV8949,Microwave,Home Appliances,4,6873,27492,Online Gateway,City Center,New
2024-05-10 19:00:00,INV8950,Notebook,Books,3,86,258,Cash,City Center,Returning
2024-02-14 18:00:00,INV8951,Pen Set,Books,2,203,406,UPI,City Center,New
2024-10-08 19:00:00,INV8952,Shoes,Fashion,3,2313,6939,Cash,Riverside,New
2024-03-23 18:00:00,INV8953,Washing Machine,Home Appliances,2,14966,29932,Cash,City Center,Returning
2024-09-20 15:00:00,INV8954,Novel,Books,3,493,1479,Cash,Riverside,New
2024-02-13 14:00:00,INV8955,Laptop,Electronics,3,60140,180420,Cash,Riverside,New
2024-03-31 16:00:00,INV8956,Shoes,Fashion,2,2636,5272,Card,City Center,Returning
2024-04-07 10:00:00,INV8957,Microwave,Home Appliances,2,6828,13656,Card,Riverside,New
2024-01-21 20:00:00,INV8958,Microwave,Home Appliances,3,6847,20541,Card,Riverside,Returning
2024-04-03 01:00:00,INV8959,Washing Machine,Home Appliances,3,14922,44766,Card,City Center,New
2024-07-11 00:00:00,INV8960,Washing Machine,Home Appliances,2,15138,30276,UPI,Riverside,Returning
2024-10-28 10:00:00,INV8961,Shoes,Fashion,2,2609,5218,Cash,Riverside,New
2024-11-28 04:00:00,INV8962,Pen Set,Books,1,-136,-136,UPI,City Center,Returning
2024-10-02 10:00:00,INV8963,Headphones,Electronics,4,1549,6196,UPI,City Center,New
2024-01-26 00:00:00,INV8964,Pen Set,Books,3,70,210,Card,City Center,Returning
2024-06-27 12:00:00,INV8965,Washing Machine,Home Appliances,3,14802,44406,Cash,City Center,Returning
2024-07-05 19:00:00,INV8966,Notebook,Books,3,84,252,UPI,Riverside,Returning
2024-09-02 21:00:00,INV8967,Notebook,Books,2,-70,-140,Cash,City Center,New
2024-09-12 09:00:00,INV8968,Headphones,Electronics,2,1386,2772,Cash,City Center,Returning
2024-03-14 02:00:00,INV8969,Jeans,Fashion,1,1907,1907,Cash,Riverside,New
2024-04-12 16:00:00,INV8970,Novel,Books,1,549,549,UPI,City Center,Returning
2024-07-05 18:00:00,INV8971,Jeans,Fashion,1,1980,1980,Card,Riverside,Returning
2024-11-04 08:00:00,INV8972,Microwave,Home Appliances,3,6810,20430,UPI,Riverside,New
2024-10-10 14:00:00,INV8973,Washing Machine,Home Appliances,2,15138,30276,Card,Riverside,New
2024-12-26 03:00:00,INV8974,Pen Set,Books,5,195,975,Online Gateway,Riverside,Returning
2024-11-04 04:00:00,INV8975,Mixer Grinder,Home Appliances,5,3688,18440,Online Gateway,City Center,New
2024-11-01 18:00:00,INV8976,Headphones,Electronics,1,1431,1431,Online Gateway,City Center,New
2024-08-06 09:00:00,INV8977,Shoes,Fashion,4,2700,10800,UPI,City Center,Returning
2024-11-04 02:00:00,INV8978,Microwave,Home Appliances,4,7185,28740,UPI,City Center,Returning
2024-09-25 05:00:00,INV8979,T-shirt,Fashion,2,969,1938,Online Gateway,City Center,Returning
2024-07-14 15:00:00,INV8980,T-shirt,Fashion,3,711,2133,Cash,Riverside,Returning
2024-04-17 20:00:00,INV8981,Novel,Books,3,481,1443,Cash,City Center,New
2024-03-15 06:00:00,INV8982,Headphones,Electronics,5,1309,6545,Online Gateway,Riverside,Returning
2024-09-04 19:00:00,INV8983,Microwave,Home Appliances,2,6961,13922,Online Gateway,Riverside,New
2024-10-01 18:00:00,INV8984,Microwave,Home Appliances,2,7103,14206,UPI,City Center,Returning
2024-05-26 16:00:00,INV8985,Notebook,Books,1,-81,-81,Cash,City Center,Returning
2024-05-14 02:00:00,INV8986,Jeans,Fashion,1,1930,1930,Cash,Riverside,Returning
2024-06-05 13:00:00,INV8987,Notebook,Books,3,126,378,Cash,City Center,New
2024-06-16 08:00:00,INV8988,Washing Machine,Home Appliances,1,15025,15025,UPI,City Center,Returning
2024-04-28 05:00:00,INV8989,Laptop,Electronics,4,59806,239224,Card,City Center,Returning
2024-09-07 00:00:00,INV8990,Headphones,Electronics,3,1465,4395,Card,City Center,New
2024-10-20 02:00:00,INV8991,T-shirt,Fashion,1,830,830,Online Gateway,City Center,New
2024-10-31 13:00:00,INV8992,Mixer Grinder,Home Appliances,1,3594,3594,UPI,Riverside,New
2024-06-25 15:00:00,INV8993,Microwave,Home Appliances,3,6936,20808,Cash,City Center,Returning
2024-07-03 12:00:00,INV8994,Shoes,Fashion,4,2614,10456,Cash,Riverside,Returning
2024-06-21 22:00:00,INV8995,Mixer Grinder,Home Appliances,2,3583,7166,Cash,Riverside,New
2024-03-01 06:00:00,INV8996,Novel,Books,2,408,816,Online Gateway,City Center,New
2024-09-26 12:00:00,INV8997,Mixer Grinder,Home Appliances,2,3599,7198,Online Gateway,Riverside,Returning
2024-08-29 06:00:00,INV8998,Smartphone,Electronics,2,19831,39662,Online Gateway,Riverside,Returning
2024-06-22 23:00:00,INV8999,T-shirt,Fashion,4,845,3380,Online Gateway,Riverside,Returning
2024-07-30 16:00:00,INV9000,Mixer Grinder,Home Appliances,3,3495,10485,Card,Riverside,New
2024-02-06 00:00:00,INV9001,Mixer Grinder,Home Appliances,3,3480,10440,Cash,City Center,Returning
2024-10-12 20:00:00,INV9002,Shoes,Fashion,5,2597,12985,Card,Riverside,Returning
2024-12-26 23:00:00,INV9003,Laptop,Electronics,5,60096,300480,Card,Riverside,New
2024-09-16 01:00:00,INV9004,Laptop,Electronics,2,60066,120132,UPI,Riverside,New
2024-08-24 08:00:00,INV9005,T-shirt,Fashion,2,870,1740,Card,Riverside,Returning
2024-03-03 14:00:00,INV9006,Headphones,Electronics,1,1426,1426,Card,Riverside,Returning
2024-07-14 04:00:00,INV9007,Novel,Books,1,574,574,Cash,City Center,Returning
2024-02-28 18:00:00,INV9008,Headphones,Electronics,5,1405,7025,Cash,Riverside,New
2024-06-06 02:00:00,INV9009,Laptop,Electronics,4,60050,240200,Card,City Center,New
2024-07-13 03:00:00,INV9010,Laptop,Electronics,2,60087,120174,UPI,City Center,New
2024-06-15 17:00:00,INV9011,Pen Set,Books,4,176,704,Online Gateway,Riverside,Returning
2024-05-25 03:00:00,INV9012,Novel,Books,2,656,1312,Cash,City Center,New
2024-07-09 02:00:00,INV9013,Jeans,Fashion,1,1850,1850,Cash,Riverside,New
2024-01-25 22:00:00,INV9014,Novel,Books,3,548,1644,UPI,Riverside,Returning
2024-05-06 17:00:00,INV9015,Pen Set,Books,3,-138,-414,Online Gateway,City Center,Returning
2024-12-06 00:00:00,INV9016,Shoes,Fashion,5,2532,12660,Online Gateway,Riverside,New
2024-09-23 07:00:00,INV9017,Mixer Grinder,Home Appliances,3,3425,10275,Cash,Riverside,Returning
2024-10-30 15:00:00,INV9018,Washing Machine,Home Appliances,4,15017,60068,UPI,Riverside,New
2024-01-03 18:00:00,INV9019,Novel,Books,4,392,1568,Online Gateway,City Center,New
2024-12-04 11:00:00,INV9020,Pen Set,Books,4,-39,-156,Card,Riverside,New
2024-04-24 14:00:00,INV9021,Microwave,Home Appliances,1,6897,6897,Cash,City Center,Returning
2024-12-26 21:00:00,INV9022,Washing Machine,Home Appliances,4,15191,60764,UPI,City Center,Returning
2024-10-10 14:00:00,INV9023,Smartphone,Electronics,2,19957,39914,Card,City Center,Returning
2024-09-24 21:00:00,INV9024,Washing Machine,Home Appliances,5,15133,75665,Card,City Center,Returning
2024-12-04 11:00:00,INV9025,Washing Machine,Home Appliances,5,14843,74215,Online Gateway,City Center,Returning
2024-03-08 23:00:00,INV9026,Pen Set,Books,1,148,148,Cash,Riverside,New
2024-09-25 20:00:00,INV9027,Headphones,Electronics,3,1395,4185,Card,Riverside,New
2024-02-02 06:00:00,INV9028,Microwave,Home Appliances,3,7173,21519,Card,Riverside,New
2024-09-11 11:00:00,INV9029,Mixer Grinder,Home Appliances,1,3334,3334,Card,City Center,Returning
2024-11-21 04:00:00,INV9030,Shoes,Fashion,3,2338,7014,Card,Riverside,Returning
2024-06-16 11:00:00,INV9031,Pen Set,Books,1,73,73,Card,Riverside,New
2024-02-08 17:00:00,INV9032,Smartphone,Electronics,1,20179,20179,UPI,Riverside,Returning
2024-05-05 12:00:00,INV9033,Headphones,Electronics,1,1527,1527,Card,Riverside,Returning
2024-07-28 08:00:00,INV9034,Mixer Grinder,Home Appliances,4,3684,14736,Card,Riverside,Returning
2024-09-18 00:00:00,INV9035,Smartphone,Electronics,3,19965,59895,UPI,Riverside,Returning
2024-11-28 05:00:00,INV9036,Microwave,Home Appliances,2,6832,13664,Cash,Riverside,Returning
2024-07-16 01:00:00,INV9037,Novel,Books,2,507,1014,Online Gateway,City Center,Returning
2024-11-27 17:00:00,INV9038,Notebook,Books,1,-93,-93,UPI,City Center,New
2024-04-27 11:00:00,INV9039,Laptop,Electronics,1,59952,59952,UPI,Riverside,New
2024-10-04 07:00:00,INV9040,Washing Machine,Home Appliances,3,15021,45063,Cash,City Center,Returning
2024-02-19 08:00:00,INV9041,Smartphone,Electronics,5,20150,100750,Cash,City Center,Returning
2024-12-19 08:00:00,INV9042,T-shirt,Fashion,4,966,3864,Card,City Center,Returning
2024-09-21 07:00:00,INV9043,Smartphone,Electronics,4,19905,79620,UPI,Riverside,New
2024-01-22 23:00:00,INV9044,Mixer Grinder,Home Appliances,4,3411,13644,Online Gateway,City Center,New
2024-02-08 04:00:00,INV9045,T-shirt,Fashion,5,699,3495,Cash,City Center,New
2024-05-28 22:00:00,INV9046,Microwave,Home Appliances,2,7190,14380,Card,City Center,New
2024-05-18 07:00:00,INV9047,T-shirt,Fashion,3,603,1809,Card,City Center,New
2024-02-28 14:00:00,INV9048,T-shirt,Fashion,5,657,3285,Cash,Riverside,Returning
2024-02-21 17:00:00,INV9049,Microwave,Home Appliances,4,6930,27720,Card,Riverside,New
2024-08-04 22:00:00,INV9050,Mixer Grinder,Home Appliances,4,3584,14336,Cash,City Center,New
2024-10-29 01:00:00,INV9051,Pen Set,Books,4,182,728,Card,City Center,Returning
2024-05-10 13:00:00,INV9052,Pen Set,Books,5,-98,-490,Cash,Riverside,Returning
2024-02-03 06:00:00,INV9053,Shoes,Fashion,5,2394,11970,UPI,City Center,New
2024-03-04 11:00:00,INV9054,Headphones,Electronics,1,1402,1402,Online Gateway,Riverside,New
2024-10-27 09:00:00,INV9055,Washing Machine,Home Appliances,1,15133,15133,Card,City Center,Returning
2024-07-24 08:00:00,INV9056,Smartphone,Electronics,4,20188,80752,Online Gateway,Riverside,New
2024-04-30 08:00:00,INV9057,Headphones,Electronics,5,1552,7760,UPI,City Center,Returning
2024-04-22 02:00:00,INV9058,Headphones,Electronics,4,1653,6612,UPI,City Center,New
2024-06-19 11:00:00,INV9059,Jeans,Fashion,1,1727,1727,Cash,Riverside,Returning
2024-10-30 10:00:00,INV9060,Mixer Grinder,Home Appliances,1,3388,3388,Card,Riverside,New
2024-09-17 09:00:00,INV9061,Novel,Books,5,468,2340,Card,City Center,New
2024-01-29 18:00:00,INV9062,Headphones,Electronics,4,1630,6520,Cash,Riverside,Returning
2024-12-29 07:00:00,INV9063,Novel,Books,3,427,1281,UPI,City Center,Returning
2024-03-03 07:00:00,INV9064,Novel,Books,5,673,3365,Card,City Center,New
2024-02-07 04:00:00,INV9065,Laptop,Electronics,4,59885,239540,UPI,Riverside,New
2024-12-23 10:00:00,INV9066,Notebook,Books,1,74,74,Online Gateway,City Center,New
2024-09-01 17:00:00,INV9067,Laptop,Electronics,4,60055,240220,Cash,City Center,Returning
2024-07-06 15:00:00,INV9068,Washing Machine,Home Appliances,4,14819,59276,Cash,Riverside,New
2024-02-07 09:00:00,INV9069,Headphones,Electronics,5,1300,6500,UPI,Riverside,Returning
2024-01-30 14:00:00,INV9070,Smartphone,Electronics,2,19819,39638,Card,Riverside,New
2024-06-02 23:00:00,INV9071,T-shirt,Fashion,5,828,4140,UPI,Riverside,Returning
2024-04-21 22:00:00,INV9072,Headphones,Electronics,2,1529,3058,Online Gateway,City Center,Returning
2024-10-26 12:00:00,INV9073,Shoes,Fashion,2,2531,5062,Online Gateway,Riverside,New
2024-08-28 18:00:00,INV9074,Pen Set,Books,4,238,952,Card,Riverside,New
2024-11-19 16:00:00,INV9075,Pen Set,Books,2,58,116,Cash,Riverside,Returning
2024-07-27 21:00:00,INV9076,Microwave,Home Appliances,3,6838,20514,Online Gateway,Riverside,New
2024-07-07 00:00:00,INV9077,Washing Machine,Home Appliances,4,15162,60648,Card,City Center,Returning
2024-01-18 07:00:00,INV9078,Pen Set,Books,3,63,189,Cash,Riverside,Returning
2024-06-23 04:00:00,INV9079,Shoes,Fashion,3,2546,7638,Online Gateway,Riverside,Returning
2024-06-26 14:00:00,INV9080,Mixer Grinder,Home Appliances,3,3588,10764,Card,Riverside,Returning
2024-04-14 19:00:00,INV9081,Mixer Grinder,Home Appliances,2,3511,7022,Cash,City Center,Returning
2024-08-23 00:00:00,INV9082,T-shirt,Fashion,3,877,2631,Card,City Center,Returning
2024-10-02 16:00:00,INV9083,Laptop,Electronics,3,59866,179598,UPI,Riverside,Returning
2024-02-11 08:00:00,INV9084,Laptop,Electronics,2,59979,119958,Online Gateway,Riverside,New
2024-07-01 02:00:00,INV9085,Headphones,Electronics,1,1545,1545,Card,Riverside,New
2024-03-14 21:00:00,INV9086,Washing Machine,Home Appliances,1,15170,15170,Cash,City Center,Returning
2024-05-28 09:00:00,INV9087,Pen Set,Books,4,-44,-176,Card,Riverside,New
2024-06-08 00:00:00,INV9088,Shoes,Fashion,5,2671,13355,Cash,Riverside,New
2024-10-03 09:00:00,INV9089,Microwave,Home Appliances,3,6846,20538,Card,Riverside,New
2024-03-14 04:00:00,INV9090,Mixer Grinder,Home Appliances,4,3463,13852,UPI,City Center,New
2024-04-08 21:00:00,INV9091,Mixer Grinder,Home Appliances,4,3697,14788,Cash,Riverside,New
2024-04-17 08:00:00,INV9092,Microwave,Home Appliances,5,6905,34525,Card,City Center,New
2024-06-23 08:00:00,INV9093,Headphones,Electronics,5,1455,7275,Cash,City Center,Returning
2024-04-09 21:00:00,INV9094,Jeans,Fashion,5,1748,8740,Card,Riverside,New
2024-09-05 17:00:00,INV9095,Smartphone,Electronics,4,19991,79964,Online Gateway,Riverside,Returning
2024-07-07 23:00:00,INV9096,Jeans,Fashion,4,1754,7016,Online Gateway,City Center,New
2024-10-13 19:00:00,INV9097,Mixer Grinder,Home Appliances,1,3305,3305,Online Gateway,City Center,Returning
2024-12-04 15:00:00,INV9098,Washing Machine,Home Appliances,1,14972,14972,UPI,Riverside,New
2024-01-31 14:00:00,INV9099,Mixer Grinder,Home Appliances,3,3359,10077,Cash,Riverside,New
2024-01-27 08:00:00,INV9100,Laptop,Electronics,4,59994,239976,Cash,Riverside,New
2024-06-26 20:00:00,INV9101,Notebook,Books,3,-1,-3,Cash,Riverside,Returning
2024-06-19 19:00:00,INV9102,Washing Machine,Home Appliances,1,15154,15154,Card,Riverside,Returning
2024-04-30 21:00:00,INV9103,Pen Set,Books,3,42,126,Online Gateway,City Center,New
2024-03-10 07:00:00,INV9104,T-shirt,Fashion,2,717,1434,Online Gateway,Riverside,Returning
2024-08-20 23:00:00,INV9105,Microwave,Home Appliances,3,6985,20955,UPI,Riverside,New
2024-06-10 08:00:00,INV9106,Washing Machine,Home Appliances,5,14897,74485,UPI,City Center,Returning
2024-02-13 22:00:00,INV9107,Laptop,Electronics,3,59899,179697,Card,City Center,Returning
2024-12-23 04:00:00,INV9108,Novel,Books,5,522,2610,Online Gateway,Riverside,New
2024-05-08 10:00:00,INV9109,Mixer Grinder,Home Appliances,1,3563,3563,Online Gateway,Riverside,New
2024-11-29 15:00:00,INV9110,T-shirt,Fashion,1,748,748,Cash,City Center,Returning
2024-06-26 13:00:00,INV9111,Shoes,Fashion,3,2569,7707,Online Gateway,Riverside,Returning
2024-04-09 13:00:00,INV9112,Smartphone,Electronics,2,20180,40360,Online Gateway,City Center,New
2024-05-28 01:00:00,INV9113,Microwave,Home Appliances,5,6828,34140,Card,City Center,New
2024-08-02 02:00:00,INV9114,Laptop,Electronics,5,60131,300655,UPI,Riverside,New
2024-01-23 16:00:00,INV9115,Smartphone,Electronics,2,19843,39686,Card,Riverside,Returning
2024-06-01 15:00:00,INV9116,Jeans,Fashion,4,1910,7640,Cash,City Center,Returning
2024-04-03 07:00:00,INV9117,Headphones,Electronics,3,1505,4515,Online Gateway,Riverside,New
2024-06-06 05:00:00,INV9118,Shoes,Fashion,1,2495,2495,Card,Riverside,Returning
2024-04-19 11:00:00,INV9119,Microwave,Home Appliances,5,6901,34505,Online Gateway,City Center,Returning
2024-10-02 18:00:00,INV9120,Smartphone,Electronics,1,19945,19945,Cash,City Center,Returning
2024-10-09 12:00:00,INV9121,Microwave,Home Appliances,4,7047,28188,Online Gateway,Riverside,Returning
2024-11-29 23:00:00,INV9122,Novel,Books,2,680,1360,Card,City Center,Returning
2024-05-10 10:00:00,INV9123,Novel,Books,4,545,2180,Card,Riverside,New
2024-01-05 00:00:00,INV9124,Novel,Books,4,541,2164,UPI,Riverside,Returning
2024-06-09 18:00:00,INV9125,Novel,Books,1,367,367,Cash,Riverside,Returning
2024-04-22 20:00:00,INV9126,T-shirt,Fashion,1,683,683,UPI,Riverside,New
2024-08-12 21:00:00,INV9127,Mixer Grinder,Home Appliances,5,3370,16850,Online Gateway,Riverside,Returning
2024-09-13 08:00:00,INV9128,Novel,Books,3,361,1083,Card,Riverside,Returning
2024-01-20 00:00:00,INV9129,Microwave,Home Appliances,3,7192,21576,Online Gateway,Riverside,New
2024-09-03 10:00:00,INV9130,Mixer Grinder,Home Appliances,4,3565,14260,Online Gateway,City Center,New
2024-07-01 00:00:00,INV9131,T-shirt,Fashion,1,876,876,Card,Riverside,New
2024-06-19 08:00:00,INV9132,Pen Set,Books,5,-4,-20,Cash,Riverside,Returning
2024-12-15 23:00:00,INV9133,T-shirt,Fashion,4,742,2968,Card,Riverside,New
2024-03-21 17:00:00,INV9134,Microwave,Home Appliances,2,6985,13970,UPI,Riverside,Returning
2024-02-17 18:00:00,INV9135,Pen Set,Books,2,95,190,Online Gateway,City Center,New
2024-08-02 16:00:00,INV9136,Novel,Books,3,429,1287,Online Gateway,City Center,Returning
2024-06-28 03:00:00,INV9137,T-shirt,Fashion,1,833,833,UPI,City Center,New
2024-12-04 06:00:00,INV9138,Novel,Books,1,429,429,Online Gateway,City Center,New
2024-12-25 18:00:00,INV9139,Microwave,Home Appliances,5,6886,34430,Cash,City Center,Returning
2024-11-19 07:00:00,INV9140,Washing Machine,Home Appliances,5,15106,75530,Cash,City Center,Returning
2024-11-27 09:00:00,INV9141,Mixer Grinder,Home Appliances,4,3545,14180,Online Gateway,City Center,Returning
2024-07-18 08:00:00,INV9142,Jeans,Fashion,1,1654,1654,Card,City Center,New
2024-03-01 21:00:00,INV9143,Jeans,Fashion,4,1831,7324,Online Gateway,Riverside,Returning
2024-02-18 07:00:00,INV9144,Shoes,Fashion,1,2690,2690,Online Gateway,Riverside,New
2024-01-17 02:00:00,INV9145,Mixer Grinder,Home Appliances,4,3392,13568,Online Gateway,Riverside,Returning
2024-10-26 16:00:00,INV9146,Pen Set,Books,5,60,300,Cash,Riverside,New
2024-07-17 23:00:00,INV9147,Shoes,Fashion,5,2500,12500,Card,City Center,New
2024-05-22 01:00:00,INV9148,Laptop,Electronics,2,59872,119744,Online Gateway,City Center,Returning
2024-01-29 17:00:00,INV9149,Notebook,Books,5,164,820,Online Gateway,Riverside,New
2024-10-19 20:00:00,INV9150,Novel,Books,3,506,1518,Online Gateway,Riverside,Returning
2024-10-29 14:00:00,INV9151,Novel,Books,4,531,2124,Cash,Riverside,New
2024-08-24 00:00:00,INV9152,Washing Machine,Home Appliances,3,14937,44811,Card,Riverside,Returning
2024-10-08 22:00:00,INV9153,T-shirt,Fashion,1,667,667,Cash,Riverside,Returning
2024-02-09 16:00:00,INV9154,Headphones,Electronics,1,1576,1576,Cash,City Center,New
2024-09-12 22:00:00,INV9155,Mixer Grinder,Home Appliances,5,3427,17135,UPI,City Center,New
2024-09-05 15:00:00,INV9156,Laptop,Electronics,5,59883,299415,Cash,Riverside,New
2024-10-27 05:00:00,INV9157,Washing Machine,Home Appliances,3,14813,44439,UPI,Riverside,Returning
2024-04-13 12:00:00,INV9158,Mixer Grinder,Home Appliances,4,3616,14464,Online Gateway,City Center,New
2024-03-18 06:00:00,INV9159,Smartphone,Electronics,5,19886,99430,Card,City Center,New
2024-05-14 15:00:00,INV9160,Jeans,Fashion,2,1753,3506,Cash,Riverside,New
2024-04-18 05:00:00,INV9161,Jeans,Fashion,4,1767,7068,UPI,City Center,Returning
2024-11-22 05:00:00,INV9162,Washing Machine,Home Appliances,5,15013,75065,Cash,City Center,Returning
2024-12-07 02:00:00,INV9163,Microwave,Home Appliances,5,7180,35900,Card,City Center,New
2024-06-14 23:00:00,INV9164,Shoes,Fashion,3,2523,7569,UPI,City Center,New
2024-10-17 03:00:00,INV9165,Smartphone,Electronics,5,19937,99685,UPI,Riverside,Returning
2024-10-05 12:00:00,INV9166,Washing Machine,Home Appliances,4,14842,59368,Online Gateway,City Center,Returning
2024-01-28 08:00:00,INV9167,Laptop,Electronics,4,59944,239776,Cash,City Center,New
2024-11-18 15:00:00,INV9168,Smartphone,Electronics,5,19957,99785,Cash,Riverside,New
2024-10-11 23:00:00,INV9169,Notebook,Books,2,226,452,Online Gateway,Riverside,New
2024-09-20 00:00:00,INV9170,Shoes,Fashion,3,2624,7872,Online Gateway,Riverside,Returning
2024-11-26 18:00:00,INV9171,T-shirt,Fashion,4,982,3928,Cash,City Center,New
2024-09-14 08:00:00,INV9172,Shoes,Fashion,5,2443,12215,Online Gateway,Riverside,New
2024-05-16 21:00:00,INV9173,Washing Machine,Home Appliances,3,14954,44862,Cash,City Center,New
2024-08-19 15:00:00,INV9174,Pen Set,Books,5,158,790,Cash,Riverside,New
2024-05-28 11:00:00,INV9175,Jeans,Fashion,2,1773,3546,UPI,City Center,Returning
2024-07-10 00:00:00,INV9176,Notebook,Books,4,-36,-144,Online Gateway,City Center,Returning
2024-07-19 17:00:00,INV9177,Pen Set,Books,5,-107,-535,Card,Riverside,Returning
2024-07-29 01:00:00,INV9178,Jeans,Fashion,1,1725,1725,UPI,City Center,Returning
2024-09-14 14:00:00,INV9179,Notebook,Books,3,216,648,Cash,Riverside,New
2024-11-30 10:00:00,INV9180,Jeans,Fashion,5,1670,8350,UPI,City Center,Returning
2024-05-15 04:00:00,INV9181,Notebook,Books,3,293,879,UPI,Riverside,Returning
2024-02-13 08:00:00,INV9182,Smartphone,Electronics,2,19830,39660,Online Gateway,City Center,Returning
2024-04-04 17:00:00,INV9183,Smartphone,Electronics,1,20119,20119,UPI,Riverside,New
2024-05-31 05:00:00,INV9184,Notebook,Books,4,-21,-84,UPI,City Center,New
2024-03-29 02:00:00,INV9185,Shoes,Fashion,1,2461,2461,UPI,Riverside,Returning
2024-11-02 20:00:00,INV9186,Shoes,Fashion,5,2700,13500,UPI,Riverside,New
2024-03-10 21:00:00,INV9187,Mixer Grinder,Home Appliances,1,3652,3652,UPI,Riverside,New
2024-05-08 22:00:00,INV9188,Laptop,Electronics,5,59884,299420,Card,City Center,Returning
2024-09-01 17:00:00,INV9189,Laptop,Electronics,4,60086,240344,Online Gateway,City Center,New
2024-04-05 04:00:00,INV9190,Jeans,Fashion,2,1897,3794,Cash,City Center,New
2024-07-29 12:00:00,INV9191,T-shirt,Fashion,2,695,1390,Card,Riverside,New
2024-10-21 06:00:00,INV9192,Laptop,Electronics,3,60148,180444,UPI,Riverside,Returning
2024-03-07 05:00:00,INV9193,Pen Set,Books,4,-75,-300,UPI,Riverside,Returning
2024-04-15 00:00:00,INV9194,Washing Machine,Home Appliances,3,15175,45525,Online Gateway,City Center,New
2024-07-12 16:00:00,INV9195,Novel,Books,2,608,1216,UPI,City Center,New
2024-08-26 17:00:00,INV9196,Laptop,Electronics,5,60149,300745,UPI,City Center,Returning
2024-01-29 22:00:00,INV9197,Microwave,Home Appliances,5,7025,35125,Card,City Center,Returning
2024-11-21 07:00:00,INV9198,Microwave,Home Appliances,2,7171,14342,Card,Riverside,New
2024-06-02 11:00:00,INV9199,Laptop,Electronics,1,60087,60087,Online Gateway,Riverside,Returning
2024-10-06 08:00:00,INV9200,Washing Machine,Home Appliances,1,15030,15030,UPI,Riverside,Returning
2024-11-03 00:00:00,INV9201,Headphones,Electronics,3,1647,4941,Online Gateway,Riverside,New
2024-03-23 03:00:00,INV9202,Shoes,Fashion,2,2529,5058,Cash,Riverside,Returning
2024-12-01 15:00:00,INV9203,Mixer Grinder,Home Appliances,4,3468,13872,Cash,City Center,New
2024-06-24 18:00:00,INV9204,Laptop,Electronics,4,59974,239896,Card,City Center,Returning
2024-03-18 20:00:00,INV9205,Washing Machine,Home Appliances,5,14824,74120,Online Gateway,Riverside,New
2024-03-10 15:00:00,INV9206,Novel,Books,1,623,623,Online Gateway,Riverside,Returning
2024-03-13 00:00:00,INV9207,Microwave,Home Appliances,4,6897,27588,Card,City Center,New
2024-11-14 00:00:00,INV9208,T-shirt,Fashion,3,998,2994,UPI,City Center,Returning
2024-09-23 19:00:00,INV9209,Shoes,Fashion,1,2593,2593,Online Gateway,City Center,New
2024-09-10 20:00:00,INV9210,Smartphone,Electronics,1,19892,19892,Cash,City Center,Returning
2024-03-30 06:00:00,INV9211,Microwave,Home Appliances,2,7112,14224,Cash,Riverside,Returning
2024-09-14 16:00:00,INV9212,Headphones,Electronics,4,1342,5368,Online Gateway,Riverside,Returning
2024-09-07 10:00:00,INV9213,T-shirt,Fashion,4,633,2532,Cash,Riverside,New
2024-01-11 13:00:00,INV9214,Jeans,Fashion,2,1826,3652,UPI,Riverside,Returning
2024-06-19 22:00:00,INV9215,Headphones,Electronics,1,1578,1578,Card,City Center,New
2024-05-27 14:00:00,INV9216,Laptop,Electronics,1,59838,59838,Online Gateway,City Center,New
2024-04-25 15:00:00,INV9217,Headphones,Electronics,1,1469,1469,Card,City Center,New
2024-11-15 22:00:00,INV9218,Microwave,Home Appliances,3,6835,20505,Online Gateway,Riverside,Returning
2024-09-15 20:00:00,INV9219,Shoes,Fashion,1,2581,2581,Online Gateway,City Center,Returning
2024-07-12 05:00:00,INV9220,Headphones,Electronics,5,1639,8195,Card,City Center,Returning
2024-09-08 10:00:00,INV9221,Microwave,Home Appliances,2,6908,13816,Card,Riverside,Returning
2024-12-18 09:00:00,INV9222,Pen Set,Books,3,-7,-21,Online Gateway,City Center,New
2024-09-26 20:00:00,INV9223,Washing Machine,Home Appliances,1,15001,15001,Cash,Riverside,Returning
2024-05-11 04:00:00,INV9224,Notebook,Books,2,151,302,Online Gateway,City Center,New
2024-05-19 23:00:00,INV9225,T-shirt,Fashion,1,878,878,Cash,City Center,New
2024-02-11 20:00:00,INV9226,Microwave,Home Appliances,2,7111,14222,Cash,Riverside,Returning
2024-07-15 13:00:00,INV9227,Novel,Books,5,668,3340,Cash,City Center,New
2024-05-16 07:00:00,INV9228,Microwave,Home Appliances,1,7176,7176,UPI,Riverside,Returning
2024-01-09 17:00:00,INV9229,Microwave,Home Appliances,4,7178,28712,UPI,Riverside,Returning
2024-08-18 19:00:00,INV9230,Jeans,Fashion,4,1903,7612,Cash,City Center,New
2024-01-07 09:00:00,INV9231,Washing Machine,Home Appliances,4,15172,60688,UPI,Riverside,Returning
2024-05-29 17:00:00,INV9232,Novel,Books,1,310,310,Card,Riverside,Returning
2024-12-24 14:00:00,INV9233,Mixer Grinder,Home Appliances,4,3461,13844,Card,City Center,New
2024-02-23 12:00:00,INV9234,Mixer Grinder,Home Appliances,1,3447,3447,UPI,City Center,New
2024-05-11 04:00:00,INV9235,T-shirt,Fashion,2,612,1224,UPI,City Center,New
2024-02-02 00:00:00,INV9236,Microwave,Home Appliances,1,6801,6801,Cash,City Center,Returning
2024-08-21 15:00:00,INV9237,Microwave,Home Appliances,3,6972,20916,UPI,Riverside,Returning
2024-05-13 10:00:00,INV9238,Shoes,Fashion,5,2522,12610,UPI,City Center,Returning
2024-04-26 03:00:00,INV9239,Shoes,Fashion,5,2371,11855,UPI,City Center,New
2024-04-02 02:00:00,INV9240,Microwave,Home Appliances,2,7124,14248,Card,City Center,New
2024-11-04 07:00:00,INV9241,Jeans,Fashion,5,1683,8415,Cash,Riverside,New
2024-09-21 02:00:00,INV9242,Washing Machine,Home Appliances,2,15150,30300,Card,City Center,New
2024-12-29 21:00:00,INV9243,Pen Set,Books,3,133,399,Cash,Riverside,New
2024-01-15 22:00:00,INV9244,Smartphone,Electronics,2,20195,40390,UPI,City Center,Returning
2024-02-05 09:00:00,INV9245,T-shirt,Fashion,2,630,1260,Online Gateway,Riverside,Returning
2024-11-08 10:00:00,INV9246,Microwave,Home Appliances,2,6847,13694,Cash,City Center,Returning
2024-07-07 10:00:00,INV9247,Smartphone,Electronics,4,20064,80256,Cash,City Center,New
2024-04-16 00:00:00,INV9248,Notebook,Books,4,112,448,Online Gateway,City Center,Returning
2024-03-17 07:00:00,INV9249,Headphones,Electronics,1,1470,1470,Card,Riverside,Returning
2024-03-02 08:00:00,INV9250,Shoes,Fashion,4,2358,9432,Cash,City Center,Returning
2024-01-14 17:00:00,INV9251,Laptop,Electronics,4,60073,240292,Online Gateway,Riverside,Returning
2024-08-31 19:00:00,INV9252,Washing Machine,Home Appliances,3,14851,44553,UPI,Riverside,New
2024-10-20 00:00:00,INV9253,Jeans,Fashion,5,1759,8795,Online Gateway,Riverside,New
2024-08-07 10:00:00,INV9254,Notebook,Books,4,49,196,Card,Riverside,New
2024-06-30 10:00:00,INV9255,Jeans,Fashion,4,1827,7308,Online Gateway,Riverside,Returning
2024-09-25 03:00:00,INV9256,Shoes,Fashion,5,2491,12455,Cash,Riverside,Returning
2024-11-28 10:00:00,INV9257,Laptop,Electronics,2,60171,120342,Card,City Center,Returning
2024-06-25 14:00:00,INV9258,Pen Set,Books,1,-99,-99,UPI,City Center,Returning
2024-09-11 16:00:00,INV9259,Pen Set,Books,1,197,197,Online Gateway,City Center,Returning
2024-07-15 18:00:00,INV9260,Notebook,Books,1,217,217,Online Gateway,City Center,New
2024-02-27 20:00:00,INV9261,Shoes,Fashion,1,2633,2633,UPI,Riverside,Returning
2024-06-23 09:00:00,INV9262,Headphones,Electronics,3,1667,5001,Online Gateway,City Center,New
2024-05-14 19:00:00,INV9263,Jeans,Fashion,5,1961,9805,UPI,City Center,New
2024-07-09 16:00:00,INV9264,Mixer Grinder,Home Appliances,3,3346,10038,Online Gateway,City Center,New
2024-02-15 20:00:00,INV9265,Washing Machine,Home Appliances,2,15080,30160,Cash,Riverside,Returning
2024-12-28 20:00:00,INV9266,Washing Machine,Home Appliances,1,15138,15138,Card,City Center,New
2024-04-15 12:00:00,INV9267,Jeans,Fashion,1,1927,1927,Card,Riverside,New
2024-11-19 18:00:00,INV9268,T-shirt,Fashion,5,704,3520,Online Gateway,City Center,Returning
2024-06-01 22:00:00,INV9269,Washing Machine,Home Appliances,5,14831,74155,Online Gateway,Riverside,New
2024-02-02 13:00:00,INV9270,T-shirt,Fashion,4,674,2696,UPI,Riverside,New
2024-05-26 19:00:00,INV9271,Pen Set,Books,4,87,348,Online Gateway,City Center,New
2024-09-12 11:00:00,INV9272,Mixer Grinder,Home Appliances,4,3681,14724,UPI,City Center,New
2024-07-18 06:00:00,INV9273,Novel,Books,4,446,1784,Online Gateway,Riverside,New
2024-07-27 03:00:00,INV9274,Novel,Books,2,371,742,Online Gateway,City Center,Returning
2024-03-03 13:00:00,INV9275,Mixer Grinder,Home Appliances,4,3312,13248,Card,Riverside,New
2024-05-08 08:00:00,INV9276,Washing Machine,Home Appliances,2,15086,30172,Cash,Riverside,Returning
2024-01-21 22:00:00,INV9277,T-shirt,Fashion,5,679,3395,Online Gateway,City Center,Returning
2024-06-10 21:00:00,INV9278,Microwave,Home Appliances,2,6914,13828,Cash,City Center,Returning
2024-11-29 17:00:00,INV9279,Mixer Grinder,Home Appliances,1,3366,3366,Online Gateway,Riverside,Returning
2024-01-26 23:00:00,INV9280,Shoes,Fashion,3,2303,6909,UPI,City Center,Returning
2024-02-13 18:00:00,INV9281,Pen Set,Books,3,-17,-51,Online Gateway,Riverside,Returning
2024-11-03 17:00:00,INV9282,Pen Set,Books,2,243,486,Card,Riverside,Returning
2024-09-10 09:00:00,INV9283,Novel,Books,4,564,2256,UPI,City Center,Returning
2024-08-16 12:00:00,INV9284,Novel,Books,2,334,668,Online Gateway,Riverside,New
2024-06-06 04:00:00,INV9285,Microwave,Home Appliances,1,6926,6926,UPI,City Center,Returning
2024-06-12 04:00:00,INV9286,Jeans,Fashion,3,1928,5784,Online Gateway,City Center,Returning
2024-06-16 10:00:00,INV9287,Laptop,Electronics,1,59981,59981,Online Gateway,Riverside,Returning
2024-02-25 09:00:00,INV9288,Pen Set,Books,5,-128,-640,Online Gateway,Riverside,Returning
2024-06-20 10:00:00,INV9289,T-shirt,Fashion,5,835,4175,UPI,City Center,New
2024-05-20 07:00:00,INV9290,Mixer Grinder,Home Appliances,2,3360,6720,Card,Riverside,Returning
2024-12-03 07:00:00,INV9291,Laptop,Electronics,4,60074,240296,Card,City Center,Returning
2024-08-02 05:00:00,INV9292,Novel,Books,3,576,1728,Card,City Center,Returning
2024-06-13 15:00:00,INV9293,Jeans,Fashion,2,1746,3492,Cash,Riverside,New
2024-07-30 20:00:00,INV9294,Notebook,Books,2,86,172,Card,Riverside,New
2024-03-06 13:00:00,INV9295,Microwave,Home Appliances,4,7158,28632,UPI,Riverside,Returning
2024-04-19 18:00:00,INV9296,Smartphone,Electronics,3,19850,59550,Cash,City Center,New
2024-04-25 08:00:00,INV9297,Notebook,Books,1,49,49,Online Gateway,City Center,New
2024-08-08 22:00:00,INV9298,Notebook,Books,2,195,390,Card,Riverside,Returning
2024-09-17 10:00:00,INV9299,T-shirt,Fashion,5,963,4815,Cash,City Center,New
2024-02-20 11:00:00,INV9300,Microwave,Home Appliances,4,6837,27348,Card,Riverside,Returning
2024-09-05 03:00:00,INV9301,Pen Set,Books,1,14,14,Online Gateway,Riverside,New
2024-02-18 08:00:00,INV9302,Novel,Books,1,602,602,Cash,Riverside,Returning
2024-09-06 01:00:00,INV9303,T-shirt,Fashion,4,891,3564,UPI,City Center,New
2024-10-20 09:00:00,INV9304,Notebook,Books,2,-86,-172,Card,City Center,New
2024-04-09 07:00:00,INV9305,Washing Machine,Home Appliances,3,14849,44547,Online Gateway,Riverside,Returning
2024-09-01 20:00:00,INV9306,Laptop,Electronics,2,60155,120310,Card,Riverside,Returning
2024-05-27 12:00:00,INV9307,T-shirt,Fashion,3,664,1992,Online Gateway,Riverside,Returning
2024-07-12 03:00:00,INV9308,Headphones,Electronics,5,1307,6535,Card,City Center,Returning
2024-02-15 15:00:00,INV9309,Jeans,Fashion,4,1691,6764,Online Gateway,City Center,New
2024-09-02 21:00:00,INV9310,Mixer Grinder,Home Appliances,1,3486,3486,Cash,City Center,New
2024-12-08 07:00:00,INV9311,Laptop,Electronics,2,59800,119600,Cash,Riverside,New
2024-02-14 23:00:00,INV9312,Microwave,Home Appliances,5,6878,34390,Online Gateway,Riverside,New
2024-12-14 18:00:00,INV9313,Pen Set,Books,2,-124,-248,Card,City Center,Returning
2024-04-28 15:00:00,INV9314,Smartphone,Electronics,1,20077,20077,Cash,Riverside,New
2024-03-22 16:00:00,INV9315,Headphones,Electronics,2,1662,3324,Online Gateway,Riverside,Returning
2024-03-02 09:00:00,INV9316,Headphones,Electronics,1,1487,1487,UPI,City Center,Returning
2024-07-22 16:00:00,INV9317,Pen Set,Books,1,146,146,Cash,Riverside,New
2024-07-26 11:00:00,INV9318,Notebook,Books,2,132,264,Card,City Center,Returning
2024-02-20 12:00:00,INV9319,Headphones,Electronics,5,1509,7545,Card,Riverside,New
2024-08-25 09:00:00,INV9320,T-shirt,Fashion,5,685,3425,Online Gateway,City Center,Returning
2024-01-18 11:00:00,INV9321,Notebook,Books,3,215,645,UPI,Riverside,New
2024-06-01 11:00:00,INV9322,Laptop,Electronics,5,59872,299360,Card,City Center,Returning
2024-08-08 03:00:00,INV9323,Jeans,Fashion,5,1858,9290,UPI,Riverside,New
2024-02-25 20:00:00,INV9324,Mixer Grinder,Home Appliances,2,3434,6868,Online Gateway,City Center,New
2024-08-02 01:00:00,INV9325,Washing Machine,Home Appliances,1,15139,15139,Cash,Riverside,Returning
2024-08-04 05:00:00,INV9326,Mixer Grinder,Home Appliances,4,3487,13948,Card,City Center,New
2024-02-26 17:00:00,INV9327,Novel,Books,4,344,1376,UPI,City Center,Returning
2024-01-25 15:00:00,INV9328,Smartphone,Electronics,4,20039,80156,UPI,City Center,New
2024-01-22 22:00:00,INV9329,Headphones,Electronics,4,1605,6420,Cash,Riverside,Returning
2024-11-23 07:00:00,INV9330,T-shirt,Fashion,5,641,3205,Cash,City Center,Returning
2024-02-23 20:00:00,INV9331,Notebook,Books,2,162,324,UPI,Riverside,Returning
2024-03-09 22:00:00,INV9332,Mixer Grinder,Home Appliances,4,3438,13752,UPI,City Center,New
2024-01-08 19:00:00,INV9333,Novel,Books,2,515,1030,Card,Riverside,Returning
2024-04-24 22:00:00,INV9334,Pen Set,Books,5,-139,-695,Online Gateway,City Center,New
2024-12-29 08:00:00,INV9335,Laptop,Electronics,5,60126,300630,Cash,Riverside,Returning
2024-12-25 09:00:00,INV9336,Laptop,Electronics,1,60091,60091,Online Gateway,Riverside,New
2024-09-24 23:00:00,INV9337,Notebook,Books,3,128,384,UPI,City Center,New
2024-09-08 13:00:00,INV9338,Jeans,Fashion,3,1957,5871,UPI,Riverside,New
2024-12-19 22:00:00,INV9339,Pen Set,Books,5,-13,-65,Online Gateway,City Center,New
2024-06-23 06:00:00,INV9340,Smartphone,Electronics,3,20155,60465,Cash,City Center,New
2024-10-17 13:00:00,INV9341,Washing Machine,Home Appliances,2,14939,29878,Card,Riverside,Returning
2024-01-19 05:00:00,INV9342,Microwave,Home Appliances,1,6802,6802,Card,Riverside,New
2024-02-04 16:00:00,INV9343,Novel,Books,1,501,501,Online Gateway,City Center,Returning
2024-12-30 15:00:00,INV9344,Pen Set,Books,3,249,747,Online Gateway,City Center,Returning
2024-08-29 10:00:00,INV9345,Microwave,Home Appliances,4,6881,27524,UPI,Riverside,Returning
2024-05-28 22:00:00,INV9346,T-shirt,Fashion,4,797,3188,Card,City Center,New
2024-06-06 17:00:00,INV9347,Jeans,Fashion,4,1667,6668,Cash,City Center,New
2024-08-05 12:00:00,INV9348,Laptop,Electronics,4,59927,239708,UPI,Riverside,Returning
2024-11-18 22:00:00,INV9349,Notebook,Books,1,158,158,Cash,Riverside,New
2024-10-11 02:00:00,INV9350,Laptop,Electronics,2,59880,119760,Card,City Center,Returning
2024-01-29 12:00:00,INV9351,Novel,Books,4,476,1904,Online Gateway,City Center,New
2024-06-25 09:00:00,INV9352,Washing Machine,Home Appliances,5,15196,75980,Card,Riverside,Returning
2024-01-25 01:00:00,INV9353,Jeans,Fashion,4,1784,7136,UPI,Riverside,New
2024-11-29 15:00:00,INV9354,Jeans,Fashion,5,1811,9055,UPI,Riverside,Returning
2024-01-10 11:00:00,INV9355,Laptop,Electronics,4,60190,240760,Online Gateway,Riverside,Returning
2024-04-07 00:00:00,INV9356,Mixer Grinder,Home Appliances,2,3636,7272,Online Gateway,Riverside,Returning
2024-04-23 19:00:00,INV9357,Smartphone,Electronics,2,19823,39646,Cash,City Center,New
2024-01-18 22:00:00,INV9358,Jeans,Fashion,3,1733,5199,Online Gateway,Riverside,Returning
2024-03-12 05:00:00,INV9359,Shoes,Fashion,2,2446,4892,Online Gateway,Riverside,New
2024-08-28 22:00:00,INV9360,Novel,Books,3,625,1875,UPI,Riverside,Returning
2024-02-21 10:00:00,INV9361,Laptop,Electronics,3,59860,179580,UPI,Riverside,New
2024-12-19 21:00:00,INV9362,Jeans,Fashion,4,1708,6832,Card,Riverside,New
2024-08-04 21:00:00,INV9363,Washing Machine,Home Appliances,5,14971,74855,Cash,City Center,New
2024-02-29 04:00:00,INV9364,Novel,Books,4,631,2524,Cash,City Center,Returning
2024-02-02 00:00:00,INV9365,Jeans,Fashion,5,1778,8890,UPI,Riverside,New
2024-09-08 10:00:00,INV9366,Headphones,Electronics,5,1568,7840,Cash,City Center,New
2024-12-25 19:00:00,INV9367,Notebook,Books,2,47,94,Cash,Riverside,Returning
2024-05-09 08:00:00,INV9368,Pen Set,Books,1,-109,-109,Cash,City Center,Returning
2024-06-30 11:00:00,INV9369,Microwave,Home Appliances,4,6950,27800,Card,Riverside,New
2024-05-17 17:00:00,INV9370,T-shirt,Fashion,5,919,4595,Cash,Riverside,New
2024-03-05 02:00:00,INV9371,Microwave,Home Appliances,1,6932,6932,Card,Riverside,Returning
2024-02-25 11:00:00,INV9372,Microwave,Home Appliances,3,7109,21327,Card,Riverside,Returning
2024-12-06 08:00:00,INV9373,Washing Machine,Home Appliances,5,15073,75365,Card,Riverside,New
2024-10-16 03:00:00,INV9374,Washing Machine,Home Appliances,1,15158,15158,Online Gateway,Riverside,Returning
2024-12-10 05:00:00,INV9375,T-shirt,Fashion,3,868,2604,Cash,Riverside,New
2024-08-19 14:00:00,INV9376,Smartphone,Electronics,5,20012,100060,UPI,City Center,New
2024-09-04 16:00:00,INV9377,Pen Set,Books,4,138,552,Cash,City Center,Returning
2024-10-23 22:00:00,INV9378,Shoes,Fashion,1,2368,2368,Online Gateway,City Center,Returning
2024-01-21 00:00:00,INV9379,Jeans,Fashion,4,1753,7012,Cash,City Center,Returning
2024-08-07 07:00:00,INV9380,Jeans,Fashion,5,1788,8940,Online Gateway,Riverside,Returning
2024-06-19 14:00:00,INV9381,Jeans,Fashion,5,1648,8240,Card,Riverside,New
2024-09-13 23:00:00,INV9382,Shoes,Fashion,1,2553,2553,Card,Riverside,New
2024-04-26 09:00:00,INV9383,Smartphone,Electronics,5,20155,100775,Card,Riverside,Returning
2024-04-30 12:00:00,INV9384,Smartphone,Electronics,2,20177,40354,Card,Riverside,Returning
2024-02-19 22:00:00,INV9385,Novel,Books,2,403,806,Card,Riverside,New
2024-11-29 19:00:00,INV9386,Pen Set,Books,2,-3,-6,UPI,Riverside,Returning
2024-04-08 20:00:00,INV9387,Smartphone,Electronics,1,20192,20192,Online Gateway,City Center,Returning
2024-03-19 20:00:00,INV9388,T-shirt,Fashion,2,770,1540,Cash,Riverside,New
2024-08-29 06:00:00,INV9389,Mixer Grinder,Home Appliances,4,3402,13608,Card,Riverside,New
2024-03-19 11:00:00,INV9390,Headphones,Electronics,2,1351,2702,Online Gateway,Riverside,New
2024-08-15 19:00:00,INV9391,Headphones,Electronics,5,1680,8400,Cash,City Center,Returning
2024-02-03 05:00:00,INV9392,Laptop,Electronics,4,59998,239992,Card,Riverside,Returning
2024-12-08 01:00:00,INV9393,Shoes,Fashion,2,2443,4886,Online Gateway,City Center,New
2024-12-09 03:00:00,INV9394,Notebook,Books,4,6,24,Card,Riverside,Returning
2024-01-07 10:00:00,INV9395,T-shirt,Fashion,1,963,963,Online Gateway,City Center,Returning
2024-07-25 18:00:00,INV9396,Laptop,Electronics,2,59969,119938,Card,City Center,Returning
2024-06-19 00:00:00,INV9397,Pen Set,Books,1,-13,-13,Card,Riverside,New
2024-12-01 10:00:00,INV9398,Microwave,Home Appliances,2,7132,14264,Card,Riverside,Returning
2024-09-04 19:00:00,INV9399,Laptop,Electronics,3,60173,180519,UPI,Riverside,New
2024-06-29 00:00:00,INV9400,Washing Machine,Home Appliances,1,15124,15124,Card,City Center,Returning
2024-03-19 20:00:00,INV9401,T-shirt,Fashion,4,678,2712,Card,Riverside,New
2024-05-22 16:00:00,INV9402,Jeans,Fashion,3,1721,5163,Cash,Riverside,New
2024-03-24 23:00:00,INV9403,Smartphone,Electronics,2,20113,40226,Cash,City Center,Returning
2024-10-05 01:00:00,INV9404,Jeans,Fashion,5,1909,9545,Card,Riverside,Returning
2024-09-08 08:00:00,INV9405,Notebook,Books,2,0,0,UPI,City Center,Returning
2024-07-20 09:00:00,INV9406,Laptop,Electronics,3,60014,180042,Card,City Center,Returning
2024-01-24 13:00:00,INV9407,Jeans,Fashion,3,1805,5415,Card,Riverside,New
2024-11-04 20:00:00,INV9408,Mixer Grinder,Home Appliances,2,3584,7168,UPI,City Center,Returning
2024-03-25 02:00:00,INV9409,T-shirt,Fashion,5,799,3995,Cash,City Center,Returning
2024-04-06 10:00:00,INV9410,Pen Set,Books,3,100,300,Card,City Center,New
2024-07-02 20:00:00,INV9411,Microwave,Home Appliances,5,7176,35880,Card,Riverside,Returning
2024-06-10 19:00:00,INV9412,Laptop,Electronics,5,60144,300720,UPI,City Center,Returning
2024-12-08 08:00:00,INV9413,T-shirt,Fashion,4,789,3156,Cash,City Center,Returning
2024-10-07 19:00:00,INV9414,Jeans,Fashion,1,1770,1770,Online Gateway,Riverside,Returning
2024-11-25 06:00:00,INV9415,Jeans,Fashion,5,1904,9520,Cash,Riverside,Returning
2024-02-19 13:00:00,INV9416,Mixer Grinder,Home Appliances,4,3602,14408,Online Gateway,City Center,New
2024-10-25 04:00:00,INV9417,Shoes,Fashion,2,2448,4896,Card,City Center,Returning
2024-11-01 22:00:00,INV9418,Shoes,Fashion,1,2331,2331,Online Gateway,City Center,New
2024-10-13 20:00:00,INV9419,Novel,Books,1,319,319,Online Gateway,Riverside,New
2024-05-11 13:00:00,INV9420,Pen Set,Books,2,45,90,Card,Riverside,New
2024-08-18 00:00:00,INV9421,Notebook,Books,1,54,54,Card,City Center,New
2024-03-13 13:00:00,INV9422,Mixer Grinder,Home Appliances,4,3355,13420,Card,City Center,New
2024-06-02 16:00:00,INV9423,Headphones,Electronics,5,1510,7550,Cash,Riverside,New
2024-11-07 21:00:00,INV9424,Pen Set,Books,2,175,350,UPI,Riverside,Returning
2024-08-11 17:00:00,INV9425,Headphones,Electronics,2,1433,2866,Card,City Center,Returning
2024-08-23 04:00:00,INV9426,Shoes,Fashion,1,2376,2376,Card,City Center,New
2024-06-16 15:00:00,INV9427,Laptop,Electronics,1,59849,59849,Card,City Center,Returning
2024-01-30 20:00:00,INV9428,Mixer Grinder,Home Appliances,5,3387,16935,Card,Riverside,New
2024-06-14 07:00:00,INV9429,Jeans,Fashion,1,1928,1928,Online Gateway,City Center,New
2024-11-05 07:00:00,INV9430,Jeans,Fashion,2,1988,3976,Card,Riverside,Returning
2024-09-25 18:00:00,INV9431,Smartphone,Electronics,4,20010,80040,Card,Riverside,Returning
2024-05-13 23:00:00,INV9432,Washing Machine,Home Appliances,4,14992,59968,UPI,City Center,Returning
2024-11-22 01:00:00,INV9433,Microwave,Home Appliances,5,6985,34925,Card,Riverside,New
2024-01-17 06:00:00,INV9434,T-shirt,Fashion,1,882,882,Card,City Center,Returning
2024-05-06 13:00:00,INV9435,Laptop,Electronics,5,59827,299135,Online Gateway,City Center,New
2024-01-10 16:00:00,INV9436,Washing Machine,Home Appliances,1,14865,14865,Online Gateway,City Center,New
2024-05-10 11:00:00,INV9437,Pen Set,Books,3,66,198,Online Gateway,City Center,Returning
2024-11-14 02:00:00,INV9438,Smartphone,Electronics,4,20181,80724,Card,Riverside,New
2024-01-10 17:00:00,INV9439,Novel,Books,2,449,898,UPI,Riverside,Returning
2024-02-27 23:00:00,INV9440,Microwave,Home Appliances,2,7078,14156,Card,Riverside,New
2024-02-07 01:00:00,INV9441,Mixer Grinder,Home Appliances,2,3332,6664,UPI,Riverside,New
2024-11-25 06:00:00,INV9442,Novel,Books,2,384,768,Card,City Center,New
2024-02-01 01:00:00,INV9443,Shoes,Fashion,5,2669,13345,Cash,City Center,Returning
2024-01-18 19:00:00,INV9444,Headphones,Electronics,2,1411,2822,UPI,City Center,Returning
2024-01-31 11:00:00,INV9445,Headphones,Electronics,4,1648,6592,Cash,Riverside,New
2024-02-03 07:00:00,INV9446,Pen Set,Books,1,-8,-8,UPI,City Center,New
2024-09-28 03:00:00,INV9447,T-shirt,Fashion,3,682,2046,Card,City Center,Returning
2024-10-19 17:00:00,INV9448,Jeans,Fashion,4,1826,7304,Cash,City Center,New
2024-11-13 16:00:00,INV9449,Pen Set,Books,3,-133,-399,UPI,Riverside,New
2024-12-12 22:00:00,INV9450,Pen Set,Books,5,204,1020,Card,City Center,Returning
2024-08-12 07:00:00,INV9451,T-shirt,Fashion,1,780,780,Card,Riverside,New
2024-09-15 15:00:00,INV9452,Shoes,Fashion,5,2528,12640,UPI,City Center,New
2024-04-15 18:00:00,INV9453,Jeans,Fashion,2,1990,3980,Cash,Riverside,Returning
2024-06-03 22:00:00,INV9454,Mixer Grinder,Home Appliances,4,3485,13940,UPI,City Center,New
2024-12-09 00:00:00,INV9455,Jeans,Fashion,4,1666,6664,Card,City Center,New
2024-05-20 07:00:00,INV9456,Laptop,Electronics,1,60046,60046,Cash,Riverside,New
2024-07-27 16:00:00,INV9457,Mixer Grinder,Home Appliances,4,3608,14432,UPI,Riverside,Returning
2024-08-05 21:00:00,INV9458,Notebook,Books,4,45,180,Online Gateway,Riverside,New
2024-11-03 20:00:00,INV9459,Pen Set,Books,5,-100,-500,UPI,City Center,Returning
2024-04-10 15:00:00,INV9460,Notebook,Books,4,85,340,Cash,Riverside,New
2024-10-25 19:00:00,INV9461,Notebook,Books,2,134,268,Cash,City Center,Returning
2024-05-02 21:00:00,INV9462,Headphones,Electronics,3,1625,4875,UPI,City Center,New
2024-06-26 13:00:00,INV9463,Pen Set,Books,1,234,234,UPI,Riverside,Returning
2024-08-02 09:00:00,INV9464,Headphones,Electronics,3,1336,4008,Card,Riverside,Returning
2024-05-24 10:00:00,INV9465,Microwave,Home Appliances,4,7130,28520,Cash,Riverside,New
2024-05-08 16:00:00,INV9466,Pen Set,Books,3,141,423,Online Gateway,Riverside,Returning
2024-02-16 11:00:00,INV9467,Laptop,Electronics,2,59902,119804,Online Gateway,Riverside,New
2024-07-09 18:00:00,INV9468,T-shirt,Fashion,3,988,2964,Card,City Center,New
2024-04-17 22:00:00,INV9469,Washing Machine,Home Appliances,3,14938,44814,Card,City Center,Returning
2024-11-03 04:00:00,INV9470,Notebook,Books,1,51,51,Card,Riverside,New
2024-05-28 21:00:00,INV9471,Pen Set,Books,2,94,188,Cash,Riverside,New
2024-05-04 02:00:00,INV9472,Pen Set,Books,3,-53,-159,Cash,City Center,New
2024-10-31 17:00:00,INV9473,Jeans,Fashion,4,1873,7492,Card,City Center,Returning
2024-10-19 14:00:00,INV9474,Shoes,Fashion,1,2682,2682,Card,City Center,Returning
2024-07-26 07:00:00,INV9475,Headphones,Electronics,4,1441,5764,Online Gateway,Riverside,Returning
2024-07-24 05:00:00,INV9476,Mixer Grinder,Home Appliances,4,3331,13324,Online Gateway,Riverside,Returning
2024-12-01 07:00:00,INV9477,T-shirt,Fashion,3,683,2049,Online Gateway,City Center,New
2024-12-03 02:00:00,INV9478,Microwave,Home Appliances,1,7035,7035,Cash,City Center,New
2024-12-01 11:00:00,INV9479,Pen Set,Books,1,-95,-95,Card,Riverside,Returning
2024-08-08 12:00:00,INV9480,Mixer Grinder,Home Appliances,1,3490,3490,Online Gateway,Riverside,New
2024-10-03 21:00:00,INV9481,Smartphone,Electronics,1,20178,20178,Online Gateway,Riverside,New
2024-08-13 03:00:00,INV9482,Laptop,Electronics,3,59931,179793,Cash,City Center,New
2024-05-22 22:00:00,INV9483,Microwave,Home Appliances,2,7157,14314,Card,City Center,Returning
2024-03-24 03:00:00,INV9484,Novel,Books,2,315,630,UPI,City Center,New
2024-09-08 06:00:00,INV9485,Pen Set,Books,4,-2,-8,Cash,Riverside,New
2024-06-11 03:00:00,INV9486,Headphones,Electronics,1,1330,1330,Online Gateway,City Center,Returning
2024-10-24 17:00:00,INV9487,Notebook,Books,2,-62,-124,Cash,Riverside,Returning
2024-12-20 02:00:00,INV9488,Laptop,Electronics,2,59845,119690,UPI,Riverside,Returning
2024-03-28 14:00:00,INV9489,Laptop,Electronics,4,60012,240048,Cash,Riverside,Returning
2024-05-06 06:00:00,INV9490,Jeans,Fashion,1,1736,1736,Cash,Riverside,New
2024-12-21 04:00:00,INV9491,Jeans,Fashion,1,1770,1770,Online Gateway,City Center,Returning
2024-12-03 19:00:00,INV9492,Smartphone,Electronics,3,20168,60504,Card,Riverside,Returning
2024-01-11 02:00:00,INV9493,Laptop,Electronics,2,59833,119666,UPI,City Center,Returning
2024-03-19 12:00:00,INV9494,Smartphone,Electronics,1,19971,19971,Cash,City Center,New
2024-11-29 23:00:00,INV9495,Pen Set,Books,4,-61,-244,Online Gateway,City Center,Returning
2024-10-08 03:00:00,INV9496,Shoes,Fashion,3,2615,7845,Card,Riverside,New
2024-12-19 22:00:00,INV9497,Laptop,Electronics,4,59853,239412,Online Gateway,Riverside,New
2024-06-29 10:00:00,INV9498,Notebook,Books,3,257,771,Online Gateway,City Center,Returning
2024-11-23 15:00:00,INV9499,Jeans,Fashion,2,1662,3324,Cash,Riverside,New
2024-05-09 13:00:00,INV9500,Microwave,Home Appliances,1,6895,6895,Card,City Center,Returning
2024-04-01 02:00:00,INV9501,Headphones,Electronics,3,1675,5025,Cash,Riverside,Returning
2024-03-05 14:00:00,INV9502,Pen Set,Books,2,3,6,Cash,Riverside,New
2024-01-27 22:00:00,INV9503,Pen Set,Books,5,69,345,Card,Riverside,New
2024-09-13 00:00:00,INV9504,Shoes,Fashion,4,2319,9276,Cash,City Center,New
2024-07-13 00:00:00,INV9505,Smartphone,Electronics,5,19850,99250,UPI,City Center,New
2024-01-23 09:00:00,INV9506,Novel,Books,5,649,3245,Cash,City Center,Returning
2024-09-30 20:00:00,INV9507,Pen Set,Books,1,150,150,Card,City Center,Returning
2024-01-10 18:00:00,INV9508,T-shirt,Fashion,1,771,771,UPI,City Center,Returning
2024-09-29 11:00:00,INV9509,T-shirt,Fashion,2,752,1504,UPI,City Center,New
2024-02-27 06:00:00,INV9510,Washing Machine,Home Appliances,4,14933,59732,Card,Riverside,New
2024-03-20 13:00:00,INV9511,Mixer Grinder,Home Appliances,4,3620,14480,Online Gateway,Riverside,Returning
2024-10-27 18:00:00,INV9512,Mixer Grinder,Home Appliances,1,3342,3342,Cash,Riverside,New
2024-01-04 08:00:00,INV9513,Headphones,Electronics,5,1627,8135,Card,Riverside,New
2024-03-27 19:00:00,INV9514,T-shirt,Fashion,2,609,1218,Online Gateway,Riverside,Returning
2024-03-11 10:00:00,INV9515,Microwave,Home Appliances,5,7064,35320,Card,Riverside,Returning
2024-02-01 12:00:00,INV9516,Microwave,Home Appliances,5,6834,34170,Cash,Riverside,New
2024-04-21 06:00:00,INV9517,Mixer Grinder,Home Appliances,2,3428,6856,Cash,City Center,Returning
2024-06-05 07:00:00,INV9518,Smartphone,Electronics,2,19897,39794,Cash,Riverside,Returning
2024-12-26 19:00:00,INV9519,Novel,Books,2,328,656,Card,City Center,Returning
2024-08-07 05:00:00,INV9520,Washing Machine,Home Appliances,1,15163,15163,Online Gateway,City Center,New
2024-10-12 12:00:00,INV9521,Smartphone,Electronics,4,19877,79508,UPI,City Center,New
2024-03-03 06:00:00,INV9522,Washing Machine,Home Appliances,4,14829,59316,Online Gateway,Riverside,New
2024-08-27 04:00:00,INV9523,Smartphone,Electronics,1,20083,20083,UPI,City Center,New
2024-12-01 15:00:00,INV9524,Novel,Books,1,680,680,Card,Riverside,Returning
2024-02-07 13:00:00,INV9525,Microwave,Home Appliances,2,7187,14374,Online Gateway,City Center,Returning
2024-01-29 00:00:00,INV9526,Shoes,Fashion,2,2411,4822,UPI,City Center,Returning
2024-12-25 14:00:00,INV9527,Washing Machine,Home Appliances,4,15129,60516,Online Gateway,Riverside,New
2024-01-19 12:00:00,INV9528,Pen Set,Books,3,31,93,Cash,City Center,New
2024-12-26 15:00:00,INV9529,Jeans,Fashion,1,1947,1947,Cash,City Center,New
2024-04-01 14:00:00,INV9530,Washing Machine,Home Appliances,5,14895,74475,UPI,City Center,New
2024-04-05 07:00:00,INV9531,Jeans,Fashion,3,1820,5460,UPI,Riverside,New
2024-06-16 00:00:00,INV9532,Novel,Books,5,683,3415,UPI,City Center,New
2024-01-21 16:00:00,INV9533,T-shirt,Fashion,2,813,1626,Cash,Riverside,New
2024-03-01 23:00:00,INV9534,Jeans,Fashion,1,1957,1957,Card,City Center,Returning
2024-10-11 12:00:00,INV9535,Washing Machine,Home Appliances,1,15097,15097,Cash,City Center,Returning
2024-06-26 05:00:00,INV9536,Novel,Books,5,407,2035,Online Gateway,Riverside,Returning
2024-01-21 13:00:00,INV9537,Novel,Books,1,421,421,Card,City Center,Returning
2024-07-30 01:00:00,INV9538,Microwave,Home Appliances,3,7088,21264,Cash,City Center,Returning
2024-08-14 06:00:00,INV9539,Washing Machine,Home Appliances,4,14970,59880,UPI,City Center,New
2024-02-29 10:00:00,INV9540,T-shirt,Fashion,2,852,1704,UPI,City Center,New
2024-03-15 17:00:00,INV9541,Jeans,Fashion,4,1781,7124,Card,City Center,Returning
2024-04-23 11:00:00,INV9542,Laptop,Electronics,5,59926,299630,Online Gateway,City Center,New
2024-01-28 10:00:00,INV9543,Novel,Books,1,409,409,Online Gateway,Riverside,Returning
2024-07-17 09:00:00,INV9544,Mixer Grinder,Home Appliances,4,3526,14104,UPI,Riverside,Returning
2024-11-13 22:00:00,INV9545,Jeans,Fashion,2,1995,3990,UPI,City Center,Returning
2024-12-30 05:00:00,INV9546,Shoes,Fashion,3,2638,7914,Online Gateway,Riverside,New
2024-06-30 06:00:00,INV9547,Novel,Books,2,554,1108,Cash,City Center,New
2024-01-09 15:00:00,INV9548,Laptop,Electronics,4,60079,240316,Cash,City Center,New
2024-06-23 14:00:00,INV9549,Microwave,Home Appliances,5,6845,34225,Cash,City Center,New
2024-03-19 11:00:00,INV9550,Shoes,Fashion,2,2302,4604,Card,City Center,Returning
2024-04-30 06:00:00,INV9551,Smartphone,Electronics,4,19804,79216,Cash,Riverside,Returning
2024-01-20 21:00:00,INV9552,Microwave,Home Appliances,5,7073,35365,UPI,City Center,Returning
2024-12-15 05:00:00,INV9553,Washing Machine,Home Appliances,1,15088,15088,Cash,Riverside,Returning
2024-10-12 14:00:00,INV9554,T-shirt,Fashion,3,736,2208,Cash,Riverside,New
2024-02-01 11:00:00,INV9555,Novel,Books,3,681,2043,Online Gateway,City Center,Returning
2024-07-24 11:00:00,INV9556,Notebook,Books,2,-36,-72,Card,Riverside,Returning
2024-08-26 12:00:00,INV9557,Headphones,Electronics,4,1353,5412,Cash,Riverside,Returning
2024-06-21 22:00:00,INV9558,Notebook,Books,1,-14,-14,Online Gateway,City Center,New
2024-06-18 04:00:00,INV9559,Mixer Grinder,Home Appliances,3,3511,10533,UPI,Riverside,New
2024-07-17 13:00:00,INV9560,Smartphone,Electronics,5,20100,100500,UPI,Riverside,Returning
2024-05-30 12:00:00,INV9561,T-shirt,Fashion,5,894,4470,Card,City Center,Returning
2024-09-30 01:00:00,INV9562,T-shirt,Fashion,3,697,2091,Cash,City Center,New
2024-11-03 10:00:00,INV9563,Shoes,Fashion,5,2450,12250,Online Gateway,Riverside,New
2024-03-11 09:00:00,INV9564,Notebook,Books,3,55,165,UPI,City Center,New
2024-02-24 20:00:00,INV9565,Notebook,Books,4,18,72,Online Gateway,City Center,New
2024-10-24 02:00:00,INV9566,Mixer Grinder,Home Appliances,3,3524,10572,UPI,City Center,Returning
2024-05-12 18:00:00,INV9567,Novel,Books,3,526,1578,Online Gateway,City Center,New
2024-08-29 05:00:00,INV9568,Mixer Grinder,Home Appliances,2,3634,7268,UPI,City Center,New
2024-02-17 17:00:00,INV9569,Laptop,Electronics,2,59946,119892,Card,Riverside,Returning
2024-07-02 02:00:00,INV9570,Headphones,Electronics,2,1451,2902,Online Gateway,City Center,Returning
2024-11-26 22:00:00,INV9571,Smartphone,Electronics,2,19857,39714,Online Gateway,Riverside,Returning
2024-11-10 12:00:00,INV9572,Pen Set,Books,1,117,117,Online Gateway,City Center,New
2024-01-24 08:00:00,INV9573,Laptop,Electronics,4,60018,240072,UPI,Riverside,New
2024-03-20 16:00:00,INV9574,Pen Set,Books,3,-84,-252,UPI,Riverside,Returning
2024-03-18 16:00:00,INV9575,Mixer Grinder,Home Appliances,2,3686,7372,Card,Riverside,Returning
2024-01-13 08:00:00,INV9576,Pen Set,Books,1,171,171,UPI,Riverside,Returning
2024-04-10 09:00:00,INV9577,Laptop,Electronics,2,60094,120188,Online Gateway,City Center,New
2024-11-13 22:00:00,INV9578,Pen Set,Books,3,43,129,Online Gateway,City Center,New
2024-03-01 21:00:00,INV9579,T-shirt,Fashion,3,910,2730,Online Gateway,City Center,New
2024-06-27 20:00:00,INV9580,Novel,Books,4,469,1876,Card,City Center,New
2024-04-04 12:00:00,INV9581,Smartphone,Electronics,3,20139,60417,Card,City Center,Returning
2024-02-11 10:00:00,INV9582,Laptop,Electronics,4,60107,240428,Cash,City Center,Returning
2024-09-30 02:00:00,INV9583,Pen Set,Books,5,206,1030,Online Gateway,Riverside,New
2024-01-01 07:00:00,INV9584,Smartphone,Electronics,3,19831,59493,Card,City Center,Returning
2024-04-14 19:00:00,INV9585,Jeans,Fashion,1,1691,1691,Card,Riverside,Returning
2024-02-29 01:00:00,INV9586,T-shirt,Fashion,1,860,860,Card,City Center,Returning
2024-04-06 12:00:00,INV9587,Mixer Grinder,Home Appliances,5,3355,16775,UPI,Riverside,Returning
2024-11-02 14:00:00,INV9588,Headphones,Electronics,3,1312,3936,Online Gateway,Riverside,New
2024-06-12 20:00:00,INV9589,Mixer Grinder,Home Appliances,2,3323,6646,Card,Riverside,New
2024-09-15 12:00:00,INV9590,Notebook,Books,1,126,126,Online Gateway,Riverside,Returning
2024-02-23 15:00:00,INV9591,Jeans,Fashion,3,1600,4800,Cash,Riverside,New
2024-02-16 14:00:00,INV9592,Pen Set,Books,3,97,291,Online Gateway,City Center,New
2024-12-30 08:00:00,INV9593,Washing Machine,Home Appliances,4,14906,59624,Card,Riverside,New
2024-11-14 05:00:00,INV9594,T-shirt,Fashion,2,729,1458,Online Gateway,Riverside,New
2024-01-28 12:00:00,INV9595,Jeans,Fashion,1,1822,1822,Card,City Center,Returning
2024-10-15 10:00:00,INV9596,Washing Machine,Home Appliances,4,15162,60648,Cash,Riverside,New
2024-12-03 16:00:00,INV9597,Pen Set,Books,3,184,552,Card,Riverside,Returning
2024-09-21 01:00:00,INV9598,Mixer Grinder,Home Appliances,3,3338,10014,Online Gateway,City Center,Returning
2024-04-15 09:00:00,INV9599,Notebook,Books,3,281,843,Online Gateway,Riverside,New
2024-06-14 10:00:00,INV9600,Laptop,Electronics,4,59834,239336,UPI,Riverside,New
2024-05-21 23:00:00,INV9601,Smartphone,Electronics,4,20142,80568,UPI,City Center,Returning
2024-11-05 00:00:00,INV9602,T-shirt,Fashion,1,971,971,Cash,City Center,New
2024-07-17 08:00:00,INV9603,Jeans,Fashion,4,1946,7784,Card,Riverside,Returning
2024-03-20 01:00:00,INV9604,Headphones,Electronics,4,1566,6264,Card,Riverside,Returning
2024-09-22 04:00:00,INV9605,Microwave,Home Appliances,4,6968,27872,UPI,City Center,New
2024-12-18 16:00:00,INV9606,Shoes,Fashion,3,2541,7623,Cash,Riverside,Returning
2024-06-19 07:00:00,INV9607,Smartphone,Electronics,2,20031,40062,UPI,City Center,New
2024-07-01 06:00:00,INV9608,Mixer Grinder,Home Appliances,2,3514,7028,UPI,Riverside,Returning
2024-11-12 23:00:00,INV9609,Headphones,Electronics,5,1414,7070,Online Gateway,Riverside,Returning
2024-06-16 11:00:00,INV9610,Washing Machine,Home Appliances,2,15032,30064,UPI,Riverside,Returning
2024-02-03 23:00:00,INV9611,Notebook,Books,3,-93,-279,Card,Riverside,New
2024-10-29 07:00:00,INV9612,Novel,Books,4,484,1936,UPI,Riverside,New
2024-02-08 10:00:00,INV9613,Washing Machine,Home Appliances,3,15121,45363,Card,City Center,New
2024-07-21 19:00:00,INV9614,Novel,Books,3,524,1572,Cash,Riverside,Returning
2024-02-22 16:00:00,INV9615,T-shirt,Fashion,4,803,3212,UPI,City Center,New
2024-06-04 04:00:00,INV9616,Smartphone,Electronics,5,20173,100865,Online Gateway,Riverside,New
2024-04-23 10:00:00,INV9617,Microwave,Home Appliances,1,6939,6939,Card,Riverside,New
2024-08-11 03:00:00,INV9618,Mixer Grinder,Home Appliances,4,3332,13328,UPI,City Center,Returning
2024-04-16 06:00:00,INV9619,Notebook,Books,3,15,45,Cash,City Center,Returning
2024-08-09 15:00:00,INV9620,Pen Set,Books,2,131,262,UPI,Riverside,Returning
2024-10-05 14:00:00,INV9621,Headphones,Electronics,3,1331,3993,Card,Riverside,New
2024-03-10 17:00:00,INV9622,T-shirt,Fashion,4,863,3452,Online Gateway,City Center,Returning
2024-07-10 03:00:00,INV9623,Washing Machine,Home Appliances,2,14930,29860,Card,Riverside,New
2024-08-11 01:00:00,INV9624,T-shirt,Fashion,4,838,3352,Cash,City Center,Returning
2024-10-12 17:00:00,INV9625,Microwave,Home Appliances,5,7033,35165,Card,Riverside,New
2024-03-10 10:00:00,INV9626,Jeans,Fashion,4,1662,6648,Online Gateway,City Center,New
2024-07-06 23:00:00,INV9627,Pen Set,Books,4,-42,-168,Online Gateway,Riverside,New
2024-09-14 04:00:00,INV9628,Shoes,Fashion,5,2669,13345,Online Gateway,City Center,New
2024-02-27 16:00:00,INV9629,T-shirt,Fashion,1,957,957,Card,City Center,New
2024-07-02 11:00:00,INV9630,Washing Machine,Home Appliances,4,15012,60048,Cash,Riverside,New
2024-06-13 18:00:00,INV9631,T-shirt,Fashion,4,916,3664,Online Gateway,Riverside,Returning
2024-09-19 17:00:00,INV9632,Headphones,Electronics,1,1557,1557,Card,City Center,Returning
2024-12-09 20:00:00,INV9633,Microwave,Home Appliances,5,7122,35610,Card,City Center,Returning
2024-10-28 14:00:00,INV9634,Microwave,Home Appliances,4,7133,28532,Online Gateway,Riverside,New
2024-10-17 21:00:00,INV9635,Notebook,Books,4,-48,-192,Online Gateway,Riverside,New
2024-09-08 02:00:00,INV9636,Notebook,Books,3,165,495,UPI,Riverside,New
2024-10-02 09:00:00,INV9637,Jeans,Fashion,4,1874,7496,UPI,City Center,New
2024-12-27 00:00:00,INV9638,Jeans,Fashion,2,1905,3810,Cash,City Center,New
2024-02-09 22:00:00,INV9639,T-shirt,Fashion,1,714,714,Online Gateway,City Center,Returning
2024-12-29 12:00:00,INV9640,Jeans,Fashion,3,1665,4995,UPI,Riverside,New
2024-01-21 13:00:00,INV9641,Smartphone,Electronics,3,19961,59883,Card,City Center,New
2024-10-20 10:00:00,INV9642,Mixer Grinder,Home Appliances,1,3589,3589,UPI,City Center,Returning
2024-01-04 09:00:00,INV9643,Smartphone,Electronics,5,19800,99000,Online Gateway,City Center,Returning
2024-10-18 15:00:00,INV9644,Microwave,Home Appliances,4,7134,28536,Online Gateway,City Center,New
2024-05-03 18:00:00,INV9645,Shoes,Fashion,1,2500,2500,UPI,Riverside,New
2024-01-01 11:00:00,INV9646,Mixer Grinder,Home Appliances,2,3398,6796,Online Gateway,Riverside,New
2024-11-22 00:00:00,INV9647,Jeans,Fashion,3,1604,4812,Card,Riverside,New
2024-02-01 17:00:00,INV9648,Shoes,Fashion,2,2675,5350,Cash,City Center,New
2024-05-12 17:00:00,INV9649,Headphones,Electronics,3,1453,4359,Online Gateway,Riverside,Returning
2024-01-02 01:00:00,INV9650,Novel,Books,1,449,449,UPI,Riverside,Returning
2024-03-16 06:00:00,INV9651,Laptop,Electronics,2,59848,119696,Online Gateway,City Center,Returning
2024-10-04 03:00:00,INV9652,Washing Machine,Home Appliances,5,15136,75680,Card,Riverside,New
2024-08-24 00:00:00,INV9653,Headphones,Electronics,1,1334,1334,UPI,City Center,Returning
2024-08-02 18:00:00,INV9654,T-shirt,Fashion,3,798,2394,Card,Riverside,Returning
2024-08-30 16:00:00,INV9655,Novel,Books,5,563,2815,Card,Riverside,Returning
2024-06-01 11:00:00,INV9656,Shoes,Fashion,4,2623,10492,UPI,Riverside,Returning
2024-03-04 13:00:00,INV9657,Novel,Books,5,359,1795,Cash,Riverside,New
2024-02-01 16:00:00,INV9658,Headphones,Electronics,4,1529,6116,Card,City Center,New
2024-01-25 18:00:00,INV9659,Washing Machine,Home Appliances,1,14940,14940,Card,Riverside,New
2024-10-26 16:00:00,INV9660,Novel,Books,5,371,1855,Cash,City Center,New
2024-02-13 23:00:00,INV9661,T-shirt,Fashion,4,734,2936,Card,Riverside,New
2024-05-08 11:00:00,INV9662,Washing Machine,Home Appliances,5,15139,75695,Online Gateway,City Center,New
2024-06-02 03:00:00,INV9663,Novel,Books,5,677,3385,Card,Riverside,New
2024-09-05 05:00:00,INV9664,Smartphone,Electronics,1,19870,19870,Cash,City Center,New
2024-08-06 23:00:00,INV9665,Pen Set,Books,5,164,820,Card,City Center,New
2024-06-25 04:00:00,INV9666,Jeans,Fashion,1,1999,1999,UPI,Riverside,Returning
2024-06-23 05:00:00,INV9667,Microwave,Home Appliances,4,6840,27360,Online Gateway,City Center,Returning
2024-03-17 06:00:00,INV9668,Mixer Grinder,Home Appliances,1,3421,3421,Cash,Riverside,New
2024-05-21 11:00:00,INV9669,Laptop,Electronics,3,60149,180447,UPI,Riverside,New
2024-02-20 03:00:00,INV9670,Smartphone,Electronics,2,19860,39720,UPI,City Center,New
2024-04-27 02:00:00,INV9671,Washing Machine,Home Appliances,1,14983,14983,Online Gateway,Riverside,New
2024-05-08 20:00:00,INV9672,Headphones,Electronics,1,1676,1676,Cash,City Center,Returning
2024-05-06 20:00:00,INV9673,T-shirt,Fashion,5,770,3850,Card,City Center,Returning
2024-09-09 23:00:00,INV9674,Novel,Books,1,605,605,Online Gateway,City Center,New
2024-10-30 00:00:00,INV9675,Shoes,Fashion,4,2449,9796,Cash,Riverside,Returning
2024-07-13 17:00:00,INV9676,Jeans,Fashion,5,1665,8325,Cash,Riverside,Returning
2024-05-26 10:00:00,INV9677,Mixer Grinder,Home Appliances,2,3503,7006,Cash,City Center,New
2024-09-15 00:00:00,INV9678,Washing Machine,Home Appliances,5,14806,74030,Cash,City Center,Returning
2024-01-07 00:00:00,INV9679,Notebook,Books,2,279,558,Online Gateway,City Center,Returning
2024-11-08 19:00:00,INV9680,T-shirt,Fashion,2,911,1822,UPI,Riverside,New
2024-07-21 09:00:00,INV9681,Notebook,Books,3,211,633,Online Gateway,City Center,New
2024-02-27 09:00:00,INV9682,Laptop,Electronics,1,60098,60098,Online Gateway,City Center,New
2024-05-11 02:00:00,INV9683,Jeans,Fashion,2,1771,3542,Card,City Center,Returning
2024-07-28 08:00:00,INV9684,Shoes,Fashion,2,2694,5388,UPI,Riverside,New
2024-02-03 01:00:00,INV9685,T-shirt,Fashion,5,879,4395,Cash,Riverside,Returning
2024-08-27 20:00:00,INV9686,Laptop,Electronics,3,60010,180030,UPI,Riverside,Returning
2024-07-02 22:00:00,INV9687,Jeans,Fashion,1,1949,1949,Online Gateway,City Center,New
2024-02-16 06:00:00,INV9688,Pen Set,Books,3,-134,-402,UPI,Riverside,Returning
2024-08-24 08:00:00,INV9689,Smartphone,Electronics,1,20127,20127,Card,Riverside,New
2024-06-17 21:00:00,INV9690,Novel,Books,1,620,620,Cash,City Center,New
2024-06-13 01:00:00,INV9691,Pen Set,Books,4,243,972,Online Gateway,Riverside,Returning
2024-06-14 03:00:00,INV9692,Notebook,Books,1,219,219,UPI,City Center,New
2024-07-24 22:00:00,INV9693,Mixer Grinder,Home Appliances,3,3646,10938,Online Gateway,City Center,Returning
2024-09-02 17:00:00,INV9694,Pen Set,Books,2,160,320,UPI,City Center,New
2024-02-16 12:00:00,INV9695,Laptop,Electronics,5,60146,300730,Card,Riverside,Returning
2024-03-13 22:00:00,INV9696,Microwave,Home Appliances,5,6902,34510,Cash,City Center,Returning
2024-06-16 19:00:00,INV9697,Laptop,Electronics,2,60031,120062,Online Gateway,City Center,New
2024-08-27 09:00:00,INV9698,Headphones,Electronics,1,1488,1488,Online Gateway,Riverside,Returning
2024-07-30 00:00:00,INV9699,Shoes,Fashion,1,2533,2533,UPI,Riverside,New
2024-09-04 10:00:00,INV9700,Shoes,Fashion,3,2311,6933,UPI,City Center,Returning
2024-05-21 13:00:00,INV9701,Laptop,Electronics,3,59829,179487,Cash,City Center,New
2024-12-10 09:00:00,INV9702,Pen Set,Books,4,-112,-448,Online Gateway,City Center,New
2024-02-26 15:00:00,INV9703,Laptop,Electronics,3,60063,180189,UPI,Riverside,New
2024-07-21 05:00:00,INV9704,Pen Set,Books,2,199,398,Card,Riverside,New
2024-03-21 21:00:00,INV9705,Laptop,Electronics,5,59945,299725,UPI,City Center,Returning
2024-05-11 04:00:00,INV9706,Jeans,Fashion,2,1958,3916,Online Gateway,City Center,Returning
2024-11-26 13:00:00,INV9707,Jeans,Fashion,4,1640,6560,UPI,Riverside,New
2024-02-23 13:00:00,INV9708,Headphones,Electronics,5,1577,7885,Online Gateway,City Center,New
2024-09-26 18:00:00,INV9709,Laptop,Electronics,5,59897,299485,Card,City Center,Returning
2024-02-02 02:00:00,INV9710,Headphones,Electronics,5,1430,7150,Cash,Riverside,Returning
2024-03-17 19:00:00,INV9711,Smartphone,Electronics,1,19849,19849,UPI,City Center,New
2024-01-04 01:00:00,INV9712,T-shirt,Fashion,1,906,906,Online Gateway,Riverside,New
2024-03-10 04:00:00,INV9713,Notebook,Books,4,-61,-244,Card,City Center,Returning
2024-06-30 05:00:00,INV9714,Washing Machine,Home Appliances,5,14952,74760,Cash,City Center,New
2024-10-22 22:00:00,INV9715,Smartphone,Electronics,1,19884,19884,Card,City Center,New
2024-11-29 08:00:00,INV9716,Smartphone,Electronics,4,20032,80128,Online Gateway,Riverside,Returning
2024-06-08 02:00:00,INV9717,Notebook,Books,4,233,932,Online Gateway,City Center,New
2024-01-14 19:00:00,INV9718,Shoes,Fashion,5,2672,13360,Card,Riverside,Returning
2024-02-29 05:00:00,INV9719,Smartphone,Electronics,3,19923,59769,UPI,Riverside,Returning
2024-11-09 00:00:00,INV9720,Headphones,Electronics,2,1558,3116,Cash,Riverside,Returning
2024-10-14 02:00:00,INV9721,Notebook,Books,5,229,1145,Cash,Riverside,New
2024-07-24 11:00:00,INV9722,Mixer Grinder,Home Appliances,5,3698,18490,Cash,Riverside,Returning
2024-09-08 01:00:00,INV9723,Laptop,Electronics,5,60190,300950,UPI,City Center,New
2024-07-02 16:00:00,INV9724,Washing Machine,Home Appliances,5,14918,74590,Online Gateway,City Center,Returning
2024-08-01 01:00:00,INV9725,Microwave,Home Appliances,4,6891,27564,Cash,City Center,Returning
2024-12-16 19:00:00,INV9726,Headphones,Electronics,4,1446,5784,Cash,City Center,Returning
2024-04-30 01:00:00,INV9727,Novel,Books,1,479,479,Online Gateway,City Center,Returning
2024-04-29 09:00:00,INV9728,Jeans,Fashion,3,1646,4938,UPI,Riverside,Returning
2024-04-17 07:00:00,INV9729,Headphones,Electronics,5,1517,7585,UPI,City Center,Returning
2024-09-14 17:00:00,INV9730,Headphones,Electronics,2,1349,2698,Online Gateway,City Center,New
2024-12-26 16:00:00,INV9731,Mixer Grinder,Home Appliances,3,3372,10116,UPI,Riverside,New
2024-08-27 05:00:00,INV9732,Novel,Books,5,330,1650,Card,City Center,New
2024-01-12 13:00:00,INV9733,Novel,Books,1,629,629,Online Gateway,City Center,Returning
2024-01-03 17:00:00,INV9734,Jeans,Fashion,1,1934,1934,Card,Riverside,New
2024-06-26 14:00:00,INV9735,Laptop,Electronics,3,60120,180360,UPI,Riverside,New
2024-08-25 16:00:00,INV9736,Shoes,Fashion,1,2448,2448,UPI,Riverside,New
2024-12-24 02:00:00,INV9737,Pen Set,Books,3,-34,-102,Cash,City Center,New
2024-11-28 21:00:00,INV9738,Headphones,Electronics,3,1333,3999,Card,City Center,New
2024-09-17 15:00:00,INV9739,Smartphone,Electronics,1,19907,19907,Cash,Riverside,Returning
2024-11-06 01:00:00,INV9740,T-shirt,Fashion,3,694,2082,Cash,Riverside,New
2024-07-14 12:00:00,INV9741,Microwave,Home Appliances,4,7057,28228,Cash,Riverside,Returning
2024-07-03 03:00:00,INV9742,Notebook,Books,5,-30,-150,Card,Riverside,Returning
2024-11-27 16:00:00,INV9743,Laptop,Electronics,2,60018,120036,Cash,Riverside,Returning
2024-09-10 06:00:00,INV9744,Washing Machine,Home Appliances,5,15133,75665,Online Gateway,Riverside,New
2024-02-29 21:00:00,INV9745,Jeans,Fashion,4,1943,7772,Online Gateway,Riverside,New
2024-12-25 04:00:00,INV9746,Smartphone,Electronics,2,19978,39956,Cash,Riverside,Returning
2024-10-20 00:00:00,INV9747,T-shirt,Fashion,5,918,4590,Online Gateway,Riverside,New
2024-08-26 19:00:00,INV9748,Pen Set,Books,4,211,844,Online Gateway,City Center,New
2024-05-20 18:00:00,INV9749,Novel,Books,4,559,2236,Cash,City Center,Returning
2024-12-23 16:00:00,INV9750,Smartphone,Electronics,1,20115,20115,UPI,Riverside,Returning
2024-09-21 11:00:00,INV9751,Laptop,Electronics,3,60125,180375,Card,City Center,New
2024-09-23 17:00:00,INV9752,Smartphone,Electronics,1,19873,19873,Online Gateway,City Center,Returning
2024-10-03 05:00:00,INV9753,Headphones,Electronics,2,1658,3316,UPI,City Center,New
2024-07-08 05:00:00,INV9754,Notebook,Books,2,7,14,Cash,Riverside,New
2024-11-24 04:00:00,INV9755,Shoes,Fashion,1,2508,2508,Cash,Riverside,Returning
2024-12-21 13:00:00,INV9756,Pen Set,Books,5,190,950,Online Gateway,Riverside,Returning
2024-12-12 20:00:00,INV9757,Washing Machine,Home Appliances,5,15049,75245,Cash,Riverside,New
2024-01-12 00:00:00,INV9758,Smartphone,Electronics,5,20069,100345,UPI,City Center,New
2024-02-29 18:00:00,INV9759,Smartphone,Electronics,3,20052,60156,Online Gateway,City Center,New
2024-08-09 23:00:00,INV9760,Novel,Books,1,400,400,Online Gateway,City Center,Returning
2024-07-31 09:00:00,INV9761,Notebook,Books,3,164,492,Online Gateway,City Center,New
2024-03-10 04:00:00,INV9762,Washing Machine,Home Appliances,3,14866,44598,Card,Riverside,New
2024-08-25 04:00:00,INV9763,Pen Set,Books,3,23,69,UPI,Riverside,New
2024-04-08 02:00:00,INV9764,Microwave,Home Appliances,1,6943,6943,Online Gateway,Riverside,Returning
2024-12-18 09:00:00,INV9765,Laptop,Electronics,5,60143,300715,Cash,Riverside,Returning
2024-09-26 05:00:00,INV9766,Notebook,Books,1,-66,-66,Online Gateway,Riverside,Returning
2024-10-20 12:00:00,INV9767,T-shirt,Fashion,1,630,630,Card,Riverside,Returning
2024-08-17 01:00:00,INV9768,Mixer Grinder,Home Appliances,5,3430,17150,Card,Riverside,Returning
2024-07-08 13:00:00,INV9769,Shoes,Fashion,4,2611,10444,Card,Riverside,Returning
2024-09-20 22:00:00,INV9770,Washing Machine,Home Appliances,1,14946,14946,UPI,Riverside,Returning
2024-09-07 10:00:00,INV9771,Smartphone,Electronics,1,20075,20075,Cash,Riverside,New
2024-07-24 06:00:00,INV9772,Mixer Grinder,Home Appliances,2,3678,7356,Online Gateway,Riverside,New
2024-09-09 17:00:00,INV9773,T-shirt,Fashion,4,837,3348,UPI,Riverside,Returning
2024-03-31 19:00:00,INV9774,Mixer Grinder,Home Appliances,3,3491,10473,Card,Riverside,New
2024-07-25 23:00:00,INV9775,Pen Set,Books,2,178,356,Cash,City Center,Returning
2024-01-27 10:00:00,INV9776,Washing Machine,Home Appliances,4,14967,59868,UPI,City Center,New
2024-05-31 07:00:00,INV9777,Jeans,Fashion,3,1921,5763,UPI,Riverside,Returning
2024-07-13 21:00:00,INV9778,Novel,Books,4,626,2504,Cash,Riverside,New
2024-04-02 10:00:00,INV9779,Microwave,Home Appliances,4,7128,28512,Cash,Riverside,Returning
2024-02-27 21:00:00,INV9780,Jeans,Fashion,2,1613,3226,Cash,City Center,Returning
2024-06-27 04:00:00,INV9781,Shoes,Fashion,1,2697,2697,UPI,City Center,New
2024-02-22 01:00:00,INV9782,Microwave,Home Appliances,2,6979,13958,Card,City Center,New
2024-11-14 08:00:00,INV9783,Novel,Books,5,482,2410,Online Gateway,Riverside,New
2024-08-26 00:00:00,INV9784,T-shirt,Fashion,1,787,787,UPI,Riverside,New
2024-02-21 21:00:00,INV9785,Jeans,Fashion,1,1855,1855,Online Gateway,Riverside,Returning
2024-12-09 13:00:00,INV9786,Washing Machine,Home Appliances,3,14879,44637,Online Gateway,Riverside,New
2024-01-19 10:00:00,INV9787,Pen Set,Books,3,-40,-120,Online Gateway,Riverside,New
2024-10-17 16:00:00,INV9788,Mixer Grinder,Home Appliances,2,3700,7400,Card,City Center,New
2024-07-13 19:00:00,INV9789,Headphones,Electronics,1,1440,1440,Cash,City Center,Returning
2024-11-27 09:00:00,INV9790,T-shirt,Fashion,5,807,4035,Cash,Riverside,New
2024-07-01 09:00:00,INV9791,Washing Machine,Home Appliances,3,14880,44640,Cash,City Center,Returning
2024-10-21 02:00:00,INV9792,Mixer Grinder,Home Appliances,4,3514,14056,Cash,Riverside,Returning
2024-02-04 06:00:00,INV9793,Shoes,Fashion,4,2387,9548,UPI,City Center,New
2024-05-02 11:00:00,INV9794,Novel,Books,2,382,764,Cash,Riverside,Returning
2024-10-22 16:00:00,INV9795,Pen Set,Books,5,-51,-255,Card,City Center,Returning
2024-08-28 05:00:00,INV9796,Pen Set,Books,1,66,66,UPI,City Center,Returning
2024-02-12 23:00:00,INV9797,Novel,Books,4,621,2484,Cash,Riverside,Returning
2024-01-24 10:00:00,INV9798,T-shirt,Fashion,3,664,1992,Card,Riverside,Returning
2024-01-15 04:00:00,INV9799,Novel,Books,3,336,1008,Cash,City Center,New
2024-07-09 07:00:00,INV9800,Notebook,Books,2,-84,-168,Online Gateway,Riverside,Returning
2024-11-23 14:00:00,INV9801,Pen Set,Books,1,2,2,Cash,Riverside,New
2024-04-05 16:00:00,INV9802,Shoes,Fashion,2,2349,4698,UPI,City Center,Returning
2024-01-10 18:00:00,INV9803,Jeans,Fashion,1,1908,1908,Online Gateway,Riverside,New
2024-08-04 18:00:00,INV9804,Novel,Books,4,314,1256,UPI,Riverside,Returning
2024-02-23 19:00:00,INV9805,Shoes,Fashion,1,2438,2438,Card,Riverside,New
2024-07-15 23:00:00,INV9806,Headphones,Electronics,1,1553,1553,Cash,Riverside,New
2024-12-29 08:00:00,INV9807,Smartphone,Electronics,1,20033,20033,Online Gateway,City Center,New
2024-05-02 11:00:00,INV9808,Headphones,Electronics,5,1538,7690,UPI,Riverside,New
2024-08-14 11:00:00,INV9809,Pen Set,Books,4,99,396,UPI,City Center,Returning
2024-10-17 21:00:00,INV9810,Laptop,Electronics,1,60048,60048,Online Gateway,Riverside,Returning
2024-08-12 16:00:00,INV9811,Shoes,Fashion,5,2690,13450,Cash,City Center,New
2024-11-28 04:00:00,INV9812,Smartphone,Electronics,2,19816,39632,UPI,City Center,New
2024-02-21 09:00:00,INV9813,Shoes,Fashion,5,2413,12065,UPI,City Center,New
2024-04-26 16:00:00,INV9814,Shoes,Fashion,4,2552,10208,UPI,City Center,Returning
2024-04-25 15:00:00,INV9815,T-shirt,Fashion,5,615,3075,Online Gateway,City Center,New
2024-09-08 20:00:00,INV9816,T-shirt,Fashion,3,881,2643,Online Gateway,Riverside,Returning
2024-05-25 07:00:00,INV9817,Laptop,Electronics,3,59856,179568,Card,Riverside,New
2024-11-03 15:00:00,INV9818,Washing Machine,Home Appliances,3,14966,44898,UPI,City Center,Returning
2024-06-09 10:00:00,INV9819,Novel,Books,2,400,800,Online Gateway,City Center,New
2024-07-27 05:00:00,INV9820,Smartphone,Electronics,3,20143,60429,Online Gateway,City Center,Returning
2024-02-07 02:00:00,INV9821,Novel,Books,1,459,459,Online Gateway,Riverside,New
2024-09-03 16:00:00,INV9822,Laptop,Electronics,2,60112,120224,Online Gateway,Riverside,Returning
2024-02-19 12:00:00,INV9823,T-shirt,Fashion,1,900,900,Cash,Riverside,New
2024-08-23 04:00:00,INV9824,Microwave,Home Appliances,4,6816,27264,Card,Riverside,Returning
2024-01-31 20:00:00,INV9825,Laptop,Electronics,3,59805,179415,Card,Riverside,Returning
2024-02-27 01:00:00,INV9826,Headphones,Electronics,2,1530,3060,Card,Riverside,Returning
2024-03-24 08:00:00,INV9827,Notebook,Books,3,295,885,UPI,Riverside,New
2024-03-02 07:00:00,INV9828,T-shirt,Fashion,5,989,4945,UPI,City Center,New
2024-03-05 00:00:00,INV9829,Novel,Books,5,316,1580,Online Gateway,Riverside,Returning
2024-01-14 06:00:00,INV9830,Pen Set,Books,2,-60,-120,Card,Riverside,Returning
2024-08-02 17:00:00,INV9831,Novel,Books,1,689,689,Cash,City Center,Returning
2024-03-19 22:00:00,INV9832,Mixer Grinder,Home Appliances,3,3358,10074,Card,Riverside,New
2024-11-28 23:00:00,INV9833,Notebook,Books,4,-9,-36,Cash,Riverside,Returning
2024-12-24 00:00:00,INV9834,Headphones,Electronics,2,1366,2732,Card,Riverside,New
2024-09-04 07:00:00,INV9835,Mixer Grinder,Home Appliances,3,3336,10008,Online Gateway,Riverside,Returning
2024-01-31 03:00:00,INV9836,Washing Machine,Home Appliances,1,15050,15050,Online Gateway,Riverside,Returning
2024-04-07 01:00:00,INV9837,Headphones,Electronics,2,1642,3284,UPI,Riverside,New
2024-04-25 10:00:00,INV9838,Washing Machine,Home Appliances,4,14807,59228,Online Gateway,City Center,New
2024-11-10 09:00:00,INV9839,Notebook,Books,3,-76,-228,Card,City Center,Returning
2024-07-20 22:00:00,INV9840,Mixer Grinder,Home Appliances,2,3500,7000,Cash,Riverside,New
2024-01-12 03:00:00,INV9841,Washing Machine,Home Appliances,4,15067,60268,Online Gateway,Riverside,New
2024-01-24 17:00:00,INV9842,Mixer Grinder,Home Appliances,1,3546,3546,UPI,Riverside,Returning
2024-03-23 05:00:00,INV9843,Shoes,Fashion,1,2312,2312,Cash,City Center,New
2024-12-30 01:00:00,INV9844,Microwave,Home Appliances,3,6806,20418,Card,Riverside,New
2024-04-27 14:00:00,INV9845,T-shirt,Fashion,4,602,2408,Card,City Center,New
2024-07-04 20:00:00,INV9846,Shoes,Fashion,4,2344,9376,UPI,City Center,New
2024-01-12 06:00:00,INV9847,Shoes,Fashion,4,2447,9788,Online Gateway,City Center,Returning
2024-11-14 09:00:00,INV9848,Novel,Books,2,596,1192,Card,City Center,Returning
2024-10-05 08:00:00,INV9849,Pen Set,Books,5,168,840,UPI,Riverside,Returning
2024-02-22 09:00:00,INV9850,Headphones,Electronics,4,1513,6052,Card,City Center,New
2024-12-09 18:00:00,INV9851,Washing Machine,Home Appliances,5,15061,75305,Card,City Center,Returning
2024-08-11 18:00:00,INV9852,Laptop,Electronics,4,59889,239556,Cash,Riverside,New
2024-07-21 10:00:00,INV9853,Notebook,Books,4,-62,-248,Cash,City Center,New
2024-12-23 13:00:00,INV9854,T-shirt,Fashion,1,919,919,Card,City Center,Returning
2024-10-18 15:00:00,INV9855,Pen Set,Books,2,74,148,Card,Riverside,Returning
2024-01-06 00:00:00,INV9856,Jeans,Fashion,2,1695,3390,Online Gateway,Riverside,Returning
2024-10-14 20:00:00,INV9857,Headphones,Electronics,4,1550,6200,Card,City Center,Returning
2024-04-05 23:00:00,INV9858,Headphones,Electronics,2,1375,2750,Cash,Riverside,Returning
2024-07-21 13:00:00,INV9859,Shoes,Fashion,2,2463,4926,Cash,City Center,Returning
2024-05-01 07:00:00,INV9860,Novel,Books,5,396,1980,Card,Riverside,Returning
2024-10-28 12:00:00,INV9861,Jeans,Fashion,1,1643,1643,Online Gateway,Riverside,New
2024-08-19 21:00:00,INV9862,Washing Machine,Home Appliances,1,15079,15079,Online Gateway,City Center,Returning
2024-09-29 03:00:00,INV9863,Novel,Books,3,354,1062,Card,City Center,Returning
2024-02-16 05:00:00,INV9864,Washing Machine,Home Appliances,1,15176,15176,UPI,Riverside,Returning
2024-10-15 17:00:00,INV9865,Headphones,Electronics,5,1507,7535,Online Gateway,Riverside,Returning
2024-02-22 02:00:00,INV9866,Smartphone,Electronics,1,20062,20062,Cash,City Center,New
2024-12-06 17:00:00,INV9867,Notebook,Books,1,132,132,Card,City Center,New
2024-03-09 17:00:00,INV9868,Novel,Books,1,575,575,UPI,Riverside,Returning
2024-11-02 07:00:00,INV9869,Jeans,Fashion,1,1996,1996,Online Gateway,City Center,Returning
2024-09-03 07:00:00,INV9870,Novel,Books,5,474,2370,Cash,Riverside,Returning
2024-05-03 04:00:00,INV9871,Pen Set,Books,4,182,728,UPI,Riverside,New
2024-08-30 20:00:00,INV9872,Novel,Books,4,511,2044,Online Gateway,Riverside,New
2024-07-27 02:00:00,INV9873,Pen Set,Books,2,-80,-160,Card,Riverside,Returning
2024-09-25 04:00:00,INV9874,T-shirt,Fashion,5,963,4815,UPI,City Center,Returning
2024-12-27 12:00:00,INV9875,Shoes,Fashion,4,2641,10564,Cash,Riverside,New
2024-11-13 06:00:00,INV9876,Notebook,Books,3,-21,-63,UPI,City Center,Returning
2024-03-12 11:00:00,INV9877,Headphones,Electronics,4,1401,5604,Cash,Riverside,Returning
2024-12-05 14:00:00,INV9878,Microwave,Home Appliances,3,7162,21486,UPI,City Center,New
2024-05-25 03:00:00,INV9879,Headphones,Electronics,1,1395,1395,UPI,City Center,New
2024-11-15 19:00:00,INV9880,Pen Set,Books,5,95,475,Card,City Center,New
2024-03-14 05:00:00,INV9881,Shoes,Fashion,3,2527,7581,Card,City Center,Returning
2024-03-16 09:00:00,INV9882,Jeans,Fashion,1,1616,1616,Card,Riverside,New
2024-08-18 19:00:00,INV9883,Pen Set,Books,5,17,85,Cash,City Center,New
2024-09-09 00:00:00,INV9884,Headphones,Electronics,4,1351,5404,Cash,Riverside,Returning
2024-02-17 23:00:00,INV9885,Shoes,Fashion,3,2344,7032,Card,Riverside,Returning
2024-08-16 20:00:00,INV9886,Pen Set,Books,2,194,388,UPI,City Center,New
2024-10-06 15:00:00,INV9887,Pen Set,Books,4,-111,-444,Cash,Riverside,New
2024-09-19 14:00:00,INV9888,Shoes,Fashion,3,2433,7299,Online Gateway,City Center,Returning
2024-07-16 19:00:00,INV9889,T-shirt,Fashion,2,724,1448,Card,Riverside,Returning
2024-12-16 02:00:00,INV9890,Smartphone,Electronics,4,20010,80040,Card,City Center,New
2024-07-14 01:00:00,INV9891,Washing Machine,Home Appliances,5,14868,74340,UPI,Riverside,New
2024-04-14 11:00:00,INV9892,Headphones,Electronics,5,1455,7275,UPI,Riverside,New
2024-05-03 11:00:00,INV9893,Notebook,Books,5,113,565,Cash,City Center,Returning
2024-05-22 20:00:00,INV9894,Pen Set,Books,2,39,78,UPI,City Center,New
2024-11-08 06:00:00,INV9895,T-shirt,Fashion,3,727,2181,Online Gateway,Riverside,New
2024-06-13 19:00:00,INV9896,Shoes,Fashion,2,2564,5128,Online Gateway,City Center,New
2024-06-03 09:00:00,INV9897,Washing Machine,Home Appliances,4,15154,60616,UPI,Riverside,New
2024-06-17 06:00:00,INV9898,Washing Machine,Home Appliances,1,15019,15019,Cash,Riverside,Returning
2024-01-30 17:00:00,INV9899,Shoes,Fashion,2,2531,5062,Cash,Riverside,New
2024-10-29 12:00:00,INV9900,Washing Machine,Home Appliances,4,14840,59360,Card,Riverside,Returning
2024-10-19 03:00:00,INV9901,Microwave,Home Appliances,1,7013,7013,UPI,City Center,New
2024-12-21 01:00:00,INV9902,Headphones,Electronics,1,1532,1532,UPI,City Center,Returning
2024-03-13 18:00:00,INV9903,Novel,Books,4,371,1484,Online Gateway,Riverside,New
2024-02-20 07:00:00,INV9904,Laptop,Electronics,3,59845,179535,Online Gateway,City Center,New
2024-02-02 16:00:00,INV9905,Smartphone,Electronics,5,20187,100935,Cash,Riverside,Returning
2024-04-22 08:00:00,INV9906,Mixer Grinder,Home Appliances,4,3460,13840,Online Gateway,Riverside,Returning
2024-10-21 17:00:00,INV9907,T-shirt,Fashion,1,998,998,Cash,City Center,Returning
2024-07-28 20:00:00,INV9908,Jeans,Fashion,2,1661,3322,Online Gateway,Riverside,Returning
2024-10-23 23:00:00,INV9909,Laptop,Electronics,3,60000,180000,Cash,Riverside,New
2024-06-03 22:00:00,INV9910,T-shirt,Fashion,2,877,1754,UPI,City Center,New
2024-08-28 15:00:00,INV9911,Novel,Books,4,364,1456,Online Gateway,Riverside,Returning
2024-11-25 14:00:00,INV9912,T-shirt,Fashion,3,825,2475,Online Gateway,City Center,Returning
2024-04-22 05:00:00,INV9913,Smartphone,Electronics,3,19866,59598,UPI,City Center,Returning
2024-01-27 01:00:00,INV9914,Washing Machine,Home Appliances,2,15009,30018,Cash,City Center,Returning
2024-06-03 12:00:00,INV9915,Notebook,Books,3,-18,-54,Card,City Center,New
2024-10-12 19:00:00,INV9916,Shoes,Fashion,2,2616,5232,Online Gateway,Riverside,New
2024-11-16 12:00:00,INV9917,T-shirt,Fashion,2,783,1566,UPI,City Center,Returning
2024-09-23 14:00:00,INV9918,Microwave,Home Appliances,4,6926,27704,UPI,Riverside,New
2024-10-29 04:00:00,INV9919,Headphones,Electronics,3,1664,4992,UPI,City Center,Returning
2024-03-05 19:00:00,INV9920,Pen Set,Books,4,-50,-200,Online Gateway,Riverside,New
2024-06-23 11:00:00,INV9921,Mixer Grinder,Home Appliances,4,3349,13396,Cash,Riverside,New
2024-11-19 15:00:00,INV9922,Washing Machine,Home Appliances,3,14908,44724,UPI,Riverside,Returning
2024-01-02 12:00:00,INV9923,Shoes,Fashion,5,2437,12185,UPI,City Center,Returning
2024-03-15 11:00:00,INV9924,Notebook,Books,5,166,830,UPI,City Center,Returning
2024-09-18 19:00:00,INV9925,Mixer Grinder,Home Appliances,4,3420,13680,Cash,Riverside,New
2024-12-01 20:00:00,INV9926,Mixer Grinder,Home Appliances,3,3466,10398,UPI,City Center,Returning
2024-12-02 01:00:00,INV9927,Novel,Books,2,658,1316,UPI,City Center,New
2024-06-10 16:00:00,INV9928,T-shirt,Fashion,5,960,4800,Cash,Riverside,New
2024-09-04 04:00:00,INV9929,Smartphone,Electronics,3,19929,59787,UPI,City Center,Returning
2024-12-13 00:00:00,INV9930,Microwave,Home Appliances,4,6875,27500,UPI,City Center,Returning
2024-09-20 21:00:00,INV9931,Microwave,Home Appliances,3,6816,20448,UPI,City Center,Returning
2024-08-27 23:00:00,INV9932,Headphones,Electronics,4,1625,6500,Online Gateway,City Center,New
2024-09-27 05:00:00,INV9933,Jeans,Fashion,3,1836,5508,Online Gateway,Riverside,New
2024-07-30 03:00:00,INV9934,Laptop,Electronics,4,60137,240548,Online Gateway,Riverside,Returning
2024-01-28 13:00:00,INV9935,Smartphone,Electronics,1,20098,20098,Cash,Riverside,Returning
2024-11-28 05:00:00,INV9936,Smartphone,Electronics,5,19944,99720,Cash,Riverside,New
2024-09-23 02:00:00,INV9937,Shoes,Fashion,3,2508,7524,Cash,Riverside,New
2024-11-24 15:00:00,INV9938,T-shirt,Fashion,1,964,964,Cash,Riverside,New
2024-01-18 06:00:00,INV9939,Mixer Grinder,Home Appliances,2,3588,7176,Card,City Center,New
2024-10-12 10:00:00,INV9940,Novel,Books,2,462,924,Cash,City Center,New
2024-12-21 14:00:00,INV9941,Laptop,Electronics,2,60099,120198,UPI,City Center,New
2024-04-23 17:00:00,INV9942,Pen Set,Books,1,5,5,Online Gateway,Riverside,Returning
2024-06-11 09:00:00,INV9943,Headphones,Electronics,5,1592,7960,Cash,Riverside,Returning
2024-03-31 09:00:00,INV9944,Jeans,Fashion,2,1723,3446,Online Gateway,City Center,New
2024-03-19 06:00:00,INV9945,T-shirt,Fashion,5,853,4265,UPI,Riverside,Returning
2024-09-25 22:00:00,INV9946,Jeans,Fashion,4,1878,7512,UPI,Riverside,New
2024-07-09 10:00:00,INV9947,Washing Machine,Home Appliances,2,14900,29800,Card,City Center,Returning
2024-03-04 03:00:00,INV9948,Pen Set,Books,4,25,100,Cash,City Center,New
2024-01-24 22:00:00,INV9949,Pen Set,Books,3,137,411,Card,City Center,New
2024-04-29 11:00:00,INV9950,T-shirt,Fashion,1,706,706,Cash,City Center,Returning
2024-05-27 16:00:00,INV9951,Laptop,Electronics,4,60138,240552,UPI,Riverside,New
2024-07-05 13:00:00,INV9952,Shoes,Fashion,3,2627,7881,Card,Riverside,New
2024-01-03 23:00:00,INV9953,Microwave,Home Appliances,4,7178,28712,Card,City Center,Returning
2024-05-04 04:00:00,INV9954,Pen Set,Books,2,234,468,Cash,Riverside,New
2024-08-16 20:00:00,INV9955,Mixer Grinder,Home Appliances,2,3351,6702,Card,City Center,Returning
2024-07-17 07:00:00,INV9956,Notebook,Books,1,122,122,Card,City Center,New
2024-12-02 20:00:00,INV9957,Smartphone,Electronics,5,19992,99960,Online Gateway,City Center,New
2024-01-02 15:00:00,INV9958,Notebook,Books,1,178,178,Cash,City Center,New
2024-08-11 21:00:00,INV9959,Mixer Grinder,Home Appliances,5,3423,17115,Online Gateway,Riverside,New
2024-11-11 05:00:00,INV9960,Notebook,Books,2,243,486,UPI,Riverside,Returning
2024-03-20 04:00:00,INV9961,Shoes,Fashion,3,2516,7548,UPI,Riverside,New
2024-04-02 09:00:00,INV9962,Smartphone,Electronics,5,20135,100675,Card,Riverside,Returning
2024-07-18 20:00:00,INV9963,Microwave,Home Appliances,2,7067,14134,Online Gateway,City Center,Returning
2024-07-10 22:00:00,INV9964,Headphones,Electronics,3,1308,3924,Card,City Center,Returning
2024-02-23 11:00:00,INV9965,Novel,Books,2,329,658,Card,City Center,Returning
2024-12-26 10:00:00,INV9966,Notebook,Books,3,218,654,Cash,Riverside,Returning
2024-02-03 23:00:00,INV9967,Laptop,Electronics,5,59822,299110,Cash,City Center,Returning
2024-04-14 15:00:00,INV9968,Microwave,Home Appliances,2,7066,14132,Online Gateway,City Center,Returning
2024-01-11 06:00:00,INV9969,Shoes,Fashion,5,2627,13135,Cash,City Center,Returning
2024-07-20 01:00:00,INV9970,Pen Set,Books,4,-35,-140,Card,City Center,New
2024-09-28 12:00:00,INV9971,Microwave,Home Appliances,4,6963,27852,Card,Riverside,New
2024-01-18 08:00:00,INV9972,Headphones,Electronics,3,1595,4785,Online Gateway,Riverside,New
2024-10-06 06:00:00,INV9973,Shoes,Fashion,5,2485,12425,UPI,Riverside,New
2024-06-03 21:00:00,INV9974,Laptop,Electronics,1,59800,59800,Cash,Riverside,Returning
2024-01-05 11:00:00,INV9975,T-shirt,Fashion,3,881,2643,UPI,Riverside,New
2024-07-07 01:00:00,INV9976,Laptop,Electronics,4,59938,239752,Cash,Riverside,New
2024-02-29 05:00:00,INV9977,Pen Set,Books,5,88,440,Cash,City Center,New
2024-10-30 11:00:00,INV9978,Headphones,Electronics,1,1669,1669,Online Gateway,Riverside,Returning
2024-01-11 15:00:00,INV9979,Novel,Books,5,327,1635,Card,Riverside,Returning
2024-10-29 00:00:00,INV9980,Pen Set,Books,5,121,605,Card,City Center,New
2024-05-03 10:00:00,INV9981,Shoes,Fashion,2,2303,4606,UPI,City Center,New
2024-04-05 02:00:00,INV9982,Shoes,Fashion,4,2367,9468,Cash,City Center,New
2024-12-30 08:00:00,INV9983,Novel,Books,4,388,1552,UPI,Riverside,Returning
2024-12-14 20:00:00,INV9984,Jeans,Fashion,1,1679,1679,Online Gateway,City Center,Returning
2024-03-02 13:00:00,INV9985,Laptop,Electronics,1,60052,60052,Online Gateway,City Center,New
2024-07-25 08:00:00,INV9986,Pen Set,Books,1,-58,-58,Card,Riverside,New
2024-09-02 00:00:00,INV9987,Microwave,Home Appliances,4,7019,28076,Online Gateway,City Center,New
2024-08-21 00:00:00,INV9988,Headphones,Electronics,4,1446,5784,Online Gateway,City Center,New
2024-10-22 11:00:00,INV9989,Shoes,Fashion,2,2455,4910,UPI,Riverside,New
2024-01-25 15:00:00,INV9990,Notebook,Books,5,88,440,Online Gateway,Riverside,Returning
2024-09-18 13:00:00,INV9991,Headphones,Electronics,1,1596,1596,Card,Riverside,New
2024-04-04 04:00:00,INV9992,Novel,Books,5,455,2275,UPI,City Center,Returning
2024-01-15 11:00:00,INV9993,Microwave,Home Appliances,3,6906,20718,Online Gateway,Riverside,New
2024-12-14 05:00:00,INV9994,Microwave,Home Appliances,5,7163,35815,Card,Riverside,Returning
2024-07-28 16:00:00,INV9995,T-shirt,Fashion,5,781,3905,Online Gateway,Riverside,Returning
2024-07-04 03:00:00,INV9996,Washing Machine,Home Appliances,4,15098,60392,UPI,Riverside,Returning
2024-10-13 05:00:00,INV9997,Microwave,Home Appliances,1,6964,6964,Cash,Riverside,Returning
2024-08-25 08:00:00,INV9998,Laptop,Electronics,4,60037,240148,Online Gateway,Riverside,Returning
2024-05-06 14:00:00,INV9999,Smartphone,Electronics,1,19991,19991,Cash,Riverside,New
2024-04-28 13:00:00,INV10000,Jeans,Fashion,4,1857,7428,Online Gateway,City Center,Returning
2024-11-23 16:00:00,INV10001,Headphones,Electronics,4,1434,5736,Online Gateway,Riverside,Returning
2024-10-02 09:00:00,INV10002,Laptop,Electronics,5,59824,299120,UPI,Riverside,Returning
2024-02-22 17:00:00,INV10003,Laptop,Electronics,4,59912,239648,Card,Riverside,New
2024-04-04 18:00:00,INV10004,Pen Set,Books,3,-98,-294,Online Gateway,City Center,Returning
2024-04-12 22:00:00,INV10005,Jeans,Fashion,1,1922,1922,Card,City Center,New
2024-04-17 09:00:00,INV10006,Headphones,Electronics,3,1389,4167,Cash,City Center,New
2024-06-01 12:00:00,INV10007,Mixer Grinder,Home Appliances,1,3389,3389,UPI,Riverside,Returning
2024-02-14 12:00:00,INV10008,Headphones,Electronics,4,1493,5972,Card,Riverside,New
2024-08-20 23:00:00,INV10009,T-shirt,Fashion,5,837,4185,UPI,Riverside,New
2024-09-05 22:00:00,INV10010,Jeans,Fashion,1,1667,1667,UPI,Riverside,Returning
2024-07-20 05:00:00,INV10011,Mixer Grinder,Home Appliances,5,3423,17115,UPI,City Center,New
2024-03-22 06:00:00,INV10012,Jeans,Fashion,5,1938,9690,UPI,City Center,Returning
2024-12-11 03:00:00,INV10013,Novel,Books,3,414,1242,UPI,Riverside,New
2024-05-08 21:00:00,INV10014,Headphones,Electronics,5,1666,8330,Online Gateway,Riverside,New
2024-08-09 07:00:00,INV10015,Headphones,Electronics,1,1592,1592,Cash,City Center,New
2024-02-27 19:00:00,INV10016,Microwave,Home Appliances,3,7186,21558,Online Gateway,City Center,New
2024-06-27 02:00:00,INV10017,Smartphone,Electronics,1,19947,19947,Online Gateway,City Center,New
2024-04-05 05:00:00,INV10018,Washing Machine,Home Appliances,1,15089,15089,Cash,City Center,Returning
2024-05-13 14:00:00,INV10019,Notebook,Books,1,44,44,UPI,Riverside,New
2024-05-01 20:00:00,INV10020,Novel,Books,4,632,2528,UPI,City Center,New
2024-10-20 13:00:00,INV10021,Pen Set,Books,3,165,495,Online Gateway,Riverside,New
2024-12-18 23:00:00,INV10022,T-shirt,Fashion,3,783,2349,UPI,City Center,New
2024-03-08 10:00:00,INV10023,Laptop,Electronics,3,59883,179649,Cash,Riverside,New
2024-12-22 18:00:00,INV10024,Mixer Grinder,Home Appliances,2,3579,7158,Online Gateway,Riverside,Returning
2024-09-02 16:00:00,INV10025,Novel,Books,1,538,538,Online Gateway,City Center,Returning
2024-11-22 19:00:00,INV10026,Jeans,Fashion,1,1961,1961,UPI,Riverside,New
2024-10-21 07:00:00,INV10027,Jeans,Fashion,1,1910,1910,Cash,City Center,Returning
2024-12-19 23:00:00,INV10028,Jeans,Fashion,4,1988,7952,Online Gateway,City Center,Returning
2024-02-26 04:00:00,INV10029,Novel,Books,4,636,2544,Cash,Riverside,New
2024-08-19 12:00:00,INV10030,Notebook,Books,4,200,800,UPI,City Center,New
2024-08-08 09:00:00,INV10031,Jeans,Fashion,1,1687,1687,UPI,City Center,Returning
2024-04-10 22:00:00,INV10032,Novel,Books,3,697,2091,UPI,Riverside,New
2024-05-31 04:00:00,INV10033,Microwave,Home Appliances,4,7177,28708,Cash,Riverside,New
2024-04-11 04:00:00,INV10034,Headphones,Electronics,4,1606,6424,Cash,Riverside,Returning
2024-05-06 09:00:00,INV10035,Novel,Books,3,606,1818,Cash,Riverside,New
2024-09-13 13:00:00,INV10036,Mixer Grinder,Home Appliances,2,3554,7108,Online Gateway,City Center,New
2024-12-28 03:00:00,INV10037,Laptop,Electronics,2,60164,120328,Card,Riverside,New
2024-11-21 13:00:00,INV10038,Notebook,Books,2,-87,-174,UPI,Riverside,Returning
2024-02-28 22:00:00,INV10039,Novel,Books,1,471,471,Online Gateway,City Center,Returning
2024-10-06 12:00:00,INV10040,Novel,Books,3,399,1197,UPI,Riverside,New
2024-12-29 09:00:00,INV10041,Shoes,Fashion,4,2483,9932,UPI,City Center,New
2024-10-03 11:00:00,INV10042,Pen Set,Books,5,226,1130,Online Gateway,Riverside,New
2024-05-30 21:00:00,INV10043,Smartphone,Electronics,5,20064,100320,Cash,City Center,New
2024-08-09 11:00:00,INV10044,Pen Set,Books,2,-31,-62,Online Gateway,Riverside,New
2024-02-01 10:00:00,INV10045,Shoes,Fashion,2,2348,4696,UPI,City Center,New
2024-04-07 19:00:00,INV10046,T-shirt,Fashion,1,922,922,Online Gateway,City Center,Returning
2024-01-31 06:00:00,INV10047,Smartphone,Electronics,2,20050,40100,Online Gateway,Riverside,New
2024-07-24 03:00:00,INV10048,Shoes,Fashion,5,2548,12740,Cash,City Center,New
2024-04-20 09:00:00,INV10049,Notebook,Books,2,-12,-24,Cash,City Center,New
2024-04-27 07:00:00,INV10050,Laptop,Electronics,3,59944,179832,UPI,City Center,Returning
2024-05-16 15:00:00,INV10051,Smartphone,Electronics,5,20051,100255,Cash,Riverside,Returning
2024-05-04 08:00:00,INV10052,Novel,Books,3,543,1629,Cash,City Center,Returning
2024-06-07 15:00:00,INV10053,Headphones,Electronics,3,1618,4854,Cash,City Center,New
2024-11-24 04:00:00,INV10054,Mixer Grinder,Home Appliances,3,3384,10152,Card,Riverside,New
2024-09-11 03:00:00,INV10055,Microwave,Home Appliances,1,7161,7161,Cash,City Center,New
2024-01-26 07:00:00,INV10056,Shoes,Fashion,4,2552,10208,UPI,City Center,Returning
2024-09-14 01:00:00,INV10057,Laptop,Electronics,2,59830,119660,UPI,Riverside,New
2024-11-20 14:00:00,INV10058,Jeans,Fashion,1,1854,1854,Card,City Center,New
2024-08-20 05:00:00,INV10059,Jeans,Fashion,5,1658,8290,Card,Riverside,New
2024-01-27 10:00:00,INV10060,Headphones,Electronics,1,1341,1341,UPI,City Center,Returning
2024-02-14 18:00:00,INV10061,Novel,Books,4,583,2332,UPI,Riverside,Returning
2024-03-20 18:00:00,INV10062,Headphones,Electronics,1,1347,1347,Online Gateway,Riverside,New
2024-01-25 12:00:00,INV10063,Notebook,Books,1,113,113,Card,City Center,New
2024-05-14 15:00:00,INV10064,Smartphone,Electronics,2,19937,39874,Cash,Riverside,Returning
2024-09-21 15:00:00,INV10065,Washing Machine,Home Appliances,3,15168,45504,UPI,City Center,Returning
2024-06-08 22:00:00,INV10066,Headphones,Electronics,5,1365,6825,Cash,City Center,Returning
2024-03-23 05:00:00,INV10067,Laptop,Electronics,1,59853,59853,Card,Riverside,Returning
2024-07-29 04:00:00,INV10068,Novel,Books,4,577,2308,UPI,City Center,New
2024-09-11 07:00:00,INV10069,Novel,Books,1,569,569,UPI,Riverside,Returning
2024-10-05 11:00:00,INV10070,T-shirt,Fashion,5,742,3710,Online Gateway,City Center,Returning
2024-08-31 05:00:00,INV10071,T-shirt,Fashion,4,675,2700,Cash,Riverside,Returning
2024-10-09 15:00:00,INV10072,T-shirt,Fashion,3,664,1992,Cash,Riverside,Returning
2024-08-21 02:00:00,INV10073,Washing Machine,Home Appliances,2,15091,30182,UPI,City Center,Returning
2024-06-08 06:00:00,INV10074,Washing Machine,Home Appliances,3,14851,44553,UPI,Riverside,Returning
2024-05-21 05:00:00,INV10075,T-shirt,Fashion,4,955,3820,UPI,Riverside,Returning
2024-09-03 10:00:00,INV10076,Mixer Grinder,Home Appliances,1,3449,3449,UPI,City Center,Returning
2024-03-15 04:00:00,INV10077,Headphones,Electronics,5,1687,8435,Online Gateway,Riverside,Returning
2024-06-02 16:00:00,INV10078,Jeans,Fashion,1,1886,1886,Card,City Center,Returning
2024-10-27 11:00:00,INV10079,Shoes,Fashion,1,2543,2543,UPI,City Center,New
2024-07-28 21:00:00,INV10080,Shoes,Fashion,5,2350,11750,Card,Riverside,Returning
2024-09-20 07:00:00,INV10081,Jeans,Fashion,3,1869,5607,Card,City Center,Returning
2024-12-26 00:00:00,INV10082,Microwave,Home Appliances,4,6867,27468,Online Gateway,City Center,Returning
2024-01-04 09:00:00,INV10083,T-shirt,Fashion,2,683,1366,UPI,City Center,New
2024-09-18 14:00:00,INV10084,Jeans,Fashion,1,1966,1966,Card,City Center,Returning
2024-10-18 15:00:00,INV10085,Smartphone,Electronics,2,19947,39894,Online Gateway,City Center,New
2024-02-28 14:00:00,INV10086,Shoes,Fashion,4,2374,9496,Cash,Riverside,Returning
2024-11-04 18:00:00,INV10087,Smartphone,Electronics,5,20047,100235,UPI,City Center,Returning
2024-03-02 16:00:00,INV10088,Laptop,Electronics,1,60019,60019,Card,City Center,New
2024-05-29 22:00:00,INV10089,Novel,Books,5,585,2925,Online Gateway,Riverside,New
2024-11-29 01:00:00,INV10090,Shoes,Fashion,3,2381,7143,Cash,City Center,Returning
2024-06-23 07:00:00,INV10091,Mixer Grinder,Home Appliances,2,3627,7254,Online Gateway,Riverside,Returning
2024-06-02 08:00:00,INV10092,Notebook,Books,5,-9,-45,Online Gateway,City Center,New
2024-11-14 12:00:00,INV10093,Smartphone,Electronics,5,20109,100545,UPI,Riverside,New
2024-06-28 14:00:00,INV10094,Pen Set,Books,1,135,135,UPI,City Center,New
2024-03-14 06:00:00,INV10095,Smartphone,Electronics,5,20117,100585,UPI,City Center,New
2024-04-18 07:00:00,INV10096,Microwave,Home Appliances,5,6920,34600,UPI,City Center,New
2024-08-22 00:00:00,INV10097,Washing Machine,Home Appliances,3,14897,44691,Card,Riverside,Returning
2024-08-30 05:00:00,INV10098,Shoes,Fashion,3,2400,7200,Card,Riverside,Returning
2024-06-09 13:00:00,INV10099,Pen Set,Books,1,243,243,Online Gateway,City Center,New
2024-04-05 12:00:00,INV10100,T-shirt,Fashion,1,889,889,Card,City Center,Returning
2024-03-03 13:00:00,INV10101,Headphones,Electronics,3,1696,5088,Card,City Center,New
2024-12-16 22:00:00,INV10102,Novel,Books,1,648,648,Online Gateway,City Center,New
2024-11-10 14:00:00,INV10103,Washing Machine,Home Appliances,2,14913,29826,Card,Riverside,New
2024-06-26 02:00:00,INV10104,Laptop,Electronics,5,60135,300675,Online Gateway,City Center,Returning
2024-10-18 07:00:00,INV10105,T-shirt,Fashion,4,857,3428,Card,City Center,Returning
2024-01-05 18:00:00,INV10106,Smartphone,Electronics,2,19842,39684,Card,Riverside,Returning
2024-07-02 14:00:00,INV10107,Novel,Books,5,601,3005,Online Gateway,City Center,New
2024-04-07 19:00:00,INV10108,Headphones,Electronics,3,1357,4071,Card,Riverside,New
2024-02-13 09:00:00,INV10109,T-shirt,Fashion,3,933,2799,UPI,City Center,New
2024-10-15 15:00:00,INV10110,Microwave,Home Appliances,4,7092,28368,Cash,Riverside,New
2024-01-01 11:00:00,INV10111,Mixer Grinder,Home Appliances,2,3343,6686,Cash,Riverside,Returning
2024-11-28 12:00:00,INV10112,Mixer Grinder,Home Appliances,5,3482,17410,Cash,Riverside,Returning
2024-11-23 23:00:00,INV10113,Jeans,Fashion,1,1654,1654,Cash,City Center,Returning
2024-09-22 15:00:00,INV10114,T-shirt,Fashion,3,610,1830,Card,Riverside,Returning
2024-10-22 18:00:00,INV10115,Washing Machine,Home Appliances,1,14859,14859,Card,City Center,New
2024-06-02 04:00:00,INV10116,Washing Machine,Home Appliances,2,14973,29946,Online Gateway,Riverside,New
2024-09-11 13:00:00,INV10117,Laptop,Electronics,1,59809,59809,Card,Riverside,Returning
2024-08-12 21:00:00,INV10118,Mixer Grinder,Home Appliances,3,3541,10623,UPI,City Center,Returning
2024-05-07 17:00:00,INV10119,Notebook,Books,2,180,360,UPI,Riverside,New
2024-03-25 20:00:00,INV10120,Pen Set,Books,5,-13,-65,UPI,City Center,Returning
2024-05-06 22:00:00,INV10121,Shoes,Fashion,1,2390,2390,Cash,City Center,New
2024-01-23 12:00:00,INV10122,Mixer Grinder,Home Appliances,2,3398,6796,Online Gateway,City Center,Returning
2024-01-04 04:00:00,INV10123,Headphones,Electronics,3,1357,4071,Cash,City Center,New
2024-05-07 19:00:00,INV10124,Pen Set,Books,2,236,472,Cash,City Center,New
2024-01-01 23:00:00,INV10125,Washing Machine,Home Appliances,2,14919,29838,Online Gateway,City Center,Returning
2024-08-01 22:00:00,INV10126,Laptop,Electronics,4,60200,240800,Online Gateway,Riverside,New
2024-01-29 03:00:00,INV10127,Notebook,Books,3,-19,-57,Card,City Center,Returning
2024-10-04 20:00:00,INV10128,T-shirt,Fashion,4,772,3088,UPI,Riverside,Returning
2024-06-26 19:00:00,INV10129,Shoes,Fashion,1,2521,2521,Cash,Riverside,Returning
2024-09-06 12:00:00,INV10130,Jeans,Fashion,5,1627,8135,Card,Riverside,Returning
2024-11-14 20:00:00,INV10131,Shoes,Fashion,3,2682,8046,UPI,City Center,New
2024-12-27 16:00:00,INV10132,Microwave,Home Appliances,2,6930,13860,Online Gateway,Riverside,Returning
2024-03-02 21:00:00,INV10133,Washing Machine,Home Appliances,2,14885,29770,Online Gateway,Riverside,Returning
2024-06-01 11:00:00,INV10134,Smartphone,Electronics,4,19955,79820,Online Gateway,City Center,Returning
2024-04-10 19:00:00,INV10135,Jeans,Fashion,3,1685,5055,Card,Riverside,New
2024-11-18 12:00:00,INV10136,Pen Set,Books,1,34,34,Online Gateway,Riverside,New
2024-10-24 15:00:00,INV10137,Jeans,Fashion,3,1909,5727,Online Gateway,City Center,Returning
2024-05-25 15:00:00,INV10138,T-shirt,Fashion,2,846,1692,Cash,Riverside,New
2024-02-01 12:00:00,INV10139,Pen Set,Books,2,-2,-4,Online Gateway,City Center,New
2024-12-18 00:00:00,INV10140,Smartphone,Electronics,4,19823,79292,Cash,Riverside,Returning
2024-03-15 03:00:00,INV10141,Jeans,Fashion,2,1889,3778,UPI,City Center,New
2024-09-27 07:00:00,INV10142,Smartphone,Electronics,3,19943,59829,Card,Riverside,New
2024-01-11 18:00:00,INV10143,Smartphone,Electronics,3,19811,59433,UPI,City Center,Returning
2024-06-18 19:00:00,INV10144,Novel,Books,1,660,660,Online Gateway,City Center,New
2024-12-20 02:00:00,INV10145,Jeans,Fashion,5,1967,9835,UPI,Riverside,New
2024-11-29 22:00:00,INV10146,Washing Machine,Home Appliances,3,14964,44892,UPI,Riverside,Returning
2024-02-16 14:00:00,INV10147,Novel,Books,4,594,2376,Online Gateway,Riverside,New
2024-11-13 23:00:00,INV10148,Jeans,Fashion,3,1682,5046,Cash,Riverside,New
2024-05-05 17:00:00,INV10149,Washing Machine,Home Appliances,5,14885,74425,Online Gateway,Riverside,Returning
2024-06-29 21:00:00,INV10150,Mixer Grinder,Home Appliances,3,3599,10797,Online Gateway,Riverside,New
2024-03-10 02:00:00,INV10151,Pen Set,Books,4,117,468,Online Gateway,Riverside,New
2024-12-15 02:00:00,INV10152,Jeans,Fashion,2,1629,3258,Cash,Riverside,New
2024-03-15 21:00:00,INV10153,Mixer Grinder,Home Appliances,4,3524,14096,UPI,Riverside,New
2024-02-02 16:00:00,INV10154,Smartphone,Electronics,5,19913,99565,Card,Riverside,Returning
2024-08-25 03:00:00,INV10155,Microwave,Home Appliances,1,7130,7130,Card,Riverside,Returning
2024-05-13 04:00:00,INV10156,Headphones,Electronics,2,1524,3048,Cash,City Center,New
2024-12-21 12:00:00,INV10157,Pen Set,Books,2,222,444,UPI,Riverside,New
2024-01-24 10:00:00,INV10158,Jeans,Fashion,1,1992,1992,Online Gateway,Riverside,Returning
2024-07-16 18:00:00,INV10159,Laptop,Electronics,3,59904,179712,Card,City Center,New
2024-05-04 23:00:00,INV10160,Washing Machine,Home Appliances,1,14913,14913,Cash,City Center,Returning
2024-02-19 17:00:00,INV10161,T-shirt,Fashion,4,740,2960,Cash,Riverside,New
2024-01-03 20:00:00,INV10162,Pen Set,Books,5,186,930,UPI,City Center,New
2024-08-24 15:00:00,INV10163,Shoes,Fashion,4,2552,10208,UPI,City Center,Returning
2024-04-11 04:00:00,INV10164,Novel,Books,2,378,756,UPI,City Center,New
2024-09-15 08:00:00,INV10165,Smartphone,Electronics,4,19839,79356,Card,City Center,New
2024-08-12 20:00:00,INV10166,Pen Set,Books,4,-136,-544,Online Gateway,City Center,Returning
2024-10-18 09:00:00,INV10167,Washing Machine,Home Appliances,4,15102,60408,Cash,Riverside,Returning
2024-05-29 22:00:00,INV10168,Pen Set,Books,2,93,186,Card,City Center,Returning
2024-01-24 21:00:00,INV10169,Novel,Books,2,529,1058,UPI,City Center,Returning
2024-06-24 14:00:00,INV10170,T-shirt,Fashion,4,624,2496,Cash,City Center,New
2024-11-14 04:00:00,INV10171,Washing Machine,Home Appliances,5,15133,75665,Online Gateway,Riverside,Returning
2024-03-02 14:00:00,INV10172,Laptop,Electronics,1,60104,60104,Online Gateway,City Center,New
2024-09-12 07:00:00,INV10173,Mixer Grinder,Home Appliances,2,3367,6734,UPI,Riverside,Returning
2024-10-05 04:00:00,INV10174,Pen Set,Books,1,128,128,Cash,Riverside,New
2024-04-01 12:00:00,INV10175,Laptop,Electronics,5,59973,299865,Card,Riverside,New
2024-12-06 06:00:00,INV10176,Laptop,Electronics,4,59831,239324,Cash,City Center,New
2024-09-09 02:00:00,INV10177,Headphones,Electronics,2,1367,2734,Cash,City Center,Returning
2024-07-12 18:00:00,INV10178,Mixer Grinder,Home Appliances,2,3614,7228,Cash,Riverside,New
2024-12-19 12:00:00,INV10179,Pen Set,Books,1,-88,-88,Cash,City Center,Returning
2024-07-07 14:00:00,INV10180,Novel,Books,2,437,874,Cash,City Center,Returning
2024-07-02 20:00:00,INV10181,Microwave,Home Appliances,4,7115,28460,Online Gateway,City Center,New
2024-08-14 19:00:00,INV10182,Smartphone,Electronics,3,20114,60342,UPI,City Center,New
2024-04-18 01:00:00,INV10183,Washing Machine,Home Appliances,2,14891,29782,Card,City Center,Returning
2024-10-12 12:00:00,INV10184,Smartphone,Electronics,5,19995,99975,UPI,City Center,Returning
2024-10-03 05:00:00,INV10185,Mixer Grinder,Home Appliances,4,3362,13448,Online Gateway,Riverside,New
2024-06-10 05:00:00,INV10186,Smartphone,Electronics,1,20048,20048,Cash,City Center,Returning
2024-11-28 03:00:00,INV10187,T-shirt,Fashion,3,904,2712,Online Gateway,Riverside,Returning
2024-11-21 22:00:00,INV10188,Laptop,Electronics,2,60161,120322,UPI,City Center,New
2024-05-04 13:00:00,INV10189,Mixer Grinder,Home Appliances,2,3466,6932,UPI,City Center,Returning
2024-10-21 06:00:00,INV10190,Pen Set,Books,4,26,104,UPI,City Center,New
2024-08-10 12:00:00,INV10191,T-shirt,Fashion,2,728,1456,Card,Riverside,New
2024-06-08 07:00:00,INV10192,Shoes,Fashion,3,2391,7173,Card,City Center,Returning
2024-06-12 20:00:00,INV10193,Notebook,Books,3,47,141,Online Gateway,Riverside,New
2024-12-22 10:00:00,INV10194,Notebook,Books,2,-22,-44,Cash,City Center,New
2024-04-11 05:00:00,INV10195,Washing Machine,Home Appliances,1,15153,15153,Card,City Center,New
2024-11-06 04:00:00,INV10196,Shoes,Fashion,1,2698,2698,Online Gateway,Riverside,Returning
2024-10-24 19:00:00,INV10197,Pen Set,Books,4,-7,-28,UPI,City Center,New
2024-11-13 23:00:00,INV10198,Mixer Grinder,Home Appliances,4,3583,14332,Cash,Riverside,New
2024-05-29 22:00:00,INV10199,Novel,Books,1,322,322,UPI,Riverside,New
2024-06-29 09:00:00,INV10200,Laptop,Electronics,5,59997,299985,Online Gateway,Riverside,Returning
2024-10-06 22:00:00,INV10201,Washing Machine,Home Appliances,2,15090,30180,Online Gateway,City Center,New
2024-12-08 10:00:00,INV10202,Pen Set,Books,5,72,360,UPI,City Center,New
2024-01-04 20:00:00,INV10203,T-shirt,Fashion,4,662,2648,Online Gateway,Riverside,Returning
2024-12-20 04:00:00,INV10204,T-shirt,Fashion,3,926,2778,UPI,Riverside,Returning
2024-01-03 03:00:00,INV10205,Jeans,Fashion,4,1836,7344,Cash,City Center,Returning
2024-01-14 06:00:00,INV10206,Smartphone,Electronics,3,19901,59703,UPI,City Center,Returning
2024-08-25 00:00:00,INV10207,Mixer Grinder,Home Appliances,5,3408,17040,Card,Riverside,New
2024-10-19 10:00:00,INV10208,Headphones,Electronics,2,1539,3078,Online Gateway,Riverside,Returning
2024-10-27 10:00:00,INV10209,T-shirt,Fashion,5,923,4615,UPI,City Center,Returning
2024-06-13 20:00:00,INV10210,T-shirt,Fashion,5,994,4970,UPI,Riverside,Returning
2024-09-09 09:00:00,INV10211,Jeans,Fashion,3,1931,5793,Cash,City Center,New
2024-10-13 11:00:00,INV10212,Pen Set,Books,1,-71,-71,Cash,Riverside,New
2024-07-03 15:00:00,INV10213,Washing Machine,Home Appliances,4,14967,59868,UPI,Riverside,New
2024-03-04 13:00:00,INV10214,Mixer Grinder,Home Appliances,5,3388,16940,Card,City Center,New
2024-10-20 11:00:00,INV10215,T-shirt,Fashion,3,970,2910,Card,City Center,Returning
2024-02-23 06:00:00,INV10216,Washing Machine,Home Appliances,4,15063,60252,Card,City Center,Returning
2024-12-28 17:00:00,INV10217,Jeans,Fashion,4,1943,7772,UPI,Riverside,New
2024-09-12 05:00:00,INV10218,Notebook,Books,1,13,13,Cash,City Center,New
2024-11-24 02:00:00,INV10219,Shoes,Fashion,4,2627,10508,Online Gateway,City Center,New
2024-10-14 12:00:00,INV10220,Jeans,Fashion,4,1846,7384,Cash,City Center,Returning
2024-04-14 04:00:00,INV10221,Smartphone,Electronics,1,19840,19840,UPI,City Center,Returning
2024-05-24 08:00:00,INV10222,Headphones,Electronics,2,1335,2670,UPI,City Center,Returning
2024-04-04 03:00:00,INV10223,Headphones,Electronics,5,1337,6685,Cash,Riverside,Returning
2024-11-08 08:00:00,INV10224,Pen Set,Books,4,22,88,Cash,City Center,Returning
2024-04-20 19:00:00,INV10225,Shoes,Fashion,5,2529,12645,UPI,City Center,Returning
2024-01-11 15:00:00,INV10226,Microwave,Home Appliances,5,7185,35925,Card,City Center,Returning
2024-03-03 14:00:00,INV10227,Smartphone,Electronics,1,20135,20135,Cash,City Center,New
2024-07-13 00:00:00,INV10228,Notebook,Books,5,35,175,UPI,City Center,New
2024-08-14 06:00:00,INV10229,Laptop,Electronics,2,60035,120070,Online Gateway,City Center,New
2024-12-24 06:00:00,INV10230,Laptop,Electronics,4,59971,239884,Online Gateway,Riverside,New
2024-05-12 08:00:00,INV10231,Microwave,Home Appliances,4,7121,28484,Card,City Center,New
2024-03-18 12:00:00,INV10232,Washing Machine,Home Appliances,2,14884,29768,Online Gateway,Riverside,Returning
2024-09-13 14:00:00,INV10233,Pen Set,Books,2,205,410,Cash,City Center,Returning
2024-08-29 22:00:00,INV10234,Shoes,Fashion,1,2682,2682,Cash,Riverside,Returning
2024-06-30 10:00:00,INV10235,Shoes,Fashion,5,2557,12785,Online Gateway,City Center,Returning
2024-01-31 02:00:00,INV10236,Smartphone,Electronics,3,19895,59685,Online Gateway,Riverside,New
2024-11-11 19:00:00,INV10237,Novel,Books,2,315,630,Online Gateway,Riverside,Returning
2024-01-26 13:00:00,INV10238,Smartphone,Electronics,3,19901,59703,Card,City Center,Returning
2024-05-18 19:00:00,INV10239,Microwave,Home Appliances,3,7162,21486,Card,Riverside,Returning
2024-08-29 06:00:00,INV10240,Laptop,Electronics,3,60072,180216,UPI,Riverside,Returning
2024-05-09 20:00:00,INV10241,Shoes,Fashion,5,2598,12990,UPI,Riverside,Returning
2024-01-14 18:00:00,INV10242,Headphones,Electronics,5,1601,8005,Online Gateway,City Center,Returning
2024-04-02 04:00:00,INV10243,Jeans,Fashion,5,1834,9170,Card,City Center,Returning
2024-08-16 21:00:00,INV10244,Jeans,Fashion,3,1954,5862,UPI,City Center,Returning
2024-10-28 08:00:00,INV10245,Headphones,Electronics,1,1310,1310,Cash,City Center,Returning
2024-08-21 22:00:00,INV10246,Notebook,Books,5,212,1060,Online Gateway,City Center,New
2024-09-03 09:00:00,INV10247,Microwave,Home Appliances,4,7069,28276,UPI,Riverside,Returning
2024-09-03 09:00:00,INV10248,Shoes,Fashion,5,2678,13390,Cash,Riverside,Returning
2024-08-21 19:00:00,INV10249,Pen Set,Books,5,129,645,Online Gateway,Riverside,New
2024-01-14 07:00:00,INV10250,Pen Set,Books,4,154,616,Card,City Center,New
2024-12-02 21:00:00,INV10251,Novel,Books,3,423,1269,Cash,City Center,New
2024-06-24 00:00:00,INV10252,Notebook,Books,3,277,831,UPI,City Center,Returning
2024-07-18 15:00:00,INV10253,Notebook,Books,2,227,454,UPI,Riverside,New
2024-01-14 17:00:00,INV10254,Microwave,Home Appliances,4,7142,28568,Card,City Center,New
2024-10-07 22:00:00,INV10255,Jeans,Fashion,2,1759,3518,UPI,Riverside,New
2024-07-23 20:00:00,INV10256,Smartphone,Electronics,2,19848,39696,Cash,City Center,Returning
2024-03-15 17:00:00,INV10257,Jeans,Fashion,1,1851,1851,Card,City Center,Returning
2024-09-26 01:00:00,INV10258,Mixer Grinder,Home Appliances,2,3510,7020,Card,Riverside,New
2024-12-04 13:00:00,INV10259,Smartphone,Electronics,3,19844,59532,UPI,Riverside,Returning
2024-08-25 15:00:00,INV10260,T-shirt,Fashion,2,883,1766,Online Gateway,Riverside,New
2024-09-14 02:00:00,INV10261,Microwave,Home Appliances,1,6918,6918,UPI,City Center,Returning
2024-10-03 20:00:00,INV10262,Pen Set,Books,5,198,990,Cash,City Center,Returning
2024-11-05 04:00:00,INV10263,T-shirt,Fashion,5,994,4970,Card,Riverside,Returning
2024-06-22 03:00:00,INV10264,Headphones,Electronics,4,1409,5636,Online Gateway,Riverside,New
2024-12-16 11:00:00,INV10265,Notebook,Books,2,-37,-74,Online Gateway,City Center,New
2024-04-18 19:00:00,INV10266,Laptop,Electronics,5,60115,300575,Card,Riverside,Returning
2024-08-25 03:00:00,INV10267,Mixer Grinder,Home Appliances,3,3378,10134,Online Gateway,Riverside,Returning
2024-04-18 01:00:00,INV10268,Smartphone,Electronics,3,19913,59739,Online Gateway,Riverside,New
2024-01-04 23:00:00,INV10269,Laptop,Electronics,5,60025,300125,UPI,City Center,Returning
2024-09-08 17:00:00,INV10270,Washing Machine,Home Appliances,5,15103,75515,Cash,City Center,Returning
2024-07-29 23:00:00,INV10271,Pen Set,Books,4,115,460,UPI,Riverside,Returning
2024-12-17 13:00:00,INV10272,Smartphone,Electronics,4,19946,79784,Card,City Center,New
2024-05-19 13:00:00,INV10273,Smartphone,Electronics,1,19963,19963,Online Gateway,Riverside,Returning
2024-11-14 12:00:00,INV10274,Laptop,Electronics,2,59998,119996,Card,City Center,New
2024-09-30 08:00:00,INV10275,Washing Machine,Home Appliances,1,15166,15166,Card,Riverside,New
2024-08-06 15:00:00,INV10276,Headphones,Electronics,2,1650,3300,UPI,City Center,Returning
2024-08-11 04:00:00,INV10277,Headphones,Electronics,2,1604,3208,Cash,Riverside,Returning
2024-06-18 21:00:00,INV10278,Washing Machine,Home Appliances,1,14902,14902,Cash,Riverside,New
2024-07-23 02:00:00,INV10279,Novel,Books,5,524,2620,Cash,Riverside,Returning
2024-02-29 01:00:00,INV10280,Notebook,Books,3,38,114,UPI,City Center,New
2024-01-05 14:00:00,INV10281,Laptop,Electronics,4,60130,240520,UPI,Riverside,Returning
2024-12-11 01:00:00,INV10282,Pen Set,Books,4,90,360,UPI,City Center,Returning
2024-11-03 23:00:00,INV10283,Washing Machine,Home Appliances,3,14851,44553,Card,City Center,Returning
2024-08-01 20:00:00,INV10284,Shoes,Fashion,2,2687,5374,Card,Riverside,New
2024-04-14 08:00:00,INV10285,Shoes,Fashion,4,2400,9600,Cash,Riverside,Returning
2024-12-11 09:00:00,INV10286,Pen Set,Books,3,87,261,Online Gateway,Riverside,New
2024-08-06 07:00:00,INV10287,Microwave,Home Appliances,1,6895,6895,UPI,City Center,Returning
2024-01-13 04:00:00,INV10288,Pen Set,Books,4,68,272,Online Gateway,City Center,Returning
2024-03-13 06:00:00,INV10289,Novel,Books,3,309,927,UPI,City Center,Returning
2024-08-01 08:00:00,INV10290,Smartphone,Electronics,1,20015,20015,Online Gateway,Riverside,Returning
2024-09-23 09:00:00,INV10291,Pen Set,Books,2,-81,-162,Online Gateway,Riverside,Returning
2024-04-01 12:00:00,INV10292,T-shirt,Fashion,1,932,932,UPI,City Center,New
2024-05-24 10:00:00,INV10293,Notebook,Books,3,-93,-279,UPI,City Center,Returning
2024-03-20 10:00:00,INV10294,Mixer Grinder,Home Appliances,3,3563,10689,Card,Riverside,Returning
2024-03-12 17:00:00,INV10295,Laptop,Electronics,1,59802,59802,Cash,City Center,New
2024-03-16 16:00:00,INV10296,Mixer Grinder,Home Appliances,4,3354,13416,Online Gateway,City Center,New
2024-12-17 20:00:00,INV10297,Novel,Books,2,663,1326,Card,Riverside,New
2024-06-25 03:00:00,INV10298,Novel,Books,1,559,559,Card,City Center,Returning
2024-08-28 15:00:00,INV10299,Novel,Books,2,349,698,Online Gateway,Riverside,New
2024-06-09 09:00:00,INV10300,Smartphone,Electronics,5,19837,99185,Online Gateway,Riverside,Returning
2024-08-05 20:00:00,INV10301,Washing Machine,Home Appliances,1,14852,14852,Cash,Riverside,Returning
2024-10-12 09:00:00,INV10302,Notebook,Books,3,283,849,Card,City Center,Returning
2024-02-14 02:00:00,INV10303,Headphones,Electronics,3,1605,4815,Cash,Riverside,New
2024-04-06 18:00:00,INV10304,Notebook,Books,5,214,1070,Card,City Center,New
2024-12-15 02:00:00,INV10305,Washing Machine,Home Appliances,4,14972,59888,Cash,Riverside,Returning
2024-02-09 12:00:00,INV10306,Shoes,Fashion,1,2405,2405,Cash,Riverside,Returning
2024-12-06 19:00:00,INV10307,Novel,Books,2,359,718,Card,Riverside,New
2024-06-30 15:00:00,INV10308,Pen Set,Books,4,196,784,Online Gateway,City Center,Returning
2024-08-23 20:00:00,INV10309,Jeans,Fashion,5,1726,8630,Online Gateway,Riverside,Returning
2024-10-29 06:00:00,INV10310,Smartphone,Electronics,1,20065,20065,Card,Riverside,Returning
2024-12-16 01:00:00,INV10311,Washing Machine,Home Appliances,3,14856,44568,Online Gateway,City Center,New
2024-03-28 05:00:00,INV10312,Microwave,Home Appliances,2,7040,14080,Cash,Riverside,Returning
2024-03-06 03:00:00,INV10313,Mixer Grinder,Home Appliances,2,3511,7022,Card,City Center,New
2024-12-08 09:00:00,INV10314,T-shirt,Fashion,1,719,719,UPI,City Center,New
2024-01-08 06:00:00,INV10315,Shoes,Fashion,3,2505,7515,Cash,Riverside,Returning
2024-02-25 14:00:00,INV10316,Novel,Books,4,624,2496,Online Gateway,Riverside,Returning
2024-01-14 09:00:00,INV10317,T-shirt,Fashion,3,819,2457,UPI,Riverside,Returning
2024-08-25 10:00:00,INV10318,Mixer Grinder,Home Appliances,2,3358,6716,Online Gateway,City Center,New
2024-08-21 12:00:00,INV10319,Smartphone,Electronics,2,19968,39936,UPI,Riverside,Returning
2024-10-07 22:00:00,INV10320,T-shirt,Fashion,1,998,998,UPI,City Center,New
2024-11-05 20:00:00,INV10321,Smartphone,Electronics,3,19833,59499,Card,Riverside,Returning
2024-12-21 04:00:00,INV10322,Jeans,Fashion,1,1879,1879,Online Gateway,Riverside,Returning
2024-08-24 10:00:00,INV10323,Novel,Books,5,519,2595,Card,Riverside,Returning
2024-07-27 10:00:00,INV10324,T-shirt,Fashion,4,851,3404,Cash,City Center,Returning
2024-02-07 22:00:00,INV10325,Smartphone,Electronics,2,19973,39946,Card,City Center,Returning
2024-02-09 13:00:00,INV10326,Smartphone,Electronics,1,20017,20017,UPI,Riverside,New
2024-08-14 01:00:00,INV10327,Novel,Books,5,528,2640,Online Gateway,Riverside,Returning
2024-04-14 18:00:00,INV10328,Washing Machine,Home Appliances,2,15165,30330,Cash,Riverside,Returning
2024-11-16 21:00:00,INV10329,Notebook,Books,1,20,20,Card,City Center,Returning
2024-01-05 04:00:00,INV10330,Microwave,Home Appliances,4,7032,28128,UPI,Riverside,New
2024-07-12 14:00:00,INV10331,Laptop,Electronics,5,59928,299640,Card,Riverside,New
2024-10-16 09:00:00,INV10332,Pen Set,Books,1,116,116,Card,City Center,New
2024-04-10 00:00:00,INV10333,Shoes,Fashion,3,2318,6954,Card,Riverside,New
2024-08-29 17:00:00,INV10334,Microwave,Home Appliances,1,7048,7048,Card,City Center,New
2024-04-07 15:00:00,INV10335,Shoes,Fashion,1,2640,2640,Cash,Riverside,Returning
2024-01-15 16:00:00,INV10336,Washing Machine,Home Appliances,3,15023,45069,UPI,City Center,Returning
2024-05-03 03:00:00,INV10337,Microwave,Home Appliances,5,7060,35300,Online Gateway,Riverside,Returning
2024-02-12 10:00:00,INV10338,Jeans,Fashion,5,1920,9600,Online Gateway,Riverside,Returning
2024-02-19 03:00:00,INV10339,Pen Set,Books,5,94,470,Cash,City Center,Returning
2024-08-04 09:00:00,INV10340,Novel,Books,1,534,534,UPI,Riverside,New
2024-05-27 08:00:00,INV10341,Notebook,Books,5,-73,-365,Online Gateway,City Center,New
2024-04-14 06:00:00,INV10342,Notebook,Books,5,81,405,Cash,City Center,New
2024-06-08 03:00:00,INV10343,Headphones,Electronics,4,1643,6572,Online Gateway,Riverside,Returning
2024-10-12 15:00:00,INV10344,Mixer Grinder,Home Appliances,5,3592,17960,UPI,City Center,New
2024-02-10 19:00:00,INV10345,Laptop,Electronics,2,59895,119790,Online Gateway,Riverside,New
2024-02-10 16:00:00,INV10346,Notebook,Books,2,-75,-150,UPI,City Center,Returning
2024-04-05 00:00:00,INV10347,Smartphone,Electronics,1,19939,19939,Card,City Center,Returning
2024-09-02 17:00:00,INV10348,Washing Machine,Home Appliances,3,14848,44544,Card,City Center,Returning
2024-01-05 11:00:00,INV10349,Headphones,Electronics,5,1444,7220,UPI,Riverside,Returning
2024-03-08 18:00:00,INV10350,Laptop,Electronics,2,60164,120328,Online Gateway,City Center,New
2024-09-16 13:00:00,INV10351,Mixer Grinder,Home Appliances,3,3623,10869,Card,Riverside,New
2024-10-13 13:00:00,INV10352,T-shirt,Fashion,3,705,2115,Online Gateway,Riverside,Returning
2024-02-06 10:00:00,INV10353,Smartphone,Electronics,2,20155,40310,Online Gateway,Riverside,Returning
2024-08-18 23:00:00,INV10354,Washing Machine,Home Appliances,2,14858,29716,Card,Riverside,Returning
2024-06-07 17:00:00,INV10355,Notebook,Books,3,106,318,Cash,Riverside,New
2024-03-28 19:00:00,INV10356,Smartphone,Electronics,3,20179,60537,Card,City Center,Returning
2024-01-24 07:00:00,INV10357,Mixer Grinder,Home Appliances,5,3600,18000,UPI,City Center,New
2024-12-12 04:00:00,INV10358,Headphones,Electronics,1,1316,1316,UPI,City Center,Returning
2024-07-26 01:00:00,INV10359,Laptop,Electronics,1,59889,59889,UPI,City Center,Returning
2024-05-06 22:00:00,INV10360,Laptop,Electronics,2,60007,120014,UPI,City Center,New
2024-01-02 19:00:00,INV10361,Microwave,Home Appliances,2,6911,13822,Cash,City Center,Returning
2024-01-22 04:00:00,INV10362,Notebook,Books,2,59,118,Cash,Riverside,Returning
2024-09-11 11:00:00,INV10363,Smartphone,Electronics,5,20093,100465,Online Gateway,Riverside,New
2024-05-23 07:00:00,INV10364,Smartphone,Electronics,4,20040,80160,UPI,City Center,New
2024-06-12 16:00:00,INV10365,Smartphone,Electronics,1,19853,19853,Online Gateway,City Center,Returning
2024-08-13 11:00:00,INV10366,T-shirt,Fashion,5,992,4960,Card,City Center,Returning
2024-02-08 04:00:00,INV10367,Smartphone,Electronics,4,20192,80768,UPI,City Center,Returning
2024-02-03 06:00:00,INV10368,Notebook,Books,5,115,575,Card,City Center,New
2024-07-26 03:00:00,INV10369,Headphones,Electronics,3,1651,4953,Cash,Riverside,Returning
2024-03-14 08:00:00,INV10370,Smartphone,Electronics,5,20014,100070,UPI,City Center,Returning
2024-05-16 11:00:00,INV10371,Washing Machine,Home Appliances,2,15046,30092,Cash,Riverside,Returning
2024-02-04 02:00:00,INV10372,Microwave,Home Appliances,1,7017,7017,UPI,Riverside,Returning
2024-07-29 00:00:00,INV10373,Headphones,Electronics,2,1526,3052,UPI,Riverside,Returning
2024-05-07 17:00:00,INV10374,Smartphone,Electronics,4,19862,79448,Card,City Center,New
2024-05-15 19:00:00,INV10375,Pen Set,Books,5,-106,-530,Online Gateway,Riverside,Returning
2024-02-07 18:00:00,INV10376,Laptop,Electronics,4,60126,240504,Cash,City Center,New
2024-01-26 02:00:00,INV10377,Headphones,Electronics,4,1595,6380,Online Gateway,City Center,Returning
2024-06-27 23:00:00,INV10378,T-shirt,Fashion,3,693,2079,Online Gateway,Riverside,New
2024-05-26 23:00:00,INV10379,Laptop,Electronics,1,59912,59912,Online Gateway,City Center,Returning
2024-07-08 07:00:00,INV10380,T-shirt,Fashion,4,774,3096,UPI,City Center,Returning
2024-03-16 11:00:00,INV10381,Mixer Grinder,Home Appliances,3,3607,10821,Online Gateway,Riverside,New
2024-11-27 19:00:00,INV10382,Pen Set,Books,2,-147,-294,Card,City Center,New
2024-08-06 17:00:00,INV10383,Washing Machine,Home Appliances,5,15006,75030,Online Gateway,City Center,New
2024-07-11 07:00:00,INV10384,Microwave,Home Appliances,3,6990,20970,Online Gateway,Riverside,Returning
2024-10-08 22:00:00,INV10385,Jeans,Fashion,4,1961,7844,Online Gateway,Riverside,New
2024-02-03 10:00:00,INV10386,Laptop,Electronics,5,59873,299365,UPI,Riverside,Returning
2024-04-17 14:00:00,INV10387,Shoes,Fashion,1,2558,2558,Cash,City Center,New
2024-09-25 13:00:00,INV10388,Headphones,Electronics,2,1477,2954,Online Gateway,Riverside,New
2024-06-08 21:00:00,INV10389,T-shirt,Fashion,1,670,670,Card,Riverside,Returning
2024-12-29 06:00:00,INV10390,T-shirt,Fashion,2,954,1908,UPI,City Center,Returning
2024-03-10 09:00:00,INV10391,Jeans,Fashion,3,1978,5934,Online Gateway,City Center,New
2024-12-26 11:00:00,INV10392,T-shirt,Fashion,5,677,3385,Online Gateway,Riverside,New
2024-10-17 15:00:00,INV10393,Headphones,Electronics,3,1551,4653,Online Gateway,Riverside,New
2024-04-16 08:00:00,INV10394,Shoes,Fashion,5,2377,11885,Cash,Riverside,New
2024-11-07 11:00:00,INV10395,Laptop,Electronics,1,59873,59873,UPI,Riverside,Returning
2024-04-27 00:00:00,INV10396,T-shirt,Fashion,1,922,922,Online Gateway,City Center,Returning
2024-08-22 17:00:00,INV10397,Novel,Books,4,608,2432,Card,City Center,New
2024-09-11 00:00:00,INV10398,Shoes,Fashion,5,2400,12000,Card,Riverside,Returning
2024-04-12 08:00:00,INV10399,Mixer Grinder,Home Appliances,5,3407,17035,Online Gateway,City Center,Returning
2024-08-13 23:00:00,INV10400,Mixer Grinder,Home Appliances,1,3529,3529,Card,Riverside,New
2024-06-28 21:00:00,INV10401,Washing Machine,Home Appliances,3,14892,44676,Card,City Center,Returning
2024-03-05 20:00:00,INV10402,Laptop,Electronics,4,60125,240500,Card,Riverside,Returning
2024-04-01 21:00:00,INV10403,Shoes,Fashion,3,2368,7104,Cash,City Center,Returning
2024-06-13 19:00:00,INV10404,Mixer Grinder,Home Appliances,3,3605,10815,Online Gateway,City Center,New
2024-10-10 13:00:00,INV10405,Shoes,Fashion,3,2390,7170,UPI,City Center,Returning
2024-01-17 20:00:00,INV10406,Microwave,Home Appliances,2,7168,14336,Card,Riverside,Returning
2024-03-08 12:00:00,INV10407,Headphones,Electronics,5,1345,6725,Cash,Riverside,Returning
2024-05-03 00:00:00,INV10408,Microwave,Home Appliances,4,7179,28716,Online Gateway,Riverside,Returning
2024-12-02 16:00:00,INV10409,Notebook,Books,2,259,518,Online Gateway,City Center,New
2024-05-09 22:00:00,INV10410,Novel,Books,1,483,483,Online Gateway,Riverside,Returning
2024-11-03 12:00:00,INV10411,Mixer Grinder,Home Appliances,5,3591,17955,Card,City Center,New
2024-10-03 06:00:00,INV10412,Jeans,Fashion,2,1954,3908,Online Gateway,Riverside,New
2024-01-24 13:00:00,INV10413,Notebook,Books,4,-20,-80,UPI,City Center,Returning
2024-07-18 23:00:00,INV10414,Smartphone,Electronics,1,20163,20163,Card,City Center,New
2024-11-15 14:00:00,INV10415,T-shirt,Fashion,5,954,4770,Online Gateway,Riverside,New
2024-04-29 12:00:00,INV10416,Washing Machine,Home Appliances,3,14855,44565,UPI,City Center,Returning
2024-06-29 07:00:00,INV10417,Washing Machine,Home Appliances,1,14908,14908,Card,Riverside,New
2024-09-24 05:00:00,INV10418,Washing Machine,Home Appliances,2,14986,29972,Online Gateway,City Center,Returning
2024-11-13 06:00:00,INV10419,Microwave,Home Appliances,4,6904,27616,UPI,Riverside,New
2024-02-21 21:00:00,INV10420,Washing Machine,Home Appliances,5,14965,74825,Cash,City Center,Returning
2024-12-09 11:00:00,INV10421,Headphones,Electronics,5,1646,8230,UPI,City Center,Returning
2024-01-23 09:00:00,INV10422,Mixer Grinder,Home Appliances,1,3313,3313,Online Gateway,Riverside,New
2024-01-23 12:00:00,INV10423,Pen Set,Books,3,180,540,UPI,City Center,Returning
2024-02-03 22:00:00,INV10424,Smartphone,Electronics,3,20115,60345,Cash,Riverside,Returning
2024-02-28 23:00:00,INV10425,Pen Set,Books,2,26,52,Online Gateway,Riverside,Returning
2024-03-09 20:00:00,INV10426,Shoes,Fashion,3,2464,7392,Card,Riverside,Returning
2024-06-18 06:00:00,INV10427,Novel,Books,5,500,2500,Cash,City Center,Returning
2024-04-08 04:00:00,INV10428,Microwave,Home Appliances,5,7109,35545,Online Gateway,Riverside,New
2024-06-07 18:00:00,INV10429,Headphones,Electronics,2,1372,2744,Online Gateway,Riverside,Returning
2024-01-08 17:00:00,INV10430,Pen Set,Books,1,237,237,UPI,City Center,New
2024-03-05 15:00:00,INV10431,Laptop,Electronics,1,59875,59875,Online Gateway,City Center,New
2024-10-19 05:00:00,INV10432,Microwave,Home Appliances,3,7179,21537,Cash,Riverside,Returning
2024-02-01 17:00:00,INV10433,Novel,Books,4,691,2764,Online Gateway,City Center,New
2024-09-13 19:00:00,INV10434,Jeans,Fashion,1,1729,1729,UPI,City Center,Returning
2024-11-14 03:00:00,INV10435,Notebook,Books,5,246,1230,Cash,City Center,Returning
2024-05-16 17:00:00,INV10436,Mixer Grinder,Home Appliances,1,3379,3379,Cash,Riverside,Returning
2024-03-05 00:00:00,INV10437,Laptop,Electronics,1,59812,59812,Online Gateway,City Center,Returning
2024-09-15 09:00:00,INV10438,Jeans,Fashion,5,1777,8885,Card,City Center,New
2024-05-11 20:00:00,INV10439,T-shirt,Fashion,3,763,2289,UPI,Riverside,Returning
2024-04-25 10:00:00,INV10440,Headphones,Electronics,2,1392,2784,Card,City Center,Returning
2024-11-04 07:00:00,INV10441,Pen Set,Books,5,164,820,UPI,Riverside,New
2024-06-09 05:00:00,INV10442,Shoes,Fashion,5,2696,13480,UPI,City Center,Returning
2024-05-23 03:00:00,INV10443,Washing Machine,Home Appliances,5,15107,75535,Card,City Center,New
2024-07-15 06:00:00,INV10444,Shoes,Fashion,5,2340,11700,UPI,Riverside,Returning
2024-01-24 09:00:00,INV10445,Novel,Books,1,546,546,Cash,Riverside,Returning
2024-07-15 13:00:00,INV10446,Novel,Books,3,662,1986,Cash,City Center,Returning
2024-11-13 15:00:00,INV10447,Shoes,Fashion,4,2357,9428,Cash,City Center,Returning
2024-10-26 11:00:00,INV10448,T-shirt,Fashion,1,960,960,Cash,City Center,Returning
2024-03-31 20:00:00,INV10449,Shoes,Fashion,1,2651,2651,Online Gateway,City Center,New
2024-03-22 16:00:00,INV10450,Smartphone,Electronics,3,19960,59880,Card,Riverside,Returning
2024-06-10 15:00:00,INV10451,Headphones,Electronics,5,1595,7975,Card,City Center,New
2024-08-02 17:00:00,INV10452,Mixer Grinder,Home Appliances,3,3328,9984,UPI,City Center,New
2024-10-20 03:00:00,INV10453,Mixer Grinder,Home Appliances,3,3324,9972,UPI,Riverside,New
2024-05-16 06:00:00,INV10454,Mixer Grinder,Home Appliances,2,3680,7360,Cash,City Center,New
2024-07-14 07:00:00,INV10455,Notebook,Books,4,-73,-292,UPI,Riverside,Returning
2024-01-25 06:00:00,INV10456,Jeans,Fashion,3,1913,5739,Cash,Riverside,Returning
2024-01-13 00:00:00,INV10457,Laptop,Electronics,5,59923,299615,Online Gateway,Riverside,Returning
2024-08-24 00:00:00,INV10458,Microwave,Home Appliances,1,7118,7118,Card,Riverside,New
2024-11-28 11:00:00,INV10459,Notebook,Books,3,29,87,Online Gateway,Riverside,Returning
2024-06-09 19:00:00,INV10460,Laptop,Electronics,3,60004,180012,Online Gateway,City Center,New
2024-05-07 12:00:00,INV10461,Laptop,Electronics,1,59990,59990,Online Gateway,City Center,Returning
2024-02-19 07:00:00,INV10462,T-shirt,Fashion,4,655,2620,UPI,City Center,New
2024-06-29 15:00:00,INV10463,Headphones,Electronics,2,1471,2942,Cash,Riverside,Returning
2024-03-01 06:00:00,INV10464,Notebook,Books,3,92,276,Online Gateway,City Center,Returning
2024-10-05 07:00:00,INV10465,Laptop,Electronics,3,60116,180348,Cash,Riverside,Returning
2024-09-15 21:00:00,INV10466,Pen Set,Books,4,69,276,UPI,Riverside,New
2024-03-20 07:00:00,INV10467,Microwave,Home Appliances,5,7158,35790,Card,City Center,Returning
2024-11-24 22:00:00,INV10468,Microwave,Home Appliances,3,6915,20745,Online Gateway,City Center,New
2024-04-09 01:00:00,INV10469,Pen Set,Books,2,16,32,Card,City Center,Returning
2024-02-05 07:00:00,INV10470,Laptop,Electronics,5,59863,299315,Cash,City Center,Returning
2024-11-03 02:00:00,INV10471,Washing Machine,Home Appliances,3,15054,45162,Cash,Riverside,New
2024-09-21 05:00:00,INV10472,T-shirt,Fashion,2,686,1372,Cash,City Center,New
2024-02-21 15:00:00,INV10473,Notebook,Books,5,-75,-375,Card,Riverside,Returning
2024-08-21 08:00:00,INV10474,Notebook,Books,2,20,40,Online Gateway,Riverside,New
2024-07-18 15:00:00,INV10475,Notebook,Books,5,-45,-225,Card,City Center,New
2024-04-08 13:00:00,INV10476,Novel,Books,5,424,2120,Cash,Riverside,Returning
2024-07-29 15:00:00,INV10477,Headphones,Electronics,2,1551,3102,Cash,City Center,Returning
2024-08-22 06:00:00,INV10478,Washing Machine,Home Appliances,2,14900,29800,Card,Riverside,Returning
2024-01-16 12:00:00,INV10479,Notebook,Books,2,86,172,Online Gateway,Riverside,Returning
2024-11-20 07:00:00,INV10480,Mixer Grinder,Home Appliances,4,3511,14044,Cash,Riverside,New
2024-03-22 05:00:00,INV10481,Laptop,Electronics,1,60166,60166,UPI,Riverside,New
2024-01-11 04:00:00,INV10482,Mixer Grinder,Home Appliances,1,3467,3467,Online Gateway,Riverside,New
2024-11-20 19:00:00,INV10483,Smartphone,Electronics,3,19938,59814,Card,Riverside,Returning
2024-08-28 12:00:00,INV10484,Mixer Grinder,Home Appliances,1,3586,3586,Cash,Riverside,Returning
2024-01-06 04:00:00,INV10485,Novel,Books,3,617,1851,Cash,Riverside,New
2024-03-20 23:00:00,INV10486,Jeans,Fashion,1,1751,1751,UPI,Riverside,Returning
2024-01-23 02:00:00,INV10487,Smartphone,Electronics,5,20136,100680,UPI,Riverside,New
2024-11-23 01:00:00,INV10488,Microwave,Home Appliances,1,6818,6818,Cash,Riverside,Returning
2024-10-15 17:00:00,INV10489,Washing Machine,Home Appliances,2,15002,30004,Online Gateway,Riverside,Returning
2024-06-30 05:00:00,INV10490,T-shirt,Fashion,3,941,2823,UPI,City Center,Returning
2024-07-17 04:00:00,INV10491,Shoes,Fashion,4,2554,10216,Online Gateway,Riverside,Returning
2024-03-16 01:00:00,INV10492,Novel,Books,5,480,2400,Cash,City Center,New
2024-08-02 20:00:00,INV10493,T-shirt,Fashion,3,996,2988,Card,City Center,New
2024-11-23 08:00:00,INV10494,Washing Machine,Home Appliances,2,14894,29788,Online Gateway,Riverside,Returning
2024-08-15 13:00:00,INV10495,Mixer Grinder,Home Appliances,3,3614,10842,Cash,Riverside,New
2024-08-08 22:00:00,INV10496,T-shirt,Fashion,4,682,2728,Card,Riverside,New
2024-11-05 16:00:00,INV10497,Pen Set,Books,3,125,375,Cash,Riverside,New
2024-09-14 21:00:00,INV10498,Shoes,Fashion,1,2637,2637,UPI,City Center,New
2024-02-17 14:00:00,INV10499,Smartphone,Electronics,2,19976,39952,Online Gateway,City Center,New
2024-10-21 20:00:00,INV10500,Microwave,Home Appliances,1,6883,6883,Online Gateway,Riverside,Returning
2024-11-13 06:00:00,INV10501,Shoes,Fashion,3,2457,7371,Online Gateway,City Center,Returning
2024-07-20 16:00:00,INV10502,Headphones,Electronics,2,1416,2832,Cash,Riverside,Returning
2024-03-08 21:00:00,INV10503,Smartphone,Electronics,5,20157,100785,Online Gateway,City Center,New
2024-07-29 22:00:00,INV10504,Jeans,Fashion,5,1879,9395,UPI,Riverside,New
2024-02-01 18:00:00,INV10505,Smartphone,Electronics,2,20124,40248,UPI,Riverside,Returning
2024-10-14 17:00:00,INV10506,Laptop,Electronics,5,60029,300145,UPI,Riverside,Returning
2024-07-22 17:00:00,INV10507,Laptop,Electronics,4,59899,239596,Online Gateway,City Center,Returning
2024-07-20 15:00:00,INV10508,Smartphone,Electronics,4,19977,79908,Online Gateway,Riverside,Returning
2024-06-13 21:00:00,INV10509,Microwave,Home Appliances,5,7092,35460,Cash,Riverside,New
2024-01-24 05:00:00,INV10510,Mixer Grinder,Home Appliances,2,3679,7358,UPI,Riverside,New
2024-07-11 13:00:00,INV10511,Jeans,Fashion,1,1644,1644,Cash,Riverside,Returning
2024-02-04 23:00:00,INV10512,Jeans,Fashion,3,1639,4917,Card,Riverside,New
2024-12-07 10:00:00,INV10513,Jeans,Fashion,2,1863,3726,Online Gateway,City Center,Returning
2024-12-13 20:00:00,INV10514,Mixer Grinder,Home Appliances,3,3303,9909,Cash,Riverside,New
2024-10-18 14:00:00,INV10515,Notebook,Books,4,-76,-304,Online Gateway,Riverside,New
2024-01-22 06:00:00,INV10516,T-shirt,Fashion,3,766,2298,Card,City Center,Returning
2024-02-17 09:00:00,INV10517,Pen Set,Books,3,-59,-177,Cash,City Center,Returning
2024-08-21 14:00:00,INV10518,Washing Machine,Home Appliances,5,14848,74240,UPI,Riverside,New
2024-07-13 10:00:00,INV10519,Washing Machine,Home Appliances,3,14839,44517,UPI,Riverside,New
2024-08-14 10:00:00,INV10520,Shoes,Fashion,4,2517,10068,UPI,City Center,New
2024-09-25 14:00:00,INV10521,Shoes,Fashion,3,2336,7008,Online Gateway,City Center,New
2024-04-20 14:00:00,INV10522,Novel,Books,1,549,549,Cash,Riverside,Returning
2024-02-11 06:00:00,INV10523,Notebook,Books,1,236,236,UPI,Riverside,New
2024-11-21 20:00:00,INV10524,T-shirt,Fashion,5,783,3915,Cash,Riverside,Returning
2024-03-31 00:00:00,INV10525,Jeans,Fashion,5,1996,9980,Card,Riverside,New
2024-08-27 04:00:00,INV10526,Washing Machine,Home Appliances,5,14818,74090,Online Gateway,City Center,Returning
2024-07-04 17:00:00,INV10527,Washing Machine,Home Appliances,1,15064,15064,Cash,Riverside,New
2024-03-26 23:00:00,INV10528,Mixer Grinder,Home Appliances,5,3335,16675,Online Gateway,Riverside,New
2024-03-23 09:00:00,INV10529,Microwave,Home Appliances,2,6900,13800,Cash,City Center,Returning
2024-12-22 23:00:00,INV10530,Laptop,Electronics,3,60170,180510,Online Gateway,Riverside,Returning
2024-04-21 03:00:00,INV10531,Jeans,Fashion,1,1720,1720,Cash,City Center,Returning
2024-07-23 23:00:00,INV10532,Notebook,Books,1,33,33,UPI,City Center,New
2024-12-24 17:00:00,INV10533,Mixer Grinder,Home Appliances,1,3562,3562,Online Gateway,City Center,New
2024-11-14 10:00:00,INV10534,Laptop,Electronics,1,59890,59890,Online Gateway,Riverside,New
2024-12-30 23:00:00,INV10535,Pen Set,Books,2,83,166,Card,City Center,New
2024-01-23 15:00:00,INV10536,Microwave,Home Appliances,2,7018,14036,UPI,City Center,Returning
2024-02-06 19:00:00,INV10537,Shoes,Fashion,2,2632,5264,Online Gateway,City Center,Returning
2024-07-18 22:00:00,INV10538,Novel,Books,1,433,433,Online Gateway,City Center,Returning
2024-12-01 00:00:00,INV10539,Shoes,Fashion,3,2372,7116,Card,Riverside,Returning
2024-08-26 06:00:00,INV10540,T-shirt,Fashion,5,705,3525,Cash,Riverside,New
2024-03-27 04:00:00,INV10541,Novel,Books,4,397,1588,UPI,Riverside,New
2024-11-07 14:00:00,INV10542,Shoes,Fashion,3,2614,7842,Online Gateway,Riverside,New
2024-12-04 08:00:00,INV10543,Washing Machine,Home Appliances,1,15124,15124,Online Gateway,City Center,New
2024-11-21 20:00:00,INV10544,Novel,Books,5,618,3090,Online Gateway,City Center,Returning
2024-03-15 10:00:00,INV10545,T-shirt,Fashion,1,958,958,UPI,City Center,Returning
2024-08-26 03:00:00,INV10546,Notebook,Books,2,-42,-84,Online Gateway,Riverside,New
2024-12-10 13:00:00,INV10547,Smartphone,Electronics,5,20114,100570,Cash,City Center,Returning
2024-02-24 12:00:00,INV10548,Jeans,Fashion,4,1758,7032,Cash,City Center,Returning
2024-12-30 08:00:00,INV10549,T-shirt,Fashion,2,819,1638,Cash,City Center,Returning
2024-12-19 01:00:00,INV10550,Headphones,Electronics,5,1685,8425,Card,City Center,New
2024-07-21 13:00:00,INV10551,Mixer Grinder,Home Appliances,3,3404,10212,UPI,Riverside,New
2024-04-25 16:00:00,INV10552,Mixer Grinder,Home Appliances,5,3463,17315,UPI,Riverside,New
2024-03-07 12:00:00,INV10553,Headphones,Electronics,3,1332,3996,Online Gateway,Riverside,Returning
2024-01-20 23:00:00,INV10554,Jeans,Fashion,2,1905,3810,UPI,Riverside,Returning
2024-05-18 00:00:00,INV10555,Jeans,Fashion,4,1787,7148,UPI,City Center,New
2024-09-13 12:00:00,INV10556,Mixer Grinder,Home Appliances,5,3644,18220,UPI,Riverside,New
2024-11-25 23:00:00,INV10557,Mixer Grinder,Home Appliances,2,3519,7038,Online Gateway,Riverside,Returning
2024-10-08 00:00:00,INV10558,Jeans,Fashion,4,1629,6516,Card,City Center,New
2024-06-11 10:00:00,INV10559,Smartphone,Electronics,2,19865,39730,Cash,City Center,New
2024-03-27 08:00:00,INV10560,Notebook,Books,5,152,760,UPI,City Center,Returning
2024-08-22 08:00:00,INV10561,Headphones,Electronics,1,1454,1454,UPI,City Center,Returning
2024-02-09 02:00:00,INV10562,T-shirt,Fashion,3,986,2958,Online Gateway,Riverside,New
2024-12-06 16:00:00,INV10563,Novel,Books,4,566,2264,Card,City Center,Returning
2024-02-01 17:00:00,INV10564,Headphones,Electronics,3,1446,4338,Card,City Center,New
2024-10-29 06:00:00,INV10565,Jeans,Fashion,2,1986,3972,UPI,City Center,New
2024-03-10 13:00:00,INV10566,Jeans,Fashion,1,1850,1850,Card,Riverside,Returning
2024-10-24 00:00:00,INV10567,Washing Machine,Home Appliances,1,15021,15021,Card,Riverside,Returning
2024-06-09 22:00:00,INV10568,Smartphone,Electronics,3,20043,60129,UPI,Riverside,New
2024-04-21 21:00:00,INV10569,Laptop,Electronics,5,59823,299115,Cash,City Center,New
2024-10-03 10:00:00,INV10570,Laptop,Electronics,2,59891,119782,Cash,City Center,New
2024-03-21 11:00:00,INV10571,Novel,Books,3,486,1458,Cash,City Center,New
2024-10-31 12:00:00,INV10572,Washing Machine,Home Appliances,5,15062,75310,Card,City Center,New
2024-06-13 03:00:00,INV10573,Headphones,Electronics,5,1481,7405,UPI,City Center,Returning
2024-02-16 22:00:00,INV10574,Headphones,Electronics,2,1509,3018,Card,City Center,Returning
2024-09-07 21:00:00,INV10575,Pen Set,Books,2,-92,-184,UPI,Riverside,Returning
2024-09-25 05:00:00,INV10576,Shoes,Fashion,4,2354,9416,UPI,City Center,Returning
2024-10-20 07:00:00,INV10577,Jeans,Fashion,1,1916,1916,Online Gateway,Riverside,Returning
2024-08-11 21:00:00,INV10578,Microwave,Home Appliances,5,7056,35280,Cash,City Center,New
2024-02-20 03:00:00,INV10579,Notebook,Books,3,289,867,Cash,City Center,New
2024-06-21 07:00:00,INV10580,Washing Machine,Home Appliances,5,14952,74760,Card,City Center,New
2024-12-28 23:00:00,INV10581,Pen Set,Books,4,-53,-212,UPI,Riverside,Returning
2024-11-25 08:00:00,INV10582,Washing Machine,Home Appliances,5,15148,75740,Cash,City Center,New
2024-04-05 03:00:00,INV10583,Pen Set,Books,4,226,904,Card,City Center,New
2024-07-08 22:00:00,INV10584,Jeans,Fashion,4,1642,6568,Online Gateway,City Center,New
2024-08-10 19:00:00,INV10585,Shoes,Fashion,5,2351,11755,UPI,Riverside,Returning
2024-11-23 19:00:00,INV10586,Jeans,Fashion,2,1832,3664,Online Gateway,Riverside,New
2024-09-04 16:00:00,INV10587,Notebook,Books,4,-97,-388,Card,City Center,Returning
2024-12-27 10:00:00,INV10588,Washing Machine,Home Appliances,3,14811,44433,Card,City Center,Returning
2024-04-13 05:00:00,INV10589,Mixer Grinder,Home Appliances,5,3340,16700,UPI,City Center,Returning
2024-05-08 21:00:00,INV10590,Pen Set,Books,5,73,365,Online Gateway,Riverside,New
2024-12-21 14:00:00,INV10591,Notebook,Books,5,-45,-225,Cash,Riverside,Returning
2024-10-27 07:00:00,INV10592,T-shirt,Fashion,4,660,2640,Card,City Center,New
2024-09-16 11:00:00,INV10593,Novel,Books,1,318,318,Card,Riverside,New
2024-05-27 07:00:00,INV10594,Jeans,Fashion,3,1657,4971,Online Gateway,Riverside,Returning
2024-10-18 20:00:00,INV10595,Shoes,Fashion,4,2407,9628,UPI,City Center,New
2024-05-01 09:00:00,INV10596,Headphones,Electronics,4,1317,5268,Card,Riverside,Returning
2024-04-07 12:00:00,INV10597,Washing Machine,Home Appliances,5,15021,75105,UPI,Riverside,New
2024-08-08 09:00:00,INV10598,Smartphone,Electronics,1,19997,19997,Card,City Center,New
2024-01-25 21:00:00,INV10599,Pen Set,Books,4,31,124,Cash,Riverside,Returning
2024-10-24 17:00:00,INV10600,Microwave,Home Appliances,2,7114,14228,Online Gateway,Riverside,Returning
2024-04-30 22:00:00,INV10601,Pen Set,Books,2,-110,-220,Cash,Riverside,Returning
2024-10-03 21:00:00,INV10602,Microwave,Home Appliances,4,6833,27332,Cash,City Center,New
2024-11-16 14:00:00,INV10603,Notebook,Books,2,136,272,UPI,Riverside,New
2024-07-20 06:00:00,INV10604,Mixer Grinder,Home Appliances,5,3596,17980,UPI,Riverside,Returning
2024-11-10 10:00:00,INV10605,Novel,Books,2,469,938,UPI,City Center,Returning
2024-11-03 00:00:00,INV10606,Headphones,Electronics,2,1351,2702,UPI,Riverside,Returning
2024-03-31 00:00:00,INV10607,Headphones,Electronics,1,1386,1386,UPI,Riverside,New
2024-09-01 22:00:00,INV10608,Washing Machine,Home Appliances,2,15129,30258,Cash,City Center,New
2024-11-15 07:00:00,INV10609,Notebook,Books,3,-76,-228,Cash,Riverside,New
2024-06-05 05:00:00,INV10610,T-shirt,Fashion,1,749,749,Cash,Riverside,New
2024-05-01 18:00:00,INV10611,Mixer Grinder,Home Appliances,3,3307,9921,Cash,City Center,Returning
2024-09-27 06:00:00,INV10612,Microwave,Home Appliances,3,7166,21498,Card,Riverside,New
2024-12-04 00:00:00,INV10613,Washing Machine,Home Appliances,3,14836,44508,Card,City Center,Returning
2024-06-07 12:00:00,INV10614,T-shirt,Fashion,4,669,2676,UPI,Riverside,New
2024-07-22 06:00:00,INV10615,Pen Set,Books,5,228,1140,Card,Riverside,Returning
2024-04-08 16:00:00,INV10616,Shoes,Fashion,5,2670,13350,Online Gateway,City Center,Returning
2024-12-03 05:00:00,INV10617,Headphones,Electronics,3,1313,3939,Cash,Riverside,Returning
2024-06-12 20:00:00,INV10618,Pen Set,Books,3,-80,-240,UPI,City Center,Returning
2024-08-21 16:00:00,INV10619,Mixer Grinder,Home Appliances,3,3684,11052,Card,Riverside,Returning
2024-10-03 11:00:00,INV10620,Mixer Grinder,Home Appliances,2,3309,6618,Cash,City Center,New
2024-09-23 11:00:00,INV10621,Headphones,Electronics,3,1693,5079,Online Gateway,Riverside,New
2024-09-11 05:00:00,INV10622,T-shirt,Fashion,2,999,1998,Cash,Riverside,New
2024-08-18 11:00:00,INV10623,Headphones,Electronics,1,1611,1611,Online Gateway,City Center,Returning
2024-07-26 02:00:00,INV10624,Notebook,Books,2,83,166,Cash,Riverside,New
2024-09-21 08:00:00,INV10625,Smartphone,Electronics,4,19974,79896,Card,City Center,New
2024-12-16 08:00:00,INV10626,Microwave,Home Appliances,1,6869,6869,UPI,City Center,New
2024-01-16 15:00:00,INV10627,Microwave,Home Appliances,5,7042,35210,Cash,Riverside,New
2024-11-24 15:00:00,INV10628,T-shirt,Fashion,2,839,1678,Online Gateway,Riverside,Returning
2024-03-08 01:00:00,INV10629,Headphones,Electronics,3,1401,4203,Online Gateway,City Center,Returning
2024-05-02 11:00:00,INV10630,Headphones,Electronics,1,1650,1650,Cash,Riverside,New
2024-06-18 06:00:00,INV10631,Shoes,Fashion,2,2312,4624,Cash,City Center,New
2024-03-08 05:00:00,INV10632,Jeans,Fashion,4,1894,7576,Online Gateway,Riverside,Returning
2024-10-01 02:00:00,INV10633,T-shirt,Fashion,1,697,697,Card,City Center,New
2024-11-23 03:00:00,INV10634,Jeans,Fashion,1,1904,1904,Online Gateway,City Center,Returning
2024-06-02 07:00:00,INV10635,Mixer Grinder,Home Appliances,3,3380,10140,Card,Riverside,Returning
2024-11-10 04:00:00,INV10636,Shoes,Fashion,1,2488,2488,UPI,City Center,New
2024-10-21 18:00:00,INV10637,Novel,Books,5,315,1575,Card,Riverside,New
2024-06-15 12:00:00,INV10638,Shoes,Fashion,1,2482,2482,Online Gateway,Riverside,New
2024-07-18 10:00:00,INV10639,Pen Set,Books,4,71,284,Online Gateway,City Center,New
2024-08-25 07:00:00,INV10640,Washing Machine,Home Appliances,3,15014,45042,Card,Riverside,New
2024-10-18 14:00:00,INV10641,Pen Set,Books,3,16,48,Card,City Center,New
2024-04-08 14:00:00,INV10642,Shoes,Fashion,2,2466,4932,Card,Riverside,Returning
2024-10-08 20:00:00,INV10643,Pen Set,Books,2,216,432,Online Gateway,City Center,Returning
2024-03-08 06:00:00,INV10644,Novel,Books,4,481,1924,Online Gateway,Riverside,Returning
2024-07-08 19:00:00,INV10645,Mixer Grinder,Home Appliances,2,3628,7256,Card,Riverside,New
2024-04-10 16:00:00,INV10646,Smartphone,Electronics,5,20054,100270,Cash,Riverside,Returning
2024-10-30 16:00:00,INV10647,Laptop,Electronics,4,59947,239788,Cash,City Center,New
2024-10-12 22:00:00,INV10648,Pen Set,Books,1,15,15,UPI,City Center,New
2024-06-01 05:00:00,INV10649,T-shirt,Fashion,3,835,2505,Card,City Center,Returning
2024-10-03 15:00:00,INV10650,Jeans,Fashion,1,1654,1654,Online Gateway,City Center,New
2024-01-21 16:00:00,INV10651,Microwave,Home Appliances,1,6897,6897,UPI,City Center,Returning
2024-01-22 00:00:00,INV10652,Smartphone,Electronics,1,20145,20145,UPI,City Center,Returning
2024-11-16 19:00:00,INV10653,Novel,Books,4,402,1608,Online Gateway,Riverside,New
2024-08-26 21:00:00,INV10654,Microwave,Home Appliances,2,7173,14346,Cash,City Center,Returning
2024-12-01 15:00:00,INV10655,T-shirt,Fashion,3,745,2235,Card,Riverside,Returning
2024-05-14 00:00:00,INV10656,Washing Machine,Home Appliances,5,15131,75655,Online Gateway,Riverside,Returning
2024-08-25 00:00:00,INV10657,Notebook,Books,3,99,297,Online Gateway,City Center,Returning
2024-06-30 20:00:00,INV10658,Novel,Books,5,509,2545,Card,City Center,New
2024-09-08 18:00:00,INV10659,Pen Set,Books,2,-45,-90,Card,City Center,Returning
2024-03-02 13:00:00,INV10660,Novel,Books,5,677,3385,Card,City Center,Returning
2024-07-25 16:00:00,INV10661,Laptop,Electronics,2,60128,120256,Online Gateway,Riverside,New
2024-04-09 21:00:00,INV10662,Novel,Books,5,497,2485,Cash,Riverside,Returning
2024-12-11 21:00:00,INV10663,Novel,Books,1,576,576,UPI,City Center,Returning
2024-09-15 02:00:00,INV10664,Pen Set,Books,4,31,124,Online Gateway,City Center,Returning
2024-11-11 10:00:00,INV10665,Pen Set,Books,1,-44,-44,UPI,Riverside,New
2024-11-18 02:00:00,INV10666,Washing Machine,Home Appliances,1,15014,15014,Card,City Center,Returning
2024-03-03 11:00:00,INV10667,Novel,Books,3,663,1989,Online Gateway,City Center,Returning
2024-10-28 11:00:00,INV10668,Smartphone,Electronics,1,20089,20089,Online Gateway,Riverside,New
2024-01-25 19:00:00,INV10669,Notebook,Books,3,214,642,Card,City Center,New
2024-02-10 18:00:00,INV10670,Pen Set,Books,3,81,243,Cash,Riverside,New
2024-01-31 10:00:00,INV10671,Washing Machine,Home Appliances,5,14807,74035,Card,City Center,New
2024-01-03 08:00:00,INV10672,T-shirt,Fashion,4,977,3908,Cash,City Center,New
2024-04-03 11:00:00,INV10673,Laptop,Electronics,2,60040,120080,Card,City Center,New
2024-09-01 23:00:00,INV10674,Shoes,Fashion,5,2620,13100,UPI,Riverside,New
2024-03-11 21:00:00,INV10675,Pen Set,Books,2,153,306,Card,City Center,Returning
2024-10-28 05:00:00,INV10676,Headphones,Electronics,2,1400,2800,Cash,City Center,New
2024-02-23 14:00:00,INV10677,Jeans,Fashion,5,1676,8380,Card,City Center,Returning
2024-12-11 23:00:00,INV10678,Smartphone,Electronics,1,20157,20157,Cash,City Center,Returning
2024-02-09 11:00:00,INV10679,Pen Set,Books,4,-26,-104,Online Gateway,City Center,Returning
2024-06-20 17:00:00,INV10680,Mixer Grinder,Home Appliances,4,3499,13996,Online Gateway,City Center,New
2024-09-30 01:00:00,INV10681,Washing Machine,Home Appliances,1,15125,15125,UPI,City Center,New
2024-02-01 13:00:00,INV10682,Novel,Books,4,688,2752,Online Gateway,Riverside,New
2024-08-23 11:00:00,INV10683,T-shirt,Fashion,3,951,2853,UPI,Riverside,Returning
2024-10-30 01:00:00,INV10684,Microwave,Home Appliances,3,6901,20703,Cash,Riverside,New
2024-05-27 07:00:00,INV10685,Laptop,Electronics,4,60070,240280,Cash,Riverside,Returning
2024-04-05 13:00:00,INV10686,Novel,Books,5,620,3100,Cash,Riverside,New
2024-02-16 00:00:00,INV10687,Laptop,Electronics,2,60102,120204,Cash,City Center,New
2024-02-07 20:00:00,INV10688,Laptop,Electronics,1,60065,60065,UPI,City Center,New
2024-09-29 11:00:00,INV10689,Novel,Books,1,448,448,Cash,City Center,New
2024-07-11 09:00:00,INV10690,Pen Set,Books,4,152,608,Online Gateway,City Center,New
2024-10-21 13:00:00,INV10691,Laptop,Electronics,3,59800,179400,Online Gateway,Riverside,Returning
2024-04-06 07:00:00,INV10692,Laptop,Electronics,3,59944,179832,Card,City Center,Returning
2024-02-02 21:00:00,INV10693,Smartphone,Electronics,5,19885,99425,Cash,City Center,Returning
2024-01-08 03:00:00,INV10694,Notebook,Books,3,290,870,Cash,Riverside,New
2024-11-28 21:00:00,INV10695,Notebook,Books,4,203,812,Card,Riverside,New
2024-03-19 13:00:00,INV10696,T-shirt,Fashion,1,866,866,UPI,City Center,Returning
2024-12-27 03:00:00,INV10697,Shoes,Fashion,2,2423,4846,Cash,City Center,Returning
2024-02-13 17:00:00,INV10698,Laptop,Electronics,3,60047,180141,UPI,City Center,New
2024-06-21 01:00:00,INV10699,Shoes,Fashion,4,2510,10040,Card,City Center,Returning
2024-02-18 09:00:00,INV10700,Pen Set,Books,3,157,471,UPI,City Center,Returning
2024-02-03 23:00:00,INV10701,Headphones,Electronics,3,1573,4719,Card,Riverside,New
2024-06-05 22:00:00,INV10702,Washing Machine,Home Appliances,2,14961,29922,Online Gateway,City Center,New
2024-07-13 05:00:00,INV10703,Washing Machine,Home Appliances,3,15197,45591,UPI,Riverside,Returning
2024-12-26 13:00:00,INV10704,Mixer Grinder,Home Appliances,3,3545,10635,Cash,City Center,New
2024-05-14 23:00:00,INV10705,Notebook,Books,5,-70,-350,Cash,City Center,New
2024-12-10 16:00:00,INV10706,Novel,Books,1,473,473,UPI,City Center,New
2024-04-26 20:00:00,INV10707,Mixer Grinder,Home Appliances,3,3569,10707,Cash,City Center,New
2024-11-30 15:00:00,INV10708,Smartphone,Electronics,3,19996,59988,Cash,City Center,New
2024-02-06 05:00:00,INV10709,Pen Set,Books,3,-23,-69,UPI,Riverside,New
2024-08-18 06:00:00,INV10710,Mixer Grinder,Home Appliances,5,3307,16535,Cash,Riverside,New
2024-11-18 13:00:00,INV10711,Mixer Grinder,Home Appliances,1,3371,3371,Card,Riverside,Returning
2024-07-14 14:00:00,INV10712,Shoes,Fashion,1,2504,2504,Online Gateway,Riverside,Returning
2024-03-21 14:00:00,INV10713,Laptop,Electronics,2,60031,120062,Cash,Riverside,New
2024-08-03 12:00:00,INV10714,Microwave,Home Appliances,5,7124,35620,UPI,Riverside,Returning
2024-01-30 07:00:00,INV10715,Smartphone,Electronics,5,19839,99195,Card,City Center,Returning
2024-04-15 03:00:00,INV10716,Microwave,Home Appliances,4,7182,28728,Cash,Riverside,New
2024-04-19 23:00:00,INV10717,Laptop,Electronics,3,60042,180126,Card,City Center,New
2024-09-13 15:00:00,INV10718,Headphones,Electronics,5,1384,6920,Cash,City Center,New
2024-06-11 21:00:00,INV10719,Pen Set,Books,1,206,206,UPI,City Center,Returning
2024-02-18 12:00:00,INV10720,Notebook,Books,1,278,278,UPI,City Center,New
2024-01-26 19:00:00,INV10721,T-shirt,Fashion,3,758,2274,Online Gateway,Riverside,Returning
2024-11-28 14:00:00,INV10722,Headphones,Electronics,3,1588,4764,Online Gateway,City Center,Returning
2024-05-07 18:00:00,INV10723,Novel,Books,1,689,689,Cash,City Center,Returning
2024-07-22 00:00:00,INV10724,Washing Machine,Home Appliances,5,15168,75840,Card,City Center,Returning
2024-12-25 22:00:00,INV10725,Jeans,Fashion,1,1631,1631,UPI,City Center,Returning
2024-04-07 09:00:00,INV10726,Smartphone,Electronics,1,19901,19901,Cash,City Center,New
2024-12-16 00:00:00,INV10727,Microwave,Home Appliances,4,6999,27996,Cash,Riverside,New
2024-08-21 02:00:00,INV10728,Washing Machine,Home Appliances,1,14998,14998,Online Gateway,Riverside,Returning
2024-04-12 12:00:00,INV10729,T-shirt,Fashion,5,945,4725,Card,City Center,Returning
2024-10-11 04:00:00,INV10730,Headphones,Electronics,5,1458,7290,Cash,City Center,Returning
2024-08-19 02:00:00,INV10731,Novel,Books,4,609,2436,Card,City Center,Returning
2024-05-23 10:00:00,INV10732,T-shirt,Fashion,3,628,1884,UPI,Riverside,Returning
2024-04-22 23:00:00,INV10733,Headphones,Electronics,3,1555,4665,Online Gateway,City Center,New
2024-02-23 19:00:00,INV10734,Shoes,Fashion,5,2509,12545,Card,Riverside,New
2024-08-11 22:00:00,INV10735,Laptop,Electronics,5,59838,299190,Online Gateway,City Center,Returning
2024-04-20 15:00:00,INV10736,Novel,Books,3,356,1068,Online Gateway,City Center,New
2024-09-28 09:00:00,INV10737,Smartphone,Electronics,5,19814,99070,Cash,Riverside,New
2024-11-04 02:00:00,INV10738,Pen Set,Books,4,66,264,Online Gateway,City Center,Returning
2024-01-30 08:00:00,INV10739,Headphones,Electronics,1,1657,1657,UPI,City Center,Returning
2024-02-04 09:00:00,INV10740,Mixer Grinder,Home Appliances,3,3672,11016,Cash,Riverside,Returning
2024-01-16 16:00:00,INV10741,Laptop,Electronics,3,60155,180465,Online Gateway,City Center,New
2024-02-10 12:00:00,INV10742,Washing Machine,Home Appliances,3,14998,44994,UPI,Riverside,Returning
2024-06-24 13:00:00,INV10743,Smartphone,Electronics,4,19961,79844,Online Gateway,Riverside,Returning
2024-01-19 11:00:00,INV10744,Microwave,Home Appliances,1,6971,6971,Online Gateway,City Center,New
2024-11-09 07:00:00,INV10745,Smartphone,Electronics,2,19819,39638,Online Gateway,City Center,New
2024-02-01 10:00:00,INV10746,Mixer Grinder,Home Appliances,1,3654,3654,UPI,City Center,Returning
2024-07-16 07:00:00,INV10747,Novel,Books,4,551,2204,Card,Riverside,New
2024-08-12 20:00:00,INV10748,Jeans,Fashion,3,1670,5010,UPI,Riverside,Returning
2024-05-24 09:00:00,INV10749,Smartphone,Electronics,3,19814,59442,Card,City Center,Returning
2024-04-22 23:00:00,INV10750,Novel,Books,5,630,3150,UPI,City Center,Returning
2024-04-10 07:00:00,INV10751,Smartphone,Electronics,5,20020,100100,Card,City Center,Returning
2024-08-20 20:00:00,INV10752,Shoes,Fashion,3,2374,7122,Card,Riverside,Returning
2024-09-11 08:00:00,INV10753,Shoes,Fashion,2,2363,4726,Cash,City Center,New
2024-08-27 11:00:00,INV10754,Shoes,Fashion,5,2578,12890,Card,City Center,New
2024-03-12 19:00:00,INV10755,T-shirt,Fashion,1,624,624,Card,Riverside,Returning
2024-10-28 00:00:00,INV10756,Jeans,Fashion,5,1758,8790,Cash,City Center,Returning
2024-03-20 23:00:00,INV10757,Laptop,Electronics,3,60021,180063,UPI,City Center,New
2024-02-08 06:00:00,INV10758,Jeans,Fashion,4,1880,7520,Online Gateway,City Center,New
2024-06-24 15:00:00,INV10759,Novel,Books,3,612,1836,Cash,City Center,Returning
2024-01-25 05:00:00,INV10760,Pen Set,Books,5,138,690,Cash,Riverside,Returning
2024-06-10 17:00:00,INV10761,Shoes,Fashion,4,2609,10436,Cash,City Center,New
2024-06-11 21:00:00,INV10762,Mixer Grinder,Home Appliances,4,3436,13744,Card,Riverside,New
2024-03-24 07:00:00,INV10763,Washing Machine,Home Appliances,5,15012,75060,Cash,Riverside,New
2024-01-17 16:00:00,INV10764,Washing Machine,Home Appliances,4,15143,60572,Online Gateway,City Center,Returning
2024-06-01 00:00:00,INV10765,Pen Set,Books,4,12,48,Card,Riverside,Returning
2024-08-14 21:00:00,INV10766,Notebook,Books,2,252,504,Online Gateway,City Center,Returning
2024-04-19 12:00:00,INV10767,T-shirt,Fashion,5,923,4615,Online Gateway,City Center,Returning
2024-03-10 00:00:00,INV10768,Smartphone,Electronics,2,19932,39864,UPI,City Center,Returning
2024-01-26 20:00:00,INV10769,Microwave,Home Appliances,1,6985,6985,Cash,Riverside,Returning
2024-01-11 06:00:00,INV10770,Jeans,Fashion,1,1764,1764,Online Gateway,City Center,Returning
2024-08-05 04:00:00,INV10771,T-shirt,Fashion,5,641,3205,Online Gateway,Riverside,Returning
2024-05-19 03:00:00,INV10772,Laptop,Electronics,1,59915,59915,Cash,City Center,Returning
2024-10-08 14:00:00,INV10773,Laptop,Electronics,4,59942,239768,Cash,Riverside,New
2024-10-22 06:00:00,INV10774,Laptop,Electronics,1,59923,59923,UPI,Riverside,New
2024-05-05 10:00:00,INV10775,Mixer Grinder,Home Appliances,2,3579,7158,Cash,Riverside,New
2024-07-15 15:00:00,INV10776,T-shirt,Fashion,4,690,2760,UPI,Riverside,Returning
2024-04-08 16:00:00,INV10777,Notebook,Books,2,83,166,Online Gateway,City Center,New
2024-03-17 15:00:00,INV10778,Washing Machine,Home Appliances,2,15046,30092,Card,City Center,New
2024-04-30 23:00:00,INV10779,Mixer Grinder,Home Appliances,5,3305,16525,Card,Riverside,Returning
2024-09-15 13:00:00,INV10780,T-shirt,Fashion,3,803,2409,UPI,City Center,New
2024-07-02 03:00:00,INV10781,Smartphone,Electronics,1,20104,20104,UPI,Riverside,Returning
2024-08-28 07:00:00,INV10782,Mixer Grinder,Home Appliances,4,3352,13408,Online Gateway,Riverside,New
2024-06-02 19:00:00,INV10783,Laptop,Electronics,4,60089,240356,Cash,City Center,Returning
2024-11-07 06:00:00,INV10784,Washing Machine,Home Appliances,4,15014,60056,Cash,Riverside,New
2024-06-09 01:00:00,INV10785,Novel,Books,5,490,2450,Cash,City Center,New
2024-06-30 04:00:00,INV10786,Shoes,Fashion,3,2506,7518,Card,Riverside,Returning
2024-10-02 21:00:00,INV10787,Pen Set,Books,4,-82,-328,Cash,City Center,New
2024-02-28 00:00:00,INV10788,Headphones,Electronics,5,1313,6565,UPI,Riverside,Returning
2024-09-09 12:00:00,INV10789,Jeans,Fashion,1,1612,1612,Cash,Riverside,Returning
2024-06-26 07:00:00,INV10790,T-shirt,Fashion,1,776,776,Online Gateway,Riverside,New
2024-06-28 04:00:00,INV10791,Laptop,Electronics,3,60172,180516,Online Gateway,City Center,Returning
2024-05-19 02:00:00,INV10792,Jeans,Fashion,4,1679,6716,Card,City Center,New
2024-08-16 15:00:00,INV10793,Smartphone,Electronics,4,19963,79852,Card,City Center,New
2024-05-26 10:00:00,INV10794,Jeans,Fashion,2,1835,3670,Cash,City Center,New
2024-02-01 15:00:00,INV10795,Notebook,Books,4,262,1048,Online Gateway,City Center,Returning
2024-12-25 05:00:00,INV10796,Headphones,Electronics,1,1643,1643,Card,City Center,Returning
2024-10-10 01:00:00,INV10797,Mixer Grinder,Home Appliances,5,3398,16990,Card,City Center,Returning
2024-04-12 11:00:00,INV10798,Microwave,Home Appliances,3,7015,21045,Online Gateway,Riverside,Returning
2024-08-07 17:00:00,INV10799,Washing Machine,Home Appliances,4,15079,60316,UPI,City Center,New
2024-03-12 14:00:00,INV10800,T-shirt,Fashion,1,990,990,UPI,Riverside,New
2024-08-13 23:00:00,INV10801,Washing Machine,Home Appliances,5,15109,75545,Cash,Riverside,Returning
2024-02-24 12:00:00,INV10802,Jeans,Fashion,4,1924,7696,UPI,Riverside,Returning
2024-02-13 18:00:00,INV10803,Mixer Grinder,Home Appliances,3,3646,10938,Online Gateway,Riverside,Returning
2024-08-16 07:00:00,INV10804,T-shirt,Fashion,3,644,1932,Card,Riverside,New
2024-04-03 17:00:00,INV10805,Microwave,Home Appliances,5,6923,34615,UPI,Riverside,New
2024-04-27 01:00:00,INV10806,Notebook,Books,5,242,1210,UPI,City Center,Returning
2024-05-01 17:00:00,INV10807,Jeans,Fashion,2,1693,3386,Online Gateway,City Center,Returning
2024-07-13 20:00:00,INV10808,Smartphone,Electronics,1,20081,20081,Online Gateway,Riverside,Returning
2024-06-17 09:00:00,INV10809,Shoes,Fashion,3,2621,7863,Cash,Riverside,Returning
2024-04-10 17:00:00,INV10810,Mixer Grinder,Home Appliances,4,3640,14560,Online Gateway,Riverside,Returning
2024-01-23 04:00:00,INV10811,Microwave,Home Appliances,4,7198,28792,Card,Riverside,New
2024-12-06 07:00:00,INV10812,Laptop,Electronics,2,59834,119668,Online Gateway,City Center,Returning
2024-03-02 05:00:00,INV10813,Microwave,Home Appliances,5,7014,35070,Cash,Riverside,Returning
2024-10-30 20:00:00,INV10814,Microwave,Home Appliances,3,7173,21519,Card,City Center,Returning
2024-10-24 14:00:00,INV10815,Notebook,Books,1,240,240,UPI,Riverside,Returning
2024-09-07 00:00:00,INV10816,Washing Machine,Home Appliances,2,14873,29746,Cash,Riverside,New
2024-10-22 01:00:00,INV10817,T-shirt,Fashion,4,769,3076,Cash,Riverside,Returning
2024-07-12 17:00:00,INV10818,Smartphone,Electronics,3,19919,59757,Cash,City Center,New
2024-10-15 19:00:00,INV10819,T-shirt,Fashion,1,946,946,Card,City Center,Returning
2024-05-22 16:00:00,INV10820,Novel,Books,1,572,572,Online Gateway,Riverside,Returning
2024-02-15 11:00:00,INV10821,Smartphone,Electronics,3,20023,60069,Online Gateway,City Center,New
2024-11-23 01:00:00,INV10822,Microwave,Home Appliances,1,7192,7192,UPI,City Center,Returning
2024-07-12 22:00:00,INV10823,Microwave,Home Appliances,1,6854,6854,UPI,Riverside,New
2024-01-11 20:00:00,INV10824,Headphones,Electronics,4,1457,5828,Cash,City Center,Returning
2024-09-04 08:00:00,INV10825,Washing Machine,Home Appliances,3,14971,44913,Card,Riverside,Returning
2024-07-01 02:00:00,INV10826,Mixer Grinder,Home Appliances,4,3400,13600,UPI,City Center,Returning
2024-06-28 05:00:00,INV10827,Mixer Grinder,Home Appliances,2,3371,6742,Cash,City Center,New
2024-10-27 07:00:00,INV10828,Microwave,Home Appliances,1,6842,6842,Card,City Center,New
2024-08-30 11:00:00,INV10829,Laptop,Electronics,2,59842,119684,UPI,City Center,New
2024-01-04 20:00:00,INV10830,Pen Set,Books,5,-20,-100,Online Gateway,Riverside,Returning
2024-08-03 01:00:00,INV10831,Jeans,Fashion,4,1950,7800,Online Gateway,City Center,Returning
2024-11-14 00:00:00,INV10832,Notebook,Books,2,-24,-48,Card,City Center,New
2024-09-15 16:00:00,INV10833,Shoes,Fashion,2,2639,5278,Cash,City Center,Returning
2024-12-22 12:00:00,INV10834,Washing Machine,Home Appliances,5,15171,75855,UPI,City Center,Returning
2024-07-23 20:00:00,INV10835,Novel,Books,5,628,3140,Cash,Riverside,Returning
2024-06-03 22:00:00,INV10836,Novel,Books,5,685,3425,Online Gateway,City Center,New
2024-09-12 05:00:00,INV10837,Novel,Books,4,461,1844,UPI,Riverside,Returning
2024-03-21 04:00:00,INV10838,Headphones,Electronics,4,1354,5416,Card,Riverside,New
2024-05-08 23:00:00,INV10839,Notebook,Books,2,32,64,UPI,Riverside,Returning
2024-10-05 11:00:00,INV10840,Jeans,Fashion,5,1877,9385,Cash,City Center,Returning
2024-08-03 21:00:00,INV10841,Washing Machine,Home Appliances,1,15093,15093,UPI,Riverside,New
2024-04-15 18:00:00,INV10842,Laptop,Electronics,4,59875,239500,Online Gateway,Riverside,Returning
2024-04-04 20:00:00,INV10843,Pen Set,Books,3,107,321,Online Gateway,City Center,Returning
2024-12-07 10:00:00,INV10844,T-shirt,Fashion,3,799,2397,Card,City Center,New
2024-02-07 22:00:00,INV10845,Pen Set,Books,5,200,1000,UPI,City Center,New
2024-01-13 18:00:00,INV10846,Novel,Books,2,534,1068,UPI,City Center,New
2024-09-30 23:00:00,INV10847,Novel,Books,5,347,1735,Cash,City Center,New
2024-06-25 07:00:00,INV10848,Laptop,Electronics,2,60184,120368,Cash,Riverside,New
2024-09-08 04:00:00,INV10849,Headphones,Electronics,5,1481,7405,Cash,City Center,Returning
2024-10-04 10:00:00,INV10850,Mixer Grinder,Home Appliances,3,3316,9948,UPI,Riverside,New
2024-09-21 00:00:00,INV10851,Pen Set,Books,4,192,768,UPI,City Center,New
2024-02-06 08:00:00,INV10852,Microwave,Home Appliances,1,6800,6800,Online Gateway,Riverside,Returning
2024-02-17 13:00:00,INV10853,Jeans,Fashion,1,1914,1914,Cash,City Center,New
2024-01-28 17:00:00,INV10854,Headphones,Electronics,2,1671,3342,Online Gateway,City Center,Returning
2024-12-16 00:00:00,INV10855,Shoes,Fashion,3,2689,8067,Online Gateway,Riverside,New
2024-02-09 15:00:00,INV10856,Headphones,Electronics,4,1539,6156,UPI,Riverside,Returning
2024-07-15 18:00:00,INV10857,T-shirt,Fashion,2,639,1278,Cash,City Center,New
2024-06-16 00:00:00,INV10858,Shoes,Fashion,2,2578,5156,UPI,Riverside,New
2024-10-04 07:00:00,INV10859,Microwave,Home Appliances,4,7046,28184,Card,City Center,Returning
2024-09-14 22:00:00,INV10860,Mixer Grinder,Home Appliances,3,3575,10725,Card,City Center,Returning
2024-02-02 03:00:00,INV10861,Pen Set,Books,3,240,720,UPI,Riverside,New
2024-06-16 22:00:00,INV10862,Headphones,Electronics,3,1405,4215,Cash,City Center,New
2024-11-23 11:00:00,INV10863,Headphones,Electronics,3,1487,4461,Card,City Center,New
2024-01-22 17:00:00,INV10864,Laptop,Electronics,4,60078,240312,Cash,Riverside,New
2024-05-19 19:00:00,INV10865,Headphones,Electronics,3,1539,4617,Cash,Riverside,Returning
2024-02-28 08:00:00,INV10866,Laptop,Electronics,4,60055,240220,Card,Riverside,Returning
2024-06-04 03:00:00,INV10867,Pen Set,Books,3,3,9,Online Gateway,Riverside,Returning
2024-10-01 03:00:00,INV10868,Smartphone,Electronics,1,19918,19918,Cash,Riverside,Returning
2024-05-15 07:00:00,INV10869,Mixer Grinder,Home Appliances,4,3407,13628,Cash,City Center,New
2024-03-18 10:00:00,INV10870,T-shirt,Fashion,2,798,1596,UPI,Riverside,Returning
2024-07-18 05:00:00,INV10871,Shoes,Fashion,5,2443,12215,Online Gateway,Riverside,Returning
2024-06-18 08:00:00,INV10872,Mixer Grinder,Home Appliances,2,3662,7324,Cash,City Center,New
2024-04-09 22:00:00,INV10873,Shoes,Fashion,3,2584,7752,UPI,Riverside,New
2024-01-06 22:00:00,INV10874,Washing Machine,Home Appliances,2,15148,30296,Card,Riverside,Returning
2024-07-29 22:00:00,INV10875,Laptop,Electronics,2,60051,120102,Cash,City Center,Returning
2024-05-24 13:00:00,INV10876,T-shirt,Fashion,2,656,1312,Cash,City Center,New
2024-06-02 23:00:00,INV10877,Mixer Grinder,Home Appliances,4,3383,13532,Cash,Riverside,New
2024-01-30 21:00:00,INV10878,Washing Machine,Home Appliances,4,15177,60708,UPI,Riverside,New
2024-01-27 18:00:00,INV10879,Washing Machine,Home Appliances,5,14960,74800,Cash,City Center,Returning
2024-04-16 04:00:00,INV10880,Notebook,Books,3,12,36,Card,Riverside,Returning
2024-12-22 17:00:00,INV10881,Headphones,Electronics,2,1597,3194,UPI,City Center,New
2024-06-01 02:00:00,INV10882,Smartphone,Electronics,1,19861,19861,Online Gateway,City Center,New
2024-11-10 13:00:00,INV10883,Laptop,Electronics,1,60075,60075,Card,City Center,New
2024-02-09 13:00:00,INV10884,Laptop,Electronics,3,59920,179760,Card,City Center,New
2024-08-14 20:00:00,INV10885,Mixer Grinder,Home Appliances,5,3420,17100,UPI,Riverside,New
2024-01-22 17:00:00,INV10886,Mixer Grinder,Home Appliances,5,3570,17850,Cash,Riverside,Returning
2024-10-03 08:00:00,INV10887,Washing Machine,Home Appliances,1,15028,15028,Cash,City Center,New
2024-09-09 00:00:00,INV10888,T-shirt,Fashion,4,874,3496,Card,Riverside,Returning
2024-01-15 18:00:00,INV10889,Jeans,Fashion,5,1914,9570,Cash,City Center,Returning
2024-03-02 18:00:00,INV10890,Shoes,Fashion,5,2322,11610,Online Gateway,Riverside,Returning
2024-10-18 10:00:00,INV10891,Laptop,Electronics,4,60063,240252,UPI,Riverside,Returning
2024-04-02 07:00:00,INV10892,Laptop,Electronics,2,60038,120076,Card,City Center,Returning
2024-07-15 12:00:00,INV10893,Laptop,Electronics,2,59978,119956,Cash,City Center,Returning
2024-12-25 03:00:00,INV10894,Jeans,Fashion,1,1801,1801,Card,City Center,Returning
2024-08-30 13:00:00,INV10895,Laptop,Electronics,3,59879,179637,UPI,City Center,Returning
2024-04-15 17:00:00,INV10896,Novel,Books,3,698,2094,UPI,Riverside,Returning
2024-09-21 03:00:00,INV10897,Washing Machine,Home Appliances,5,15012,75060,Online Gateway,Riverside,Returning
2024-12-30 00:00:00,INV10898,Notebook,Books,3,110,330,Cash,Riverside,New
2024-07-23 23:00:00,INV10899,Pen Set,Books,5,6,30,Cash,City Center,New
2024-10-21 19:00:00,INV10900,Laptop,Electronics,1,59908,59908,Online Gateway,Riverside,New
2024-06-05 21:00:00,INV10901,Microwave,Home Appliances,5,6938,34690,Online Gateway,City Center,New
2024-10-22 02:00:00,INV10902,Microwave,Home Appliances,2,7059,14118,Card,City Center,New
2024-04-27 19:00:00,INV10903,Headphones,Electronics,3,1670,5010,Card,City Center,Returning
2024-03-26 18:00:00,INV10904,Washing Machine,Home Appliances,2,15128,30256,Card,City Center,New
2024-11-18 21:00:00,INV10905,T-shirt,Fashion,3,622,1866,Cash,Riverside,Returning
2024-01-31 10:00:00,INV10906,Smartphone,Electronics,4,20052,80208,Online Gateway,Riverside,Returning
2024-03-17 08:00:00,INV10907,Mixer Grinder,Home Appliances,4,3523,14092,Cash,City Center,New
2024-12-24 08:00:00,INV10908,Laptop,Electronics,1,59979,59979,Cash,City Center,Returning
2024-09-28 01:00:00,INV10909,Headphones,Electronics,3,1555,4665,Card,City Center,New
2024-10-25 18:00:00,INV10910,T-shirt,Fashion,5,940,4700,Cash,Riverside,New
2024-06-23 03:00:00,INV10911,Headphones,Electronics,4,1601,6404,Online Gateway,City Center,New
2024-09-19 11:00:00,INV10912,Jeans,Fashion,3,1924,5772,UPI,City Center,New
2024-11-22 06:00:00,INV10913,Mixer Grinder,Home Appliances,4,3489,13956,Online Gateway,Riverside,Returning
2024-07-19 02:00:00,INV10914,Jeans,Fashion,1,1953,1953,Card,City Center,New
2024-09-09 09:00:00,INV10915,Pen Set,Books,5,-81,-405,Card,Riverside,New
2024-10-02 15:00:00,INV10916,Notebook,Books,5,43,215,UPI,Riverside,Returning
2024-10-08 18:00:00,INV10917,Mixer Grinder,Home Appliances,3,3308,9924,Cash,City Center,New
2024-08-18 23:00:00,INV10918,Shoes,Fashion,5,2487,12435,UPI,City Center,Returning
2024-12-12 21:00:00,INV10919,Headphones,Electronics,5,1415,7075,Card,Riverside,Returning
2024-07-22 11:00:00,INV10920,Jeans,Fashion,4,1623,6492,Cash,Riverside,Returning
2024-10-20 18:00:00,INV10921,Shoes,Fashion,2,2549,5098,Cash,City Center,New
2024-07-25 15:00:00,INV10922,Washing Machine,Home Appliances,3,14898,44694,Online Gateway,City Center,Returning
2024-01-28 18:00:00,INV10923,T-shirt,Fashion,5,849,4245,Cash,City Center,Returning
2024-01-12 12:00:00,INV10924,Novel,Books,2,340,680,Cash,City Center,Returning
2024-02-06 17:00:00,INV10925,Headphones,Electronics,4,1539,6156,UPI,Riverside,New
2024-03-26 20:00:00,INV10926,Washing Machine,Home Appliances,1,14953,14953,Cash,Riverside,Returning
2024-03-27 18:00:00,INV10927,Laptop,Electronics,5,59984,299920,Online Gateway,Riverside,New
2024-10-06 06:00:00,INV10928,Smartphone,Electronics,5,19895,99475,Card,City Center,New
2024-01-07 14:00:00,INV10929,Microwave,Home Appliances,3,7057,21171,Online Gateway,Riverside,New
2024-08-05 21:00:00,INV10930,Jeans,Fashion,5,1721,8605,Cash,Riverside,Returning
2024-11-27 12:00:00,INV10931,Shoes,Fashion,2,2653,5306,Online Gateway,City Center,New
2024-11-09 02:00:00,INV10932,T-shirt,Fashion,5,668,3340,Online Gateway,City Center,Returning
2024-11-21 03:00:00,INV10933,Smartphone,Electronics,4,19963,79852,Online Gateway,Riverside,New
2024-04-15 06:00:00,INV10934,T-shirt,Fashion,3,937,2811,UPI,Riverside,Returning
2024-12-11 22:00:00,INV10935,Notebook,Books,2,-12,-24,Cash,Riverside,New
2024-11-21 03:00:00,INV10936,Jeans,Fashion,3,1870,5610,Card,City Center,New
2024-09-30 22:00:00,INV10937,Shoes,Fashion,3,2573,7719,Cash,Riverside,Returning
2024-12-29 21:00:00,INV10938,Washing Machine,Home Appliances,2,14930,29860,UPI,City Center,New
2024-02-17 10:00:00,INV10939,Mixer Grinder,Home Appliances,5,3478,17390,Card,Riverside,New
2024-10-29 09:00:00,INV10940,Smartphone,Electronics,5,20186,100930,Card,Riverside,New
2024-05-16 19:00:00,INV10941,Microwave,Home Appliances,4,7059,28236,Card,Riverside,New
2024-11-19 10:00:00,INV10942,Microwave,Home Appliances,5,7151,35755,Card,City Center,New
2024-11-25 00:00:00,INV10943,Mixer Grinder,Home Appliances,1,3497,3497,Online Gateway,City Center,Returning
2024-04-10 19:00:00,INV10944,Microwave,Home Appliances,1,6861,6861,Cash,City Center,Returning
2024-03-14 04:00:00,INV10945,Laptop,Electronics,2,59827,119654,Online Gateway,City Center,Returning
2024-04-06 02:00:00,INV10946,Smartphone,Electronics,4,19959,79836,UPI,Riverside,Returning
2024-11-13 22:00:00,INV10947,Smartphone,Electronics,4,20120,80480,Cash,Riverside,New
2024-09-17 23:00:00,INV10948,Laptop,Electronics,1,59814,59814,Cash,City Center,New
2024-07-27 16:00:00,INV10949,Shoes,Fashion,1,2651,2651,Card,City Center,Returning
2024-08-06 15:00:00,INV10950,Mixer Grinder,Home Appliances,5,3309,16545,UPI,City Center,New
2024-04-17 02:00:00,INV10951,Smartphone,Electronics,2,20194,40388,Card,City Center,Returning
2024-08-29 23:00:00,INV10952,Notebook,Books,5,271,1355,Cash,City Center,Returning
2024-11-21 12:00:00,INV10953,Microwave,Home Appliances,2,6936,13872,UPI,City Center,Returning
2024-01-14 12:00:00,INV10954,Pen Set,Books,4,-3,-12,UPI,Riverside,New
2024-11-07 23:00:00,INV10955,Mixer Grinder,Home Appliances,3,3518,10554,Cash,Riverside,New
2024-08-23 05:00:00,INV10956,Shoes,Fashion,4,2468,9872,Online Gateway,Riverside,Returning
2024-03-22 01:00:00,INV10957,Laptop,Electronics,5,59853,299265,UPI,Riverside,New
2024-07-05 22:00:00,INV10958,Novel,Books,2,657,1314,Cash,City Center,New
2024-04-11 06:00:00,INV10959,Mixer Grinder,Home Appliances,2,3681,7362,Online Gateway,Riverside,Returning
2024-05-26 06:00:00,INV10960,Smartphone,Electronics,5,20040,100200,Online Gateway,City Center,New
2024-02-05 05:00:00,INV10961,Washing Machine,Home Appliances,4,15010,60040,Cash,Riverside,New
2024-01-24 15:00:00,INV10962,Pen Set,Books,4,81,324,Cash,Riverside,Returning
2024-03-31 19:00:00,INV10963,Jeans,Fashion,4,1751,7004,Online Gateway,Riverside,Returning
2024-03-25 03:00:00,INV10964,Microwave,Home Appliances,3,7107,21321,Online Gateway,Riverside,Returning
2024-05-18 07:00:00,INV10965,Microwave,Home Appliances,2,7154,14308,Cash,City Center,Returning
2024-04-06 16:00:00,INV10966,Jeans,Fashion,1,1974,1974,Online Gateway,City Center,New
2024-03-09 14:00:00,INV10967,Notebook,Books,2,299,598,Online Gateway,City Center,New
2024-06-11 21:00:00,INV10968,Novel,Books,2,442,884,Online Gateway,Riverside,New
2024-11-29 23:00:00,INV10969,Notebook,Books,2,122,244,Online Gateway,Riverside,Returning
2024-05-22 12:00:00,INV10970,Microwave,Home Appliances,1,7028,7028,Card,Riverside,Returning
2024-01-15 20:00:00,INV10971,Washing Machine,Home Appliances,1,15180,15180,UPI,City Center,New
2024-11-07 21:00:00,INV10972,Microwave,Home Appliances,2,6869,13738,Cash,City Center,New
2024-05-08 09:00:00,INV10973,Laptop,Electronics,3,60063,180189,Online Gateway,City Center,New
2024-04-05 00:00:00,INV10974,Headphones,Electronics,2,1601,3202,UPI,Riverside,Returning
2024-06-21 03:00:00,INV10975,Washing Machine,Home Appliances,5,15187,75935,Card,City Center,New
2024-08-01 11:00:00,INV10976,Microwave,Home Appliances,1,7024,7024,Cash,City Center,Returning
2024-11-05 06:00:00,INV10977,Headphones,Electronics,2,1650,3300,Cash,Riverside,Returning
2024-04-26 03:00:00,INV10978,Shoes,Fashion,3,2450,7350,Cash,Riverside,Returning
2024-06-24 09:00:00,INV10979,Microwave,Home Appliances,1,7126,7126,UPI,Riverside,Returning
2024-09-29 12:00:00,INV10980,Smartphone,Electronics,1,20160,20160,Online Gateway,City Center,Returning
2024-01-20 09:00:00,INV10981,Novel,Books,5,623,3115,UPI,Riverside,New
2024-03-02 23:00:00,INV10982,T-shirt,Fashion,2,816,1632,UPI,City Center,Returning
2024-07-24 22:00:00,INV10983,Smartphone,Electronics,4,19872,79488,Online Gateway,Riverside,New
2024-07-10 13:00:00,INV10984,T-shirt,Fashion,1,858,858,Online Gateway,City Center,Returning
2024-07-08 00:00:00,INV10985,Laptop,Electronics,1,60165,60165,Card,City Center,New
2024-01-14 13:00:00,INV10986,Jeans,Fashion,4,1817,7268,Online Gateway,City Center,New
2024-06-22 10:00:00,INV10987,Notebook,Books,5,-61,-305,Online Gateway,City Center,Returning
2024-01-13 15:00:00,INV10988,Smartphone,Electronics,1,19937,19937,UPI,City Center,New
2024-07-30 03:00:00,INV10989,Microwave,Home Appliances,1,7064,7064,Cash,City Center,New
2024-07-28 08:00:00,INV10990,Smartphone,Electronics,2,19853,39706,Online Gateway,City Center,Returning
2024-11-17 11:00:00,INV10991,Laptop,Electronics,2,59959,119918,Online Gateway,City Center,New
2024-12-13 12:00:00,INV10992,Microwave,Home Appliances,2,6951,13902,Cash,Riverside,Returning
2024-04-19 15:00:00,INV10993,Smartphone,Electronics,3,20008,60024,UPI,Riverside,Returning
2024-09-23 07:00:00,INV10994,Jeans,Fashion,1,1693,1693,Card,City Center,Returning
2024-12-11 07:00:00,INV10995,Jeans,Fashion,5,1638,8190,Online Gateway,Riverside,New
2024-04-08 17:00:00,INV10996,Jeans,Fashion,4,1807,7228,Card,City Center,New
2024-01-23 00:00:00,INV10997,Washing Machine,Home Appliances,2,14919,29838,Online Gateway,Riverside,Returning
2024-07-13 19:00:00,INV10998,Jeans,Fashion,1,1627,1627,Online Gateway,Riverside,Returning
2024-03-10 07:00:00,INV10999,Shoes,Fashion,3,2391,7173,UPI,City Center,New
